<?xml version="1.0" encoding="UTF-8" standalone="yes" ?><cp:coreProperties xmlns:cp="http://schemas.openxmlformats.org/package/2006/metadata/core-properties" xmlns:dc="http://purl.org/dc/elements/1.1/" xmlns:dcmitype="http://purl.org/dc/dcmitype/" xmlns:dcterms="http://purl.org/dc/terms/" xmlns:xsi="http://www.w3.org/2001/XMLSchema-instance"><cp:category>model</cp:category><dcterms:created xsi:type="dcterms:W3CDTF">2014-02-04T15:34:43Z</dcterms:created><dc:creator>Francois Defay</dc:creator><dc:description>SiMoDronesBE is an simulation environnement for ISAE drones dedicaded at the parrot + px4 bord drone.
</dc:description><cp:lastModifiedBy>c.de-paor</cp:lastModifiedBy><dcterms:modified xsi:type="dcterms:W3CDTF">2022-04-14T10:23:44Z</dcterms:modified><cp:revision>6.10</cp:revision><cp:version>R2021a</cp:version></cp:coreProperties>