<?xml version="1.0" encoding="utf-8"?>
<chart id="50">
  <P Name="name">BEBOP/Bebop Control/Inner Loop (Parrot)/Bebop onboard control/Chart</P>
  <P Name="windowPosition">[-8 -8 1936 1056]</P>
  <P Name="viewLimits">[-204.698 1058.677 10.754 569.334]</P>
  <P Name="zoomFactor">1.123</P>
  <P Name="screen">[1 1 3200 1200 1.25]</P>
  <P Name="viewObj">50</P>
  <P Name="ssIdHighWaterMark">23</P>
  <P Name="decomposition">CLUSTER_CHART</P>
  <P Name="chartFileNumber">9</P>
  <P Name="allowGlobalAccessToExportedFunctions">0</P>
  <P Name="saturateOnIntegerOverflow">1</P>
  <P Name="userSpecifiedStateTransitionExecutionOrder">1</P>
  <P Name="disableImplicitCasting">1</P>
  <P Name="actionLanguage">2</P>
  <Children>
    <state SSID="22">
      <P Name="labelString">InitMotors</P>
      <P Name="position">[184.2028 161.3729 90 60]</P>
      <P Name="fontSize">12</P>
      <P Name="subviewer">50</P>
      <P Name="type">OR_STATE</P>
      <P Name="decomposition">CLUSTER_STATE</P>
      <eml/>
    </state>
    <state SSID="6">
      <P Name="labelString">TakingOff
bebop_state=1;</P>
      <P Name="position">[349.6979 161.3729 90 60]</P>
      <P Name="fontSize">12</P>
      <P Name="subviewer">50</P>
      <P Name="type">OR_STATE</P>
      <P Name="decomposition">CLUSTER_STATE</P>
      <eml/>
    </state>
    <state SSID="4">
      <P Name="labelString">Landed
bebop_state=0;</P>
      <P Name="position">[78.0042 246.24 90 60]</P>
      <P Name="fontSize">12</P>
      <P Name="subviewer">50</P>
      <P Name="type">OR_STATE</P>
      <P Name="decomposition">CLUSTER_STATE</P>
      <eml/>
    </state>
    <state SSID="9">
      <P Name="labelString">Hovering
bebop_state=2;</P>
      <P Name="position">[516.3974 249.76 87.44 52.96]</P>
      <P Name="fontSize">12</P>
      <P Name="subviewer">50</P>
      <P Name="type">OR_STATE</P>
      <P Name="decomposition">CLUSTER_STATE</P>
      <eml/>
    </state>
    <state SSID="15">
      <P Name="labelString">Flying
bebop_state=3;</P>
      <P Name="position">[798.64 249.76 87.44 52.96]</P>
      <P Name="fontSize">12</P>
      <P Name="subviewer">50</P>
      <P Name="type">OR_STATE</P>
      <P Name="decomposition">CLUSTER_STATE</P>
      <eml/>
    </state>
    <state SSID="13">
      <P Name="labelString">Landing
bebop_state=4;</P>
      <P Name="position">[349.6979 350.3134 90 60]</P>
      <P Name="fontSize">12</P>
      <P Name="subviewer">50</P>
      <P Name="type">OR_STATE</P>
      <P Name="decomposition">CLUSTER_STATE</P>
      <eml/>
    </state>
    <data SSID="1" name="bebop_sensors">
      <P Name="scope">INPUT_DATA</P>
      <props>
        <array>
          <P Name="size">-1</P>
        </array>
        <type>
          <P Name="method">SF_SIMULINK_OBJECT_TYPE</P>
          <P Name="primitive">SF_DOUBLE_TYPE</P>
          <P Name="busObject">BUS_bebop_sensors</P>
          <P Name="isSigned">1</P>
          <P Name="wordLength">16</P>
        </type>
        <P Name="complexity">SF_COMPLEX_INHERITED</P>
        <P Name="frame">SF_FRAME_INHERITED</P>
        <unit>
          <P Name="name">inherit</P>
        </unit>
      </props>
      <P Name="dataType">Bus: BUS_bebop_sensors</P>
    </data>
    <data SSID="16" name="bebop_tgt">
      <P Name="scope">INPUT_DATA</P>
      <props>
        <array>
          <P Name="size">-1</P>
        </array>
        <type>
          <P Name="method">SF_INHERITED_TYPE</P>
          <P Name="primitive">SF_DOUBLE_TYPE</P>
          <P Name="isSigned">1</P>
          <P Name="wordLength">16</P>
        </type>
        <P Name="complexity">SF_COMPLEX_INHERITED</P>
        <P Name="frame">SF_FRAME_INHERITED</P>
        <unit>
          <P Name="name">inherit</P>
        </unit>
      </props>
      <P Name="dataType">Inherit: Same as Simulink</P>
    </data>
    <data SSID="2" name="bebop_ctrl">
      <P Name="scope">INPUT_DATA</P>
      <props>
        <array>
          <P Name="size">-1</P>
        </array>
        <type>
          <P Name="method">SF_INHERITED_TYPE</P>
          <P Name="primitive">SF_DOUBLE_TYPE</P>
          <P Name="isSigned">1</P>
          <P Name="wordLength">16</P>
        </type>
        <P Name="complexity">SF_COMPLEX_INHERITED</P>
        <P Name="frame">SF_FRAME_INHERITED</P>
        <unit>
          <P Name="name">inherit</P>
        </unit>
      </props>
      <P Name="dataType">Inherit: Same as Simulink</P>
    </data>
    <data SSID="3" name="bebop_state">
      <P Name="scope">OUTPUT_DATA</P>
      <props>
        <array>
          <P Name="size">-1</P>
        </array>
        <type>
          <P Name="method">SF_INHERITED_TYPE</P>
          <P Name="primitive">SF_DOUBLE_TYPE</P>
          <P Name="isSigned">1</P>
          <P Name="wordLength">16</P>
        </type>
        <P Name="complexity">SF_COMPLEX_INHERITED</P>
        <P Name="frame">SF_FRAME_NO</P>
        <unit>
          <P Name="name">inherit</P>
        </unit>
      </props>
      <P Name="dataType">Inherit: Same as Simulink</P>
    </data>
    <transition SSID="19">
      <P Name="labelString">[(bebop_tgt.Vz~=0)]</P>
      <P Name="labelPosition">[575.227 20.861 107.984 16]</P>
      <P Name="fontSize">12</P>
      <src>
        <P Name="SSID">13</P>
        <P Name="intersection">[1 0 -1 0.7058 413.2179 350.3134 0 0]</P>
      </src>
      <dst>
        <P Name="SSID">15</P>
        <P Name="intersection">[1 0 -1 0.877 875.3272 249.76 0 0]</P>
      </dst>
      <P Name="midPoint">[612.1272 60.1487]</P>
      <P Name="dataLimits">[413.218 877.727 57.759 350.313]</P>
      <P Name="subviewer">50</P>
      <P Name="drawStyle">SMART</P>
      <slide>
        <P Name="mode">MIRROR_SLIDE</P>
        <P Name="sticky">BOTH_STICK</P>
      </slide>
      <P Name="executionOrder">2</P>
    </transition>
    <transition SSID="17">
      <P Name="labelString">[(bebop_tgt.roll~=0)||...
(bebop_tgt.pitch~=0)||...
(bebop_tgt.yaw_rate~=0)||...
(bebop_tgt.Vz~=0)]</P>
      <P Name="labelPosition">[632.047 104.361 152.188 58]</P>
      <P Name="fontSize">12</P>
      <src>
        <P Name="SSID">9</P>
        <P Name="intersection">[1 0 -1 0.7268 579.9502 249.76 0 0]</P>
      </src>
      <dst>
        <P Name="SSID">15</P>
        <P Name="intersection">[1 0 -1 0.2732 822.5272 249.76 0 0]</P>
      </dst>
      <P Name="midPoint">[701.2387 185.0828]</P>
      <P Name="dataLimits">[579.95 824.927 184.937 249.76]</P>
      <P Name="subviewer">50</P>
      <P Name="drawStyle">SMART</P>
      <slide>
        <P Name="mode">MIRROR_SLIDE</P>
        <P Name="sticky">BOTH_STICK</P>
      </slide>
      <P Name="executionOrder">2</P>
    </transition>
    <transition SSID="8">
      <P Name="labelString">[(bebop_ctrl.takeoff==1)]</P>
      <P Name="labelPosition">[20.894 168.784 132.422 16]</P>
      <P Name="fontSize">12</P>
      <src>
        <P Name="SSID">4</P>
        <P Name="intersection">[1 0 -1 0.6667 138.0042 246.24 0 0]</P>
      </src>
      <dst>
        <P Name="SSID">22</P>
        <P Name="intersection">[4 -1 0 0.5421 184.2028 188.8461 0 0]</P>
      </dst>
      <P Name="midPoint">[148.4856 208.9251]</P>
      <P Name="dataLimits">[138.004 184.203 186.446 246.24]</P>
      <P Name="subviewer">50</P>
      <P Name="drawStyle">SMART</P>
      <slide>
        <P Name="mode">MIRROR_SLIDE</P>
        <P Name="sticky">BOTH_STICK</P>
      </slide>
      <P Name="executionOrder">1</P>
    </transition>
    <transition SSID="10">
      <P Name="labelString">[bebop_sensors.altitude&gt;1.5]</P>
      <P Name="labelPosition">[489.117 165.102 156.344 16]</P>
      <P Name="fontSize">12</P>
      <src>
        <P Name="SSID">6</P>
        <P Name="intersection">[2 1 0 0.4404 439.6979 187.7958 0 0]</P>
      </src>
      <dst>
        <P Name="SSID">9</P>
        <P Name="intersection">[1 0 -1 0.5 560.1174 249.76 0 0]</P>
      </dst>
      <P Name="midPoint">[516.4024 198.2831]</P>
      <P Name="dataLimits">[439.698 562.517 187.796 249.76]</P>
      <P Name="subviewer">50</P>
      <P Name="drawStyle">SMART</P>
      <slide>
        <P Name="mode">MIRROR_SLIDE</P>
        <P Name="sticky">BOTH_STICK</P>
      </slide>
      <P Name="executionOrder">1</P>
    </transition>
    <transition SSID="23">
      <P Name="labelString">after(0.5,&apos;sec&apos;)</P>
      <P Name="labelPosition">[275.41 163.418 77.188 16]</P>
      <P Name="fontSize">12</P>
      <src>
        <P Name="SSID">22</P>
        <P Name="intersection">[2 1 0 0.5078 274.2028 191.841 0 0]</P>
      </src>
      <dst>
        <P Name="SSID">6</P>
        <P Name="intersection">[4 -1 -0 0.4922 349.6979 191.841 0 0]</P>
      </dst>
      <P Name="midPoint">[307.9503 191.841]</P>
      <P Name="dataLimits">[274.203 349.698 189.441 194.241]</P>
      <P Name="subviewer">50</P>
      <P Name="drawStyle">SMART</P>
      <slide>
        <P Name="sticky">BOTH_STICK</P>
      </slide>
      <P Name="executionOrder">1</P>
    </transition>
    <transition SSID="5">
      <P Name="labelString"/>
      <P Name="labelPosition">[98.554 231.24 0 0]</P>
      <P Name="fontSize">12</P>
      <src>
        <P Name="intersection">[0 0 1 0 98.5542 216.24 0 0]</P>
      </src>
      <dst>
        <P Name="SSID">4</P>
        <P Name="intersection">[1 0 -1 0.2283 98.5542 246.24 0 0]</P>
      </dst>
      <P Name="midPoint">[98.5542 231.24]</P>
      <P Name="dataLimits">[96.154 100.954 216.24 246.24]</P>
      <P Name="subviewer">50</P>
      <P Name="drawStyle">SMART</P>
      <slide>
        <P Name="sticky">BOTH_STICK</P>
      </slide>
      <P Name="executionOrder">1</P>
    </transition>
    <transition SSID="20">
      <P Name="labelString">[(bebop_ctrl.land==1)&amp;&amp;...
(bebop_ctrl.takeoff==0)]</P>
      <P Name="labelPosition">[817.327 466.938 141.953 30]</P>
      <P Name="fontSize">12</P>
      <src>
        <P Name="SSID">15</P>
        <P Name="intersection">[2 1 0 0.867 886.08 295.6763 0 0]</P>
      </src>
      <dst>
        <P Name="SSID">13</P>
        <P Name="intersection">[3 0 1 0.653 380.9272 410.3134 0 0]</P>
      </dst>
      <P Name="midPoint">[662.1519 538.8271]</P>
      <P Name="dataLimits">[378.527 910.5 295.676 554.496]</P>
      <P Name="subviewer">50</P>
      <P Name="drawStyle">SMART</P>
      <slide>
        <P Name="mode">MIRROR_SLIDE</P>
        <P Name="sticky">BOTH_STICK</P>
      </slide>
      <P Name="executionOrder">2</P>
    </transition>
    <transition SSID="12">
      <P Name="labelString">[(bebop_ctrl.land==1)&amp;&amp;...
(bebop_ctrl.takeoff==0)]</P>
      <P Name="labelPosition">[462.064 390.388 141.953 30]</P>
      <P Name="fontSize">12</P>
      <src>
        <P Name="SSID">9</P>
        <P Name="intersection">[3 0 1 0.4762 562.1975 302.72 0 0]</P>
      </src>
      <dst>
        <P Name="SSID">13</P>
        <P Name="intersection">[2 1 0 0.4594 439.6979 377.879 0 0]</P>
      </dst>
      <P Name="midPoint">[522.0681 357.4199]</P>
      <P Name="dataLimits">[439.698 562.197 302.72 380.279]</P>
      <P Name="subviewer">50</P>
      <P Name="drawStyle">SMART</P>
      <slide>
        <P Name="mode">MIRROR_SLIDE</P>
        <P Name="sticky">BOTH_STICK</P>
      </slide>
      <P Name="executionOrder">1</P>
    </transition>
    <transition SSID="18">
      <P Name="labelString">[(bebop_tgt.roll==0)&amp;&amp;...
(bebop_tgt.pitch==0)&amp;&amp;...
(bebop_tgt.yaw_rate==0)&amp;&amp;...
(bebop_tgt.Vz==0)]</P>
      <P Name="labelPosition">[645.416 389.939 161.969 58]</P>
      <P Name="fontSize">12</P>
      <src>
        <P Name="SSID">15</P>
        <P Name="intersection">[3 0 1 0.6287 831.1082 302.72 0 0]</P>
      </src>
      <dst>
        <P Name="SSID">9</P>
        <P Name="intersection">[3 0 1 0.3713 571.3692 302.72 0 0]</P>
      </dst>
      <P Name="midPoint">[701.2387 371.6855]</P>
      <P Name="dataLimits">[568.969 831.108 302.72 371.823]</P>
      <P Name="subviewer">50</P>
      <P Name="drawStyle">SMART</P>
      <slide>
        <P Name="mode">MIRROR_SLIDE</P>
        <P Name="sticky">BOTH_STICK</P>
      </slide>
      <P Name="executionOrder">1</P>
    </transition>
    <transition SSID="14">
      <P Name="labelString">[bebop_sensors.altitude&lt;0.2]</P>
      <P Name="labelPosition">[45.753 406.221 156.344 16]</P>
      <P Name="fontSize">12</P>
      <src>
        <P Name="SSID">13</P>
        <P Name="intersection">[4 -1 0 0.39 349.6979 386.9134 0 0]</P>
      </src>
      <dst>
        <P Name="SSID">4</P>
        <P Name="intersection">[3 0 1 0.4067 131.4043 306.24 0 0]</P>
      </dst>
      <P Name="midPoint">[211.792 379.3358]</P>
      <P Name="dataLimits">[129.004 349.698 306.24 388.624]</P>
      <P Name="subviewer">50</P>
      <P Name="drawStyle">SMART</P>
      <slide>
        <P Name="mode">MIRROR_SLIDE</P>
        <P Name="sticky">BOTH_STICK</P>
      </slide>
      <P Name="executionOrder">1</P>
    </transition>
  </Children>
</chart>
