<?xml version="1.0" encoding="utf-8"?>
<chart id="89">
  <P Name="name">OPTITRACK/ROS link + Measure/UDP link/optitrack_pos_vel_uav/Computes velocities/computes_vel</P>
  <P Name="windowPosition">[422 539.941 189 413]</P>
  <P Name="viewLimits">[0 156.75 0 153.75]</P>
  <P Name="screen">[1 1 3600 1200 1.180555555555556]</P>
  <P Name="viewObj">89</P>
  <P Name="ssIdHighWaterMark">6</P>
  <P Name="decomposition">CLUSTER_CHART</P>
  <P Name="type">EML_CHART</P>
  <P Name="chartFileNumber">13</P>
  <P Name="disableImplicitCasting">1</P>
  <eml>
    <P Name="name">compute_vel</P>
  </eml>
  <Children>
    <state SSID="1">
      <P Name="labelString">eML_blk_kernel()</P>
      <P Name="position">[18 64.5 118 66]</P>
      <P Name="fontSize">12</P>
      <P Name="superState">SUBCHART</P>
      <P Name="subviewer">89</P>
      <P Name="type">FUNC_STATE</P>
      <P Name="decomposition">CLUSTER_STATE</P>
      <eml>
        <P Name="isEML">1</P>
        <P Name="script">function vel_OT = compute_vel(pos_OT)
%#codegen

persistent pos_OT_old t_old vel_OT_old

if isempty(pos_OT_old)
    pos_OT_old = pos_OT.Pose.Position;
    t_old = double(pos_OT.Header.Stamp.Nsec)*1e-9;
    vel_OT = [0;0;0];
    vel_OT_old = vel_OT;
else
    pos = pos_OT.Pose.Position;
    t = double(pos_OT.Header.Stamp.Nsec)*1e-9;
    if (t &gt; t_old)
        dt = t - t_old;
        vel_OT =  [pos.X - pos_OT_old.X;...
            pos.Y - pos_OT_old.Y; ...
            pos.Z - pos_OT_old.Z]/dt;
    else
        vel_OT = vel_OT_old;
    end
    
    pos_OT_old = pos_OT.Pose.Position;
    t_old = t;
end

vel_OT_old = vel_OT;



</P>
        <P Name="editorLayout" Class="double">Matrix(4,1)
[10.0, 5.0, 700.0, 500.0]</P>
      </eml>
    </state>
    <data SSID="4" name="pos_OT">
      <P Name="scope">INPUT_DATA</P>
      <props>
        <array>
          <P Name="size">-1</P>
        </array>
        <type>
          <P Name="method">SF_INHERITED_TYPE</P>
          <P Name="primitive">SF_DOUBLE_TYPE</P>
          <P Name="expression">--- Refresh data types ---</P>
          <P Name="busObject">SL_Bus_SiMoDronesBE_electif_corr_PoseStamped_ml24au</P>
        </type>
        <P Name="complexity">SF_COMPLEX_INHERITED</P>
        <unit>
          <P Name="name">inherit</P>
        </unit>
      </props>
      <P Name="dataType">Inherit: Same as Simulink</P>
    </data>
    <data SSID="5" name="vel_OT">
      <P Name="scope">OUTPUT_DATA</P>
      <props>
        <array>
          <P Name="size">-1</P>
        </array>
        <type>
          <P Name="method">SF_INHERITED_TYPE</P>
          <P Name="primitive">SF_DOUBLE_TYPE</P>
        </type>
        <P Name="complexity">SF_COMPLEX_INHERITED</P>
        <P Name="frame">SF_FRAME_NO</P>
        <unit>
          <P Name="name">inherit</P>
        </unit>
      </props>
      <P Name="dataType">Inherit: Same as Simulink</P>
    </data>
    <transition SSID="2">
      <P Name="labelString">{eML_blk_kernel();}</P>
      <P Name="labelPosition">[28.125 13.875 102.544 14.964]</P>
      <P Name="fontSize">12</P>
      <src>
        <P Name="intersection">[0 0 1 0 23.5747 14.625 0 0]</P>
      </src>
      <dst>
        <P Name="SSID">3</P>
        <P Name="intersection">[1 0 -1 0 23.5747 42.5747 0 0]</P>
      </dst>
      <P Name="midPoint">[23.5747 24.9468]</P>
      <P Name="dataLimits">[21.175 25.975 14.625 42.575]</P>
      <P Name="subviewer">89</P>
      <P Name="drawStyle">SMART</P>
      <slide>
        <P Name="sticky">BOTH_STICK</P>
      </slide>
      <P Name="executionOrder">1</P>
    </transition>
    <junction SSID="3">
      <P Name="position">[23.5747 49.5747 7]</P>
      <P Name="subviewer">89</P>
      <P Name="type">CONNECTIVE_JUNCTION</P>
    </junction>
  </Children>
</chart>
