<?xml version="1.0" encoding="utf-8"?>
<Stateflow>
  <machine id="24">
    <P Name="sfVersion">80000041</P>
    <Children>
      <target id="103" name="sfun">
        <P Name="description">Default Simulink S-Function Target.</P>
      </target>
      <target id="104" name="rtw"/>
      <chart Ref="chart_25"/>
      <chart Ref="chart_34"/>
      <chart Ref="chart_43"/>
      <chart Ref="chart_50"/>
      <chart Ref="chart_72"/>
      <chart Ref="chart_79"/>
      <chart Ref="chart_89"/>
      <chart Ref="chart_96"/>
    </Children>
  </machine>
  <instance id="33">
    <P Name="machine">24</P>
    <P Name="name">BEBOP/Bebop Control/Inner Loop (Parrot)/Bebop onboard control/Vz control/Normalized thrust calculation/MATLAB Function</P>
    <P Name="chart">25</P>
  </instance>
  <instance id="42">
    <P Name="machine">24</P>
    <P Name="name">BEBOP/Bebop Control/Udp send/Topics/MATLAB Function</P>
    <P Name="chart">34</P>
  </instance>
  <instance id="49">
    <P Name="machine">24</P>
    <P Name="name">BEBOP/Measurement block /Measure /bebop/MATLAB Function1</P>
    <P Name="chart">43</P>
  </instance>
  <instance id="71">
    <P Name="machine">24</P>
    <P Name="name">BEBOP/Bebop Control/Inner Loop (Parrot)/Bebop onboard control/Chart</P>
    <P Name="chart">50</P>
  </instance>
  <instance id="78">
    <P Name="machine">24</P>
    <P Name="name">OPTITRACK/Measure /optitrack_/MATLAB Function</P>
    <P Name="chart">72</P>
  </instance>
  <instance id="88">
    <P Name="machine">24</P>
    <P Name="name">BEBOP/Bebop Control/Inner Loop (Parrot)/Bebop onboard control/Vz control/Subsystem/MATLAB Function1</P>
    <P Name="chart">79</P>
  </instance>
  <instance id="95">
    <P Name="machine">24</P>
    <P Name="name">OPTITRACK/ROS link + Measure/UDP link/optitrack_pos_vel_uav/Computes velocities/computes_vel</P>
    <P Name="chart">89</P>
  </instance>
  <instance id="102">
    <P Name="machine">24</P>
    <P Name="name">JOYSTICK/ROS link + Measure/UDP link/MATLAB Function</P>
    <P Name="chart">96</P>
  </instance>
</Stateflow>
