<FASTOAD_model>
  <specifications>
    <MTOW units="kg" is_input="True">360.0<!--Top-level requirement: Maximum Take Off Weight--></MTOW>
    <acceleration>
      <takeoff units="m/s**2" is_input="True">2.453<!--Acceleration during takeoff--></takeoff>
    </acceleration>
    <atmosphere>
      <density units="kg/m**3" is_input="True">1.18<!--Air density--></density>
    </atmosphere>
    <duration>
      <hover units="min" is_input="True">18.0</hover>
    </duration>
    <payload>
      <mass>
        <max units="kg" is_input="True">4.0<!--Payload mass--></max>
      </mass>
    </payload>
  </specifications>
  <optim>
    <variable>
      <beta_pro is_input="True">0.33<!--pitch/diameter ratio of the propeller--></beta_pro>
      <k_D is_input="True">0.99<!--aspect ratio D_in/D_out for the arms--></k_D>
      <k_ND is_input="True">1.2<!--slow down propeller coeffiecient : ND = NDmax / k_ND--></k_ND>
      <k_mb is_input="True">1.0<!--over estimation coefficient on the battery load mass--></k_mb>
      <k_mot is_input="True">1.0<!--over estimation coefficient on the motor torque--></k_mot>
      <k_os is_input="True">3.2<!--over estimation coefficient on the load mass--></k_os>
      <k_speed_mot is_input="True">1.2<!--over estimation coefficient on the motor speed--></k_speed_mot>
      <k_vb is_input="True">1.0<!--over estimation coefficient on the battery voltage--></k_vb>
    </variable>
  </optim>
  <data>
    <ESC>
      <reference>
        <mass units="kg" is_input="True">0.115<!--ESC mass reference for scaling law--></mass>
        <power units="W" is_input="True">3108.0<!--ESC max. power reference for scaling law--></power>
      </reference>
    </ESC>
    <battery>
      <reference>
        <capacity units="A*s" is_input="True">18000.0<!--Battery capacity reference for scaling law--></capacity>
        <current units="A" is_input="True">250.0</current>
        <energy units="J" is_input="True">260568.0<!--Battery energy reference for scaling law--></energy>
        <mass units="kg" is_input="True">0.329<!--Battery mass reference for scaling law--></mass>
      </reference>
    </battery>
    <motor>
      <reference>
        <mass units="kg" is_input="True">0.575<!--Motor mass reference for scaling law--></mass>
        <resistance units="ohm" is_input="True">0.03<!--Motor resistance reference for scaling law--></resistance>
        <torque>
          <coefficient units="N*m/A" is_input="True">0.03<!--Motor torque coefficient reference for scaling law--></coefficient>
          <friction units="N*m" is_input="True">0.03<!--Motor friction torque reference for scaling law--></friction>
          <max units="N*m" is_input="True">2.817<!--Motor max. torque reference for scaling law--></max>
          <nominal units="N*m" is_input="True">2.32<!--Motor nominal torque reference for scaling law--></nominal>
        </torque>
      </reference>
    </motor>
    <propeller>
      <reference>
        <diameter units="m" is_input="True">0.279<!--Propeller diameter reference for scaling law--></diameter>
        <mass units="kg" is_input="True">0.015<!--Propeller mass reference for scaling law--></mass>
        <ND>
          <max units="Hz*m" is_input="True">44.695<!--Max. rotational speed not to be exceeded--></max>
        </ND>
      </reference>
    </propeller>
    <structure>
      <arms>
        <number is_input="True">4.0<!--Number of arms--></number>
        <prop_per_arm is_input="True">1.0<!--Number of propellers per arm (single or coaxial configuration)--></prop_per_arm>
        <material>
          <density units="kg/m**3" is_input="True">1700.0<!--Arms material density--></density>
          <stress>
            <max units="N/m**2" is_input="True">70000000.0<!--Arms material maximum allowable stress--></max>
          </stress>
        </material>
      </arms>
    </structure>
  </data>
</FASTOAD_model>
