<?xml version="1.0" encoding="utf-8"?>
<System>
  <P Name="Location">[8, 8, 1558, 846]</P>
  <P Name="SystemRect">[0.000000, 0.000000, 0.000000, 0.000000]</P>
  <P Name="SetExecutionDomain">off</P>
  <P Name="ExecutionDomainType">Deduce</P>
  <P Name="PaperType">usletter</P>
  <P Name="PaperUnits">inches</P>
  <P Name="TiledPaperMargins">[0.500000, 0.500000, 0.500000, 0.500000]</P>
  <P Name="ZoomFactor">233</P>
  <P Name="SimulinkSubDomain">Simulink</P>
  <Block BlockType="Inport" Name="V_x" SID="15102">
    <P Name="Position">[45, 38, 75, 52]</P>
    <P Name="ZOrder">1423</P>
  </Block>
  <Block BlockType="Inport" Name="&lt;yaw&gt;" SID="15103">
    <P Name="Position">[-35, 158, -5, 172]</P>
    <P Name="ZOrder">1424</P>
    <P Name="Port">2</P>
    <Port>
      <P Name="PortNumber">1</P>
      <P Name="PropagatedSignals">out</P>
      <P Name="ShowPropagatedSignals">on</P>
    </Port>
  </Block>
  <Block BlockType="Inport" Name="V_y" SID="15104">
    <P Name="Position">[45, 263, 75, 277]</P>
    <P Name="ZOrder">1425</P>
    <P Name="Port">3</P>
  </Block>
  <Block BlockType="Sum" Name="Add10" SID="15105">
    <P Name="Ports">[2, 1]</P>
    <P Name="Position">[465, 161, 480, 294]</P>
    <P Name="ZOrder">1344</P>
    <P Name="ShowName">off</P>
    <P Name="IconShape">rectangular</P>
  </Block>
  <Block BlockType="Sum" Name="Add9" SID="15106">
    <P Name="Ports">[2, 1]</P>
    <P Name="Position">[465, 21, 480, 154]</P>
    <P Name="ZOrder">1338</P>
    <P Name="ShowName">off</P>
    <P Name="IconShape">rectangular</P>
  </Block>
  <Block BlockType="DataTypeConversion" Name="Data Type Conversion" SID="15130">
    <P Name="Position">[15, 150, 55, 180]</P>
    <P Name="ZOrder">1428</P>
    <P Name="OutDataTypeStr">single</P>
    <P Name="RndMeth">Floor</P>
    <P Name="SaturateOnIntegerOverflow">off</P>
  </Block>
  <Block BlockType="Gain" Name="Gain1" SID="15107">
    <P Name="Position">[250, 255, 305, 285]</P>
    <P Name="ZOrder">1385</P>
  </Block>
  <Block BlockType="Gain" Name="Gain10" SID="15108">
    <P Name="Position">[250, 175, 305, 205]</P>
    <P Name="ZOrder">1353</P>
  </Block>
  <Block BlockType="Gain" Name="Gain2" SID="15109">
    <P Name="Position">[95, 150, 150, 180]</P>
    <P Name="ZOrder">1421</P>
  </Block>
  <Block BlockType="Gain" Name="Gain9" SID="15110">
    <P Name="Position">[250, 120, 305, 150]</P>
    <P Name="ZOrder">1352</P>
    <P Name="Gain">-1</P>
  </Block>
  <Block BlockType="Product" Name="Product" SID="15111">
    <P Name="Ports">[2, 1]</P>
    <P Name="Position">[405, 102, 435, 133]</P>
    <P Name="ZOrder">1340</P>
    <P Name="ShowName">off</P>
  </Block>
  <Block BlockType="Product" Name="Product1" SID="15112">
    <P Name="Ports">[2, 1]</P>
    <P Name="Position">[405, 37, 435, 68]</P>
    <P Name="ZOrder">1341</P>
    <P Name="ShowName">off</P>
  </Block>
  <Block BlockType="Product" Name="Product2" SID="15113">
    <P Name="Ports">[2, 1]</P>
    <P Name="Position">[405, 242, 435, 273]</P>
    <P Name="ZOrder">1346</P>
    <P Name="ShowName">off</P>
  </Block>
  <Block BlockType="Product" Name="Product3" SID="15114">
    <P Name="Ports">[2, 1]</P>
    <P Name="Position">[405, 177, 435, 208]</P>
    <P Name="ZOrder">1347</P>
    <P Name="ShowName">off</P>
  </Block>
  <Block BlockType="Trigonometry" Name="Trigonometric&#xA;Function" SID="15115">
    <P Name="Ports">[1, 1]</P>
    <P Name="Position">[335, 95, 365, 125]</P>
    <P Name="ZOrder">1342</P>
    <P Name="ShowName">off</P>
  </Block>
  <Block BlockType="Trigonometry" Name="Trigonometric&#xA;Function1" SID="15116">
    <P Name="Ports">[1, 1]</P>
    <P Name="Position">[335, 55, 365, 85]</P>
    <P Name="ZOrder">1343</P>
    <P Name="ShowName">off</P>
    <P Name="Operator">cos</P>
  </Block>
  <Block BlockType="Trigonometry" Name="Trigonometric&#xA;Function2" SID="15117">
    <P Name="Ports">[1, 1]</P>
    <P Name="Position">[335, 235, 365, 265]</P>
    <P Name="ZOrder">1348</P>
    <P Name="ShowName">off</P>
    <P Name="Operator">cos</P>
  </Block>
  <Block BlockType="Trigonometry" Name="Trigonometric&#xA;Function3" SID="15118">
    <P Name="Ports">[1, 1]</P>
    <P Name="Position">[335, 195, 365, 225]</P>
    <P Name="ZOrder">1349</P>
    <P Name="ShowName">off</P>
  </Block>
  <Block BlockType="Outport" Name="Out1" SID="15119">
    <P Name="Position">[525, 83, 555, 97]</P>
    <P Name="ZOrder">1426</P>
    <P Name="VectorParamsAs1DForOutWhenUnconnected">off</P>
  </Block>
  <Block BlockType="Outport" Name="Out2" SID="15120">
    <P Name="Position">[525, 223, 555, 237]</P>
    <P Name="ZOrder">1427</P>
    <P Name="Port">2</P>
    <P Name="VectorParamsAs1DForOutWhenUnconnected">off</P>
  </Block>
  <Line>
    <P Name="ZOrder">1</P>
    <P Name="Src">15109#out:1</P>
    <P Name="Points">[7, 0]</P>
    <Branch>
      <P Name="ZOrder">2</P>
      <P Name="Points">[0, -60; 128, 0; 0, -20; 27, 0]</P>
      <Branch>
        <P Name="ZOrder">3</P>
        <P Name="Points">[0, 25]</P>
        <P Name="Dst">15115#in:1</P>
      </Branch>
      <Branch>
        <P Name="ZOrder">4</P>
        <P Name="Points">[0, -15]</P>
        <P Name="Dst">15116#in:1</P>
      </Branch>
    </Branch>
    <Branch>
      <P Name="ZOrder">5</P>
      <P Name="Points">[0, 59; 150, 0]</P>
      <Branch>
        <P Name="ZOrder">6</P>
        <P Name="Points">[0, 26]</P>
        <P Name="Dst">15117#in:1</P>
      </Branch>
      <Branch>
        <P Name="ZOrder">7</P>
        <P Name="Points">[0, -14]</P>
        <P Name="Dst">15118#in:1</P>
      </Branch>
    </Branch>
  </Line>
  <Line>
    <P Name="ZOrder">8</P>
    <P Name="Src">15102#out:1</P>
    <P Name="Points">[113, 0; 0, 1]</P>
    <Branch>
      <P Name="ZOrder">9</P>
      <P Name="Points">[28, 0; 0, -1]</P>
      <P Name="Dst">15112#in:1</P>
    </Branch>
    <Branch>
      <P Name="ZOrder">10</P>
      <P Name="Points">[0, 144]</P>
      <P Name="Dst">15108#in:1</P>
    </Branch>
  </Line>
  <Line>
    <P Name="ZOrder">11</P>
    <P Name="Src">15104#out:1</P>
    <P Name="Points">[120, 0]</P>
    <Branch>
      <P Name="ZOrder">12</P>
      <P Name="Points">[0, -135]</P>
      <P Name="Dst">15110#in:1</P>
    </Branch>
    <Branch>
      <P Name="ZOrder">13</P>
      <P Name="Dst">15107#in:1</P>
    </Branch>
  </Line>
  <Line>
    <P Name="ZOrder">14</P>
    <P Name="Src">15106#out:1</P>
    <P Name="Dst">15119#in:1</P>
  </Line>
  <Line>
    <P Name="ZOrder">15</P>
    <P Name="Src">15111#out:1</P>
    <P Name="Dst">15106#in:2</P>
  </Line>
  <Line>
    <P Name="ZOrder">16</P>
    <P Name="Src">15112#out:1</P>
    <P Name="Dst">15106#in:1</P>
  </Line>
  <Line>
    <P Name="ZOrder">17</P>
    <P Name="Src">15115#out:1</P>
    <P Name="Dst">15111#in:1</P>
  </Line>
  <Line>
    <P Name="ZOrder">18</P>
    <P Name="Src">15116#out:1</P>
    <P Name="Points">[15, 0; 0, -10]</P>
    <P Name="Dst">15112#in:2</P>
  </Line>
  <Line>
    <P Name="ZOrder">19</P>
    <P Name="Src">15105#out:1</P>
    <P Name="Dst">15120#in:1</P>
  </Line>
  <Line>
    <P Name="ZOrder">20</P>
    <P Name="Src">15113#out:1</P>
    <P Name="Dst">15105#in:2</P>
  </Line>
  <Line>
    <P Name="ZOrder">21</P>
    <P Name="Src">15114#out:1</P>
    <P Name="Dst">15105#in:1</P>
  </Line>
  <Line>
    <P Name="ZOrder">22</P>
    <P Name="Src">15117#out:1</P>
    <P Name="Dst">15113#in:1</P>
  </Line>
  <Line>
    <P Name="ZOrder">23</P>
    <P Name="Src">15118#out:1</P>
    <P Name="Points">[15, 0; 0, -10]</P>
    <P Name="Dst">15114#in:2</P>
  </Line>
  <Line>
    <P Name="ZOrder">24</P>
    <P Name="Src">15110#out:1</P>
    <P Name="Points">[69, 0; 0, -10]</P>
    <P Name="Dst">15111#in:2</P>
  </Line>
  <Line>
    <P Name="ZOrder">25</P>
    <P Name="Src">15108#out:1</P>
    <P Name="Points">[38, 0; 0, -5]</P>
    <P Name="Dst">15114#in:1</P>
  </Line>
  <Line>
    <P Name="ZOrder">26</P>
    <P Name="Src">15103#out:1</P>
    <P Name="Dst">15130#in:1</P>
  </Line>
  <Line>
    <P Name="ZOrder">27</P>
    <P Name="Src">15107#out:1</P>
    <P Name="Points">[75, 0; 0, -5]</P>
    <P Name="Dst">15113#in:2</P>
  </Line>
  <Line>
    <P Name="ZOrder">28</P>
    <P Name="Src">15130#out:1</P>
    <P Name="Dst">15109#in:1</P>
  </Line>
</System>
