<?xml version="1.0" encoding="utf-8"?>
<System>
  <P Name="Location">[1529, -7, 3079, 831]</P>
  <P Name="SystemRect">[0.000000, 0.000000, 0.000000, 0.000000]</P>
  <P Name="SetExecutionDomain">off</P>
  <P Name="ExecutionDomainType">Deduce</P>
  <P Name="ZoomFactor">205</P>
  <P Name="SimulinkSubDomain">Simulink</P>
  <Block BlockType="Inport" Name="bebop_tgt" SID="11805">
    <P Name="Position">[710, 270, 745, 280]</P>
    <P Name="ZOrder">637</P>
    <P Name="OutDataTypeStr">Bus: BUS_bebop_tgt</P>
  </Block>
  <Block BlockType="Inport" Name="bebop_ctrl" SID="15002">
    <P Name="Position">[710, 329, 745, 341]</P>
    <P Name="ZOrder">100000</P>
    <P Name="Port">2</P>
  </Block>
  <Block BlockType="SubSystem" Name="Bebop onboard control" SID="12437">
    <P Name="Ports">[3, 2]</P>
    <P Name="Position">[800, 246, 920, 424]</P>
    <P Name="ZOrder">100000</P>
    <P Name="RequestExecContextInheritance">off</P>
    <P Name="VariantControl">SIMULATION_SIMULINK</P>
    <Mask>
      <Type>PX4 attitude controller</Type>
      <Display/>
      <MaskParameter Name="thetaKP" Type="edit">
        <Prompt>Proportional gain</Prompt>
        <Value>controlGains.pitch.thetaKP</Value>
      </MaskParameter>
      <MaskParameter Name="thetaKI" Type="edit">
        <Prompt>Integral gain</Prompt>
        <Value>controlGains.pitch.thetaKI</Value>
      </MaskParameter>
      <MaskParameter Name="thetaKD" Type="edit">
        <Prompt>Derivative gain</Prompt>
        <Value>controlGains.pitch.thetaKD</Value>
      </MaskParameter>
      <MaskParameter Name="thetaKDD" Type="edit">
        <Prompt>Feed forward gain</Prompt>
        <Value>controlGains.pitch.thetaKDD</Value>
      </MaskParameter>
      <MaskParameter Name="pitchmax" Type="edit">
        <Prompt>Max angle (rad)</Prompt>
        <Value>controlGains.pitch.anglemax</Value>
      </MaskParameter>
      <MaskParameter Name="phiKP" Type="edit">
        <Prompt>Proportional gain</Prompt>
        <Value>controlGains.roll.phiKP</Value>
      </MaskParameter>
      <MaskParameter Name="phiKI" Type="edit">
        <Prompt>Integral gain</Prompt>
        <Value>controlGains.roll.phiKI</Value>
      </MaskParameter>
      <MaskParameter Name="phiKD" Type="edit">
        <Prompt>Derivative gain</Prompt>
        <Value>controlGains.roll.phiKD</Value>
      </MaskParameter>
      <MaskParameter Name="phiKDD" Type="edit">
        <Prompt>Feed forward gain</Prompt>
        <Value>controlGains.roll.phiKDD</Value>
      </MaskParameter>
      <MaskParameter Name="phimax" Type="edit">
        <Prompt>Max angle (rad)</Prompt>
        <Value>controlGains.roll.anglemax</Value>
      </MaskParameter>
      <MaskParameter Name="altiKP" Type="edit">
        <Prompt>Proportional gain</Prompt>
        <Value>controlGains.altitude.KP</Value>
      </MaskParameter>
      <MaskParameter Name="altiKI" Type="edit">
        <Prompt>Integral gain</Prompt>
        <Value>controlGains.altitude.KI</Value>
      </MaskParameter>
      <MaskParameter Name="altiKD" Type="edit">
        <Prompt>Derivative gain</Prompt>
        <Value>controlGains.altitude.KD</Value>
      </MaskParameter>
      <MaskParameter Name="altiVzmax" Type="edit">
        <Prompt>Max Vertical speed(rad)</Prompt>
        <Value>controlGains.altitude.VZmax</Value>
      </MaskParameter>
      <DialogControl Type="Group" Name="DescGroupVar">
        <Prompt>%&lt;MaskType&gt;</Prompt>
        <DialogControl Type="Text" Name="DescTextVar">
          <Prompt>%&lt;MaskDescription&gt;</Prompt>
        </DialogControl>
      </DialogControl>
      <DialogControl Type="Group" Name="ParameterGroupVar">
        <Prompt>Simulink:studio:ToolBarParametersMenu</Prompt>
        <DialogControl Type="TabContainer" Name="Container3">
          <DialogControl Type="Tab" Name="Container4">
            <Prompt>Pitch control</Prompt>
            <DialogControl Type="Edit" Name="thetaKP">
              <Prompt>Proportional gain</Prompt>
            </DialogControl>
            <DialogControl Type="Edit" Name="thetaKI">
              <Prompt>Integral gain</Prompt>
            </DialogControl>
            <DialogControl Type="Edit" Name="thetaKD">
              <Prompt>Derivative gain</Prompt>
            </DialogControl>
            <DialogControl Type="Edit" Name="thetaKDD">
              <Prompt>Feed forward gain</Prompt>
            </DialogControl>
            <DialogControl Type="Edit" Name="pitchmax">
              <Prompt>Max angle (rad)</Prompt>
            </DialogControl>
          </DialogControl>
          <DialogControl Type="Tab" Name="Container5">
            <Prompt>Roll control</Prompt>
            <DialogControl Type="Edit" Name="phiKP">
              <Prompt>Proportional gain</Prompt>
            </DialogControl>
            <DialogControl Type="Edit" Name="phiKI">
              <Prompt>Integral gain</Prompt>
            </DialogControl>
            <DialogControl Type="Edit" Name="phiKD">
              <Prompt>Derivative gain</Prompt>
            </DialogControl>
            <DialogControl Type="Edit" Name="phiKDD">
              <Prompt>Feed forward gain</Prompt>
            </DialogControl>
            <DialogControl Type="Edit" Name="phimax">
              <Prompt>Max angle (rad)</Prompt>
            </DialogControl>
          </DialogControl>
          <DialogControl Type="Tab" Name="Container6">
            <Prompt>Vertical control</Prompt>
            <DialogControl Type="Edit" Name="altiKP">
              <Prompt>Proportional gain</Prompt>
            </DialogControl>
            <DialogControl Type="Edit" Name="altiKI">
              <Prompt>Integral gain</Prompt>
            </DialogControl>
            <DialogControl Type="Edit" Name="altiKD">
              <Prompt>Derivative gain</Prompt>
            </DialogControl>
            <DialogControl Type="Edit" Name="altiVzmax">
              <Prompt>Max Vertical speed(rad)</Prompt>
            </DialogControl>
          </DialogControl>
        </DialogControl>
      </DialogControl>
    </Mask>
    <System Ref="system_12437"/>
  </Block>
  <Block BlockType="From" Name="From" SID="15939">
    <P Name="Position">[630, 386, 760, 404]</P>
    <P Name="ZOrder">100000</P>
    <P Name="GotoTag">bebop_sensors_local</P>
    <P Name="TagVisibility">global</P>
  </Block>
  <Block BlockType="SubSystem" Name="Mixer_Quad_X" SID="12438">
    <P Name="Ports">[1, 1]</P>
    <P Name="Position">[960, 227, 1080, 353]</P>
    <P Name="ZOrder">100000</P>
    <P Name="RequestExecContextInheritance">off</P>
    <Mask>
      <Type>Mixer Quad X</Type>
      <Display/>
      <Description>Mixer used by a PX4 configured with a Quad X airframe.

It takes in the the actuators target (normalized roll, pitch, yaw [-1..1], thrust [0..1]) and mixes them with the Quad X mixer matrix into 4 motors PWM ([0..1]).
</Description>
      <DialogControl Type="Group" Name="DescGroupVar">
        <Prompt>%&lt;MaskType&gt;</Prompt>
        <DialogControl Type="Text" Name="DescTextVar">
          <Prompt>%&lt;MaskDescription&gt;</Prompt>
        </DialogControl>
        <DialogControl Type="Group" Name="Container2">
          <Prompt>Parameters</Prompt>
        </DialogControl>
      </DialogControl>
    </Mask>
    <System Ref="system_12438"/>
  </Block>
  <Block BlockType="Outport" Name="pwm_tgt" SID="11947">
    <P Name="Position">[1180, 283, 1210, 297]</P>
    <P Name="ZOrder">579</P>
    <P Name="VectorParamsAs1DForOutWhenUnconnected">off</P>
  </Block>
  <Block BlockType="Outport" Name="bebop_state" SID="15928">
    <P Name="Position">[1180, 373, 1210, 387]</P>
    <P Name="ZOrder">100000</P>
    <P Name="Port">2</P>
    <P Name="VectorParamsAs1DForOutWhenUnconnected">off</P>
  </Block>
  <Line>
    <P Name="ZOrder">10</P>
    <P Name="Src">15939#out:1</P>
    <P Name="Dst">12437#in:3</P>
  </Line>
  <Line>
    <P Name="ZOrder">2</P>
    <P Name="Src">12437#out:1</P>
    <P Name="Dst">12438#in:1</P>
  </Line>
  <Line>
    <P Name="ZOrder">3</P>
    <P Name="Src">12438#out:1</P>
    <P Name="Dst">11947#in:1</P>
  </Line>
  <Line>
    <P Name="ZOrder">6</P>
    <P Name="Src">11805#out:1</P>
    <P Name="Dst">12437#in:1</P>
  </Line>
  <Line>
    <P Name="ZOrder">9</P>
    <P Name="Src">15002#out:1</P>
    <P Name="Dst">12437#in:2</P>
  </Line>
  <Line>
    <P Name="ZOrder">11</P>
    <P Name="Src">12437#out:2</P>
    <P Name="Dst">15928#in:1</P>
  </Line>
</System>
