<?xml version="1.0" encoding="utf-8"?>
<System>
  <P Name="Location">[-7, -7, 1543, 831]</P>
  <P Name="SystemRect">[0.000000, 0.000000, 0.000000, 0.000000]</P>
  <P Name="SetExecutionDomain">off</P>
  <P Name="ExecutionDomainType">Deduce</P>
  <P Name="ZoomFactor">128</P>
  <P Name="SimulinkSubDomain">Simulink</P>
  <Block BlockType="Inport" Name="pos_att_NED" SID="15033">
    <P Name="Position">[35, -53, 75, -37]</P>
    <P Name="ZOrder">6866</P>
    <P Name="HideAutomaticName">off</P>
    <P Name="OutDataTypeStr">Bus: BUS_bebop_pos_att</P>
  </Block>
  <Block BlockType="Inport" Name="batt" SID="15875">
    <P Name="Position">[755, -197, 785, -183]</P>
    <P Name="ZOrder">100000</P>
    <P Name="Port">2</P>
  </Block>
  <Block BlockType="Reference" Name="Band-Limited White Noise" SID="12614">
    <P Name="Ports">[0, 1]</P>
    <P Name="Position">[585, -30, 615, 0]</P>
    <P Name="ZOrder">1733</P>
    <P Name="ShowName">off</P>
    <P Name="LibraryVersion">1.480</P>
    <P Name="SourceBlock">simulink/Sources/Band-Limited
White Noise</P>
    <P Name="SourceType">Band-Limited White Noise.</P>
    <P Name="SourceProductBaseCode">SL</P>
    <InstanceData>
      <P Name="RTWMemSecFuncInitTerm">Inherit from model</P>
      <P Name="RTWMemSecFuncExecute">Inherit from model</P>
      <P Name="RTWMemSecDataConstants">Inherit from model</P>
      <P Name="RTWMemSecDataInternal">Inherit from model</P>
      <P Name="RTWMemSecDataParameters">Inherit from model</P>
      <P Name="ContentPreviewEnabled">off</P>
      <P Name="Cov">[measure.noise_power_angles]</P>
      <P Name="Ts">Ts_bebop</P>
      <P Name="seed">[23341]</P>
      <P Name="VectorParams1D">on</P>
    </InstanceData>
  </Block>
  <Block BlockType="Reference" Name="Band-Limited White Noise2" SID="12615">
    <P Name="Ports">[0, 1]</P>
    <P Name="Position">[585, 75, 615, 105]</P>
    <P Name="ZOrder">1737</P>
    <P Name="ShowName">off</P>
    <P Name="LibraryVersion">1.480</P>
    <P Name="SourceBlock">simulink/Sources/Band-Limited
White Noise</P>
    <P Name="SourceType">Band-Limited White Noise.</P>
    <P Name="SourceProductBaseCode">SL</P>
    <InstanceData>
      <P Name="RTWMemSecFuncInitTerm">Inherit from model</P>
      <P Name="RTWMemSecFuncExecute">Inherit from model</P>
      <P Name="RTWMemSecDataConstants">Inherit from model</P>
      <P Name="RTWMemSecDataInternal">Inherit from model</P>
      <P Name="RTWMemSecDataParameters">Inherit from model</P>
      <P Name="ContentPreviewEnabled">off</P>
      <P Name="Cov">[measure.noise_power_pqr]</P>
      <P Name="Ts">Ts_bebop</P>
      <P Name="seed">[23341]</P>
      <P Name="VectorParams1D">on</P>
    </InstanceData>
  </Block>
  <Block BlockType="BusCreator" Name="Bus&#xA;Creator" SID="15874">
    <P Name="Ports">[11, 1]</P>
    <P Name="Position">[905, -173, 910, 33]</P>
    <P Name="ZOrder">100000</P>
    <P Name="ShowName">off</P>
    <P Name="Inputs">11</P>
    <P Name="DisplayOption">bar</P>
    <P Name="OutDataTypeStr">Bus: BUS_bebop_sensors</P>
    <P Name="InheritFromInputs">off</P>
  </Block>
  <Block BlockType="BusSelector" Name="Bus&#xA;Selector" SID="16408">
    <P Name="Ports">[1, 7]</P>
    <P Name="Position">[125, -134, 130, 44]</P>
    <P Name="ZOrder">100000</P>
    <P Name="ShowName">off</P>
    <P Name="OutputSignals">Z,Phi,Theta,Psi,p,q,r</P>
    <Port>
      <P Name="PortNumber">1</P>
      <P Name="Name">&lt;Z&gt;</P>
    </Port>
    <Port>
      <P Name="PortNumber">2</P>
      <P Name="Name">&lt;Phi&gt;</P>
    </Port>
    <Port>
      <P Name="PortNumber">3</P>
      <P Name="Name">&lt;Theta&gt;</P>
    </Port>
    <Port>
      <P Name="PortNumber">4</P>
      <P Name="Name">&lt;Psi&gt;</P>
    </Port>
    <Port>
      <P Name="PortNumber">5</P>
      <P Name="Name">&lt;p&gt;</P>
    </Port>
    <Port>
      <P Name="PortNumber">6</P>
      <P Name="Name">&lt;q&gt;</P>
    </Port>
    <Port>
      <P Name="PortNumber">7</P>
      <P Name="Name">&lt;r&gt;</P>
    </Port>
  </Block>
  <Block BlockType="Constant" Name="Constant1" SID="12616">
    <P Name="Position">[200, 60, 305, 90]</P>
    <P Name="ZOrder">1794</P>
    <P Name="Value">init_state. psi_north</P>
  </Block>
  <Block BlockType="Demux" Name="Demux" SID="16507">
    <P Name="Ports">[1, 3]</P>
    <P Name="Position">[730, 126, 735, 164]</P>
    <P Name="ZOrder">100000</P>
    <P Name="ShowName">off</P>
    <P Name="Outputs">3</P>
  </Block>
  <Block BlockType="Demux" Name="Demux2" SID="15876">
    <P Name="Ports">[1, 3]</P>
    <P Name="Position">[805, -165, 810, -95]</P>
    <P Name="ZOrder">100000</P>
    <P Name="ShowName">off</P>
    <P Name="Outputs">3</P>
  </Block>
  <Block BlockType="Demux" Name="Demux3" SID="15879">
    <P Name="Ports">[1, 3]</P>
    <P Name="Position">[790, 6, 795, 44]</P>
    <P Name="ZOrder">100000</P>
    <P Name="ShowName">off</P>
    <P Name="Outputs">3</P>
  </Block>
  <Block BlockType="Gain" Name="Gain" SID="16506">
    <P Name="Position">[705, -50, 735, -20]</P>
    <P Name="ZOrder">100000</P>
    <P Name="Gain">-1</P>
  </Block>
  <Block BlockType="Goto" Name="Goto" SID="15938">
    <P Name="Position">[1060, -83, 1180, -57]</P>
    <P Name="ZOrder">100000</P>
    <P Name="GotoTag">bebop_sensors_local</P>
    <P Name="TagVisibility">global</P>
  </Block>
  <Block BlockType="TransferFcn" Name="Kalman1" SID="12625">
    <P Name="Position">[350, -13, 400, 13]</P>
    <P Name="ZOrder">1741</P>
    <P Name="ShowName">off</P>
    <P Name="Denominator">[0.01 1]</P>
  </Block>
  <Block BlockType="TransferFcn" Name="Kalman2" SID="12626">
    <P Name="Position">[350, 12, 400, 38]</P>
    <P Name="ZOrder">1742</P>
    <P Name="ShowName">off</P>
    <P Name="Denominator">[0.01 1]</P>
  </Block>
  <Block BlockType="TransferFcn" Name="Kalman3" SID="12627">
    <P Name="Position">[350, 37, 400, 63]</P>
    <P Name="ZOrder">1743</P>
    <P Name="ShowName">off</P>
    <P Name="Denominator">[0.01 1]</P>
  </Block>
  <Block BlockType="SubSystem" Name="MATLAB Function1" SID="12628">
    <P Name="Ports">[1, 1]</P>
    <P Name="Position">[420, 34, 465, 66]</P>
    <P Name="ZOrder">1797</P>
    <P Name="LibraryVersion">1.32</P>
    <P Name="ErrorFcn">Stateflow.Translate.translate</P>
    <P Name="PermitHierarchicalResolution">ExplicitOnly</P>
    <P Name="TreatAsAtomicUnit">on</P>
    <P Name="RequestExecContextInheritance">off</P>
    <P Name="SFBlockType">MATLAB Function</P>
    <System Ref="system_12628"/>
  </Block>
  <Block BlockType="Mux" Name="Mux" SID="12632">
    <P Name="Ports">[3, 1]</P>
    <P Name="Position">[495, -12, 500, 62]</P>
    <P Name="ZOrder">1740</P>
    <P Name="ShowName">off</P>
    <P Name="Inputs">3</P>
    <P Name="DisplayOption">bar</P>
  </Block>
  <Block BlockType="Mux" Name="Mux1" SID="12633">
    <P Name="Ports">[3, 1]</P>
    <P Name="Position">[480, 108, 485, 182]</P>
    <P Name="ZOrder">1745</P>
    <P Name="ShowName">off</P>
    <P Name="Inputs">3</P>
    <P Name="DisplayOption">bar</P>
  </Block>
  <Block BlockType="SubSystem" Name="Subsystem" SID="15035">
    <P Name="Ports">[2, 1]</P>
    <P Name="Position">[520, -189, 710, -76]</P>
    <P Name="ZOrder">6868</P>
    <P Name="RequestExecContextInheritance">off</P>
    <System Ref="system_15035"/>
  </Block>
  <Block BlockType="Sum" Name="Sum" SID="12637">
    <P Name="Ports">[2, 1]</P>
    <P Name="Position">[610, 15, 630, 35]</P>
    <P Name="ZOrder">1734</P>
    <P Name="ShowName">off</P>
    <P Name="Inputs">++|</P>
    <Port>
      <P Name="PortNumber">1</P>
      <P Name="Name">angles_mes</P>
    </Port>
  </Block>
  <Block BlockType="Sum" Name="Sum2" SID="12638">
    <P Name="Ports">[2, 1]</P>
    <P Name="Position">[610, 135, 630, 155]</P>
    <P Name="ZOrder">1738</P>
    <P Name="ShowName">off</P>
    <P Name="Inputs">++|</P>
    <Port>
      <P Name="PortNumber">1</P>
      <P Name="Name">p q r_mes</P>
    </Port>
  </Block>
  <Block BlockType="Sum" Name="Sum8" SID="12639">
    <P Name="Ports">[2, 1]</P>
    <P Name="Position">[310, 40, 330, 60]</P>
    <P Name="ZOrder">1798</P>
    <P Name="ShowName">off</P>
    <P Name="Inputs">|++</P>
  </Block>
  <Block BlockType="ZeroOrderHold" Name="Zero-Order&#xA;Hold1" SID="15937">
    <P Name="Position">[975, 60, 1010, 90]</P>
    <P Name="ZOrder">100000</P>
    <P Name="ShowName">off</P>
    <P Name="SampleTime">Ts_bebop_feedback</P>
  </Block>
  <Block BlockType="ZeroOrderHold" Name="Zero-Order&#xA;Hold2" SID="15957">
    <P Name="Position">[965, -85, 1000, -55]</P>
    <P Name="ZOrder">100000</P>
    <P Name="ShowName">off</P>
    <P Name="SampleTime">Ts_bebop</P>
    <Port>
      <P Name="PortNumber">1</P>
      <P Name="Name">bebop_sensors_local</P>
    </Port>
  </Block>
  <Block BlockType="Outport" Name="bebop_sensors" SID="12643">
    <P Name="Position">[1125, 68, 1155, 82]</P>
    <P Name="ZOrder">1831</P>
    <P Name="OutDataTypeStr">Bus: BUS_bebop_sensors</P>
    <P Name="VectorParamsAs1DForOutWhenUnconnected">off</P>
  </Block>
  <Line>
    <P Name="Name">&lt;Psi&gt;</P>
    <P Name="ZOrder">233</P>
    <P Name="Labels">[0, 0]</P>
    <P Name="Src">16408#out:4</P>
    <P Name="Points">[51, 0; 0, 95]</P>
    <P Name="Dst">12639#in:1</P>
  </Line>
  <Line>
    <P Name="ZOrder">14</P>
    <P Name="Src">12639#out:1</P>
    <P Name="Dst">12627#in:1</P>
  </Line>
  <Line>
    <P Name="ZOrder">15</P>
    <P Name="Src">12616#out:1</P>
    <P Name="Dst">12639#in:2</P>
  </Line>
  <Line>
    <P Name="Name">&lt;r&gt;</P>
    <P Name="ZOrder">236</P>
    <P Name="Labels">[0, 0]</P>
    <P Name="Src">16408#out:7</P>
    <P Name="Points">[2, 0; 0, 140]</P>
    <P Name="Dst">12633#in:3</P>
  </Line>
  <Line>
    <P Name="ZOrder">240</P>
    <P Name="Src">12633#out:1</P>
    <P Name="Dst">12638#in:2</P>
  </Line>
  <Line>
    <P Name="ZOrder">239</P>
    <P Name="Src">12632#out:1</P>
    <P Name="Dst">12637#in:2</P>
  </Line>
  <Line>
    <P Name="Name">&lt;q&gt;</P>
    <P Name="ZOrder">235</P>
    <P Name="Labels">[0, 0]</P>
    <P Name="Src">16408#out:6</P>
    <P Name="Points">[9, 0; 0, 140]</P>
    <P Name="Dst">12633#in:2</P>
  </Line>
  <Line>
    <P Name="Name">&lt;p&gt;</P>
    <P Name="ZOrder">234</P>
    <P Name="Labels">[0, 0]</P>
    <P Name="Src">16408#out:5</P>
    <P Name="Points">[23, 0; 0, 140]</P>
    <P Name="Dst">12633#in:1</P>
  </Line>
  <Line>
    <P Name="ZOrder">26</P>
    <P Name="Src">12627#out:1</P>
    <P Name="Dst">12628#in:1</P>
  </Line>
  <Line>
    <P Name="ZOrder">27</P>
    <P Name="Src">12626#out:1</P>
    <P Name="Dst">12632#in:2</P>
  </Line>
  <Line>
    <P Name="ZOrder">28</P>
    <P Name="Src">12625#out:1</P>
    <P Name="Dst">12632#in:1</P>
  </Line>
  <Line>
    <P Name="Name">&lt;Theta&gt;</P>
    <P Name="ZOrder">232</P>
    <P Name="Labels">[0, 0]</P>
    <P Name="Src">16408#out:3</P>
    <P Name="Points">[123, 0; 0, 95]</P>
    <P Name="Dst">12626#in:1</P>
  </Line>
  <Line>
    <P Name="Name">&lt;Phi&gt;</P>
    <P Name="ZOrder">231</P>
    <P Name="Labels">[0, 0]</P>
    <P Name="Src">16408#out:2</P>
    <P Name="Points">[80, 0; 0, 95]</P>
    <P Name="Dst">12625#in:1</P>
  </Line>
  <Line>
    <P Name="ZOrder">32</P>
    <P Name="Src">12615#out:1</P>
    <P Name="Dst">12638#in:1</P>
  </Line>
  <Line>
    <P Name="ZOrder">37</P>
    <P Name="Src">12614#out:1</P>
    <P Name="Dst">12637#in:1</P>
  </Line>
  <Line>
    <P Name="Name">angles_mes</P>
    <P Name="ZOrder">38</P>
    <P Name="Labels">[0, 0]</P>
    <P Name="Src">12637#out:1</P>
    <P Name="Dst">15879#in:1</P>
  </Line>
  <Line>
    <P Name="Name">&lt;Z&gt;</P>
    <P Name="ZOrder">282</P>
    <P Name="Labels">[0, 0]</P>
    <P Name="Src">16408#out:1</P>
    <P Name="Points">[165, 0; 0, 85]</P>
    <P Name="Dst">16506#in:1</P>
  </Line>
  <Line>
    <P Name="ZOrder">16</P>
    <P Name="Src">12628#out:1</P>
    <P Name="Points">[10, 0]</P>
    <Branch>
      <P Name="ZOrder">224</P>
      <P Name="Points">[0, -155]</P>
      <P Name="Dst">15035#in:2</P>
    </Branch>
    <Branch>
      <P Name="ZOrder">223</P>
      <P Name="Dst">12632#in:3</P>
    </Branch>
  </Line>
  <Line>
    <P Name="ZOrder">225</P>
    <P Name="Src">15875#out:1</P>
    <P Name="Points">[88, 0; 0, 20]</P>
    <P Name="Dst">15874#in:1</P>
  </Line>
  <Line>
    <P Name="ZOrder">218</P>
    <P Name="Src">15035#out:1</P>
    <P Name="Dst">15876#in:1</P>
  </Line>
  <Line>
    <P Name="ZOrder">190</P>
    <P Name="Src">15876#out:1</P>
    <P Name="Points">[29, 0; 0, 5]</P>
    <P Name="Dst">15874#in:2</P>
  </Line>
  <Line>
    <P Name="ZOrder">191</P>
    <P Name="Src">15876#out:2</P>
    <P Name="Dst">15874#in:3</P>
  </Line>
  <Line>
    <P Name="ZOrder">192</P>
    <P Name="Src">15876#out:3</P>
    <P Name="Points">[43, 0; 0, -5]</P>
    <P Name="Dst">15874#in:4</P>
  </Line>
  <Line>
    <P Name="ZOrder">201</P>
    <P Name="Src">15879#out:3</P>
    <P Name="Points">[70, 0; 0, -65]</P>
    <P Name="Dst">15874#in:8</P>
  </Line>
  <Line>
    <P Name="ZOrder">202</P>
    <P Name="Src">15879#out:2</P>
    <P Name="Points">[23, 0; 0, -75]</P>
    <P Name="Dst">15874#in:7</P>
  </Line>
  <Line>
    <P Name="ZOrder">203</P>
    <P Name="Src">15879#out:1</P>
    <P Name="Points">[61, 0; 0, -85]</P>
    <P Name="Dst">15874#in:6</P>
  </Line>
  <Line>
    <P Name="Name">p q r_mes</P>
    <P Name="ZOrder">310</P>
    <P Name="Labels">[0, 0]</P>
    <P Name="Src">12638#out:1</P>
    <P Name="Dst">16507#in:1</P>
  </Line>
  <Line>
    <P Name="ZOrder">210</P>
    <P Name="Src">15874#out:1</P>
    <P Name="Points">[18, 0]</P>
    <Branch>
      <P Name="ZOrder">217</P>
      <P Name="Dst">15957#in:1</P>
    </Branch>
    <Branch>
      <P Name="ZOrder">213</P>
      <P Name="Points">[0, 145]</P>
      <P Name="Dst">15937#in:1</P>
    </Branch>
  </Line>
  <Line>
    <P Name="ZOrder">214</P>
    <P Name="Src">15937#out:1</P>
    <P Name="Dst">12643#in:1</P>
  </Line>
  <Line>
    <P Name="Name">bebop_sensors_local</P>
    <P Name="ZOrder">219</P>
    <P Name="Labels">[1, 1]</P>
    <P Name="Src">15957#out:1</P>
    <P Name="Dst">15938#in:1</P>
  </Line>
  <Line>
    <P Name="ZOrder">227</P>
    <P Name="Src">15033#out:1</P>
    <P Name="Points">[25, 0]</P>
    <Branch>
      <P Name="ZOrder">237</P>
      <P Name="Points">[0, -115]</P>
      <P Name="Dst">15035#in:1</P>
    </Branch>
    <Branch>
      <P Name="ZOrder">228</P>
      <P Name="Dst">16408#in:1</P>
    </Branch>
  </Line>
  <Line>
    <P Name="ZOrder">283</P>
    <P Name="Src">16506#out:1</P>
    <P Name="Points">[95, 0; 0, -55]</P>
    <P Name="Dst">15874#in:5</P>
  </Line>
  <Line>
    <P Name="ZOrder">307</P>
    <P Name="Src">16507#out:3</P>
    <P Name="Points">[154, 0; 0, -125]</P>
    <P Name="Dst">15874#in:11</P>
  </Line>
  <Line>
    <P Name="ZOrder">308</P>
    <P Name="Src">16507#out:2</P>
    <P Name="Points">[148, 0; 0, -135]</P>
    <P Name="Dst">15874#in:10</P>
  </Line>
  <Line>
    <P Name="ZOrder">309</P>
    <P Name="Src">16507#out:1</P>
    <P Name="Points">[141, 0; 0, -145]</P>
    <P Name="Dst">15874#in:9</P>
  </Line>
</System>
