<?xml version="1.0" encoding="utf-8"?>
<System>
  <P Name="Location">[-7, -7, 1543, 831]</P>
  <P Name="SystemRect">[0.000000, 0.000000, 0.000000, 0.000000]</P>
  <P Name="SetExecutionDomain">off</P>
  <P Name="ExecutionDomainType">Deduce</P>
  <P Name="PaperType">usletter</P>
  <P Name="PaperUnits">inches</P>
  <P Name="TiledPaperMargins">[0.500000, 0.500000, 0.500000, 0.500000]</P>
  <P Name="SimulinkSubDomain">Simulink</P>
  <Block BlockType="Inport" Name="pos_OT" SID="16147">
    <P Name="Position">[70, 163, 100, 177]</P>
    <P Name="ZOrder">-1</P>
  </Block>
  <Block BlockType="SubSystem" Name="computes_vel" SID="16148">
    <P Name="Ports">[1, 1]</P>
    <P Name="Position">[230, 139, 360, 201]</P>
    <P Name="ZOrder">4732</P>
    <P Name="LibraryVersion">1.32</P>
    <P Name="ErrorFcn">Stateflow.Translate.translate</P>
    <P Name="PermitHierarchicalResolution">ExplicitOnly</P>
    <P Name="TreatAsAtomicUnit">on</P>
    <P Name="RequestExecContextInheritance">off</P>
    <P Name="SFBlockType">MATLAB Function</P>
    <System Ref="system_16148"/>
  </Block>
  <Block BlockType="Outport" Name="vel_OT" SID="16149">
    <P Name="Position">[510, 163, 540, 177]</P>
    <P Name="ZOrder">-3</P>
    <P Name="VectorParamsAs1DForOutWhenUnconnected">off</P>
  </Block>
  <Line>
    <P Name="ZOrder">1</P>
    <P Name="Src">16147#out:1</P>
    <P Name="Dst">16148#in:1</P>
  </Line>
  <Line>
    <P Name="ZOrder">2</P>
    <P Name="Src">16148#out:1</P>
    <P Name="Dst">16149#in:1</P>
  </Line>
</System>
