<?xml version="1.0" encoding="utf-8"?>
<System>
  <P Name="Location">[-7, -7, 1543, 831]</P>
  <P Name="SystemRect">[0.000000, 0.000000, 0.000000, 0.000000]</P>
  <P Name="SetExecutionDomain">off</P>
  <P Name="ExecutionDomainType">Deduce</P>
  <P Name="ZoomFactor">197</P>
  <P Name="SimulinkSubDomain">Simulink</P>
  <Block BlockType="Inport" Name="pwm_tgt" SID="12835">
    <P Name="Position">[-35, 115, -15, 135]</P>
    <P Name="ZOrder">-1</P>
  </Block>
  <Block BlockType="SubSystem" Name="Model" SID="2971">
    <P Name="Ports">[1, 2]</P>
    <P Name="Position">[100, 58, 205, 202]</P>
    <P Name="ZOrder">817</P>
    <P Name="RequestExecContextInheritance">off</P>
    <P Name="VariantControl">SIMULATION_MODE</P>
    <System Ref="system_2971"/>
  </Block>
  <Block BlockType="SubSystem" Name="Model disabled" SID="12994">
    <P Name="Ports">[]</P>
    <P Name="Position">[100, 226, 205, 364]</P>
    <P Name="ZOrder">1668</P>
    <P Name="RequestExecContextInheritance">off</P>
    <P Name="VariantControl">EXPERIMENT_MODE</P>
    <System Ref="system_12994"/>
  </Block>
  <Block BlockType="Outport" Name="pos_att_NED" SID="12990">
    <P Name="Position">[330, 120, 350, 140]</P>
    <P Name="ZOrder">-2</P>
    <P Name="OutDataTypeStr">Bus: BUS_bebop_pos_att</P>
    <P Name="VectorParamsAs1DForOutWhenUnconnected">off</P>
  </Block>
  <Block BlockType="Outport" Name="batt_info" SID="12993">
    <P Name="Position">[330, 275, 350, 295]</P>
    <P Name="ZOrder">-5</P>
    <P Name="Port">2</P>
    <P Name="VectorParamsAs1DForOutWhenUnconnected">off</P>
  </Block>
</System>
