<?xml version="1.0" encoding="utf-8"?>
<System>
  <P Name="Location">[1529, -7, 3079, 831]</P>
  <P Name="SystemRect">[0.000000, 0.000000, 0.000000, 0.000000]</P>
  <P Name="SetExecutionDomain">off</P>
  <P Name="ExecutionDomainType">Deduce</P>
  <P Name="PaperType">usletter</P>
  <P Name="PaperUnits">inches</P>
  <P Name="TiledPaperMargins">[0.500000, 0.500000, 0.500000, 0.500000]</P>
  <P Name="ZoomFactor">175</P>
  <P Name="SimulinkSubDomain">Simulink</P>
  <Block BlockType="Inport" Name="Vz_ref" SID="15022">
    <P Name="Position">[-5, 108, 25, 122]</P>
    <P Name="ZOrder">100000</P>
  </Block>
  <Block BlockType="Inport" Name="bebop_state" SID="15949">
    <P Name="Position">[-5, 138, 25, 152]</P>
    <P Name="ZOrder">100000</P>
    <P Name="Port">2</P>
  </Block>
  <Block BlockType="Inport" Name="altitude" SID="16540">
    <P Name="Position">[-5, 168, 25, 182]</P>
    <P Name="ZOrder">100000</P>
    <P Name="Port">3</P>
  </Block>
  <Block BlockType="SubSystem" Name="MATLAB Function1" SID="15950">
    <P Name="Ports">[3, 2]</P>
    <P Name="Position">[110, 97, 270, 193]</P>
    <P Name="ZOrder">100000</P>
    <P Name="ErrorFcn">Stateflow.Translate.translate</P>
    <P Name="PermitHierarchicalResolution">ExplicitOnly</P>
    <P Name="TreatAsAtomicUnit">on</P>
    <P Name="RequestExecContextInheritance">off</P>
    <P Name="SFBlockType">MATLAB Function</P>
    <P Name="ContentPreviewEnabled">on</P>
    <Port>
      <P Name="PortNumber">1</P>
      <P Name="Name">vz_ref_out</P>
      <P Name="PropagatedSignals">Vz_ref_out</P>
    </Port>
    <Port>
      <P Name="PortNumber">2</P>
      <P Name="Name">Motor_on</P>
      <P Name="PropagatedSignals">Motor_on</P>
    </Port>
    <System Ref="system_15950"/>
  </Block>
  <Block BlockType="RateTransition" Name="Rate Transition" SID="15952">
    <P Name="Position">[340, 106, 380, 134]</P>
    <P Name="ZOrder">100000</P>
    <P Name="OutPortSampleTime">Ts_bebop</P>
  </Block>
  <Block BlockType="RateTransition" Name="Rate Transition1" SID="15953">
    <P Name="Position">[340, 151, 380, 179]</P>
    <P Name="ZOrder">100000</P>
    <P Name="OutPortSampleTime">Ts_bebop</P>
  </Block>
  <Block BlockType="Outport" Name="Vz_ref_out" SID="15015">
    <P Name="Position">[420, 110, 440, 130]</P>
    <P Name="ZOrder">100000</P>
    <P Name="ForegroundColor">red</P>
    <P Name="VectorParamsAs1DForOutWhenUnconnected">off</P>
  </Block>
  <Block BlockType="Outport" Name="Motor_On" SID="15016">
    <P Name="Position">[420, 155, 440, 175]</P>
    <P Name="ZOrder">100000</P>
    <P Name="ForegroundColor">red</P>
    <P Name="Port">2</P>
    <P Name="VectorParamsAs1DForOutWhenUnconnected">off</P>
  </Block>
  <Line>
    <P Name="ZOrder">9</P>
    <P Name="Src">15022#out:1</P>
    <P Name="Dst">15950#in:1</P>
  </Line>
  <Line>
    <P Name="ZOrder">36</P>
    <P Name="Src">15949#out:1</P>
    <P Name="Dst">15950#in:2</P>
  </Line>
  <Line>
    <P Name="Name">vz_ref_out</P>
    <P Name="ZOrder">51</P>
    <P Name="Labels">[2, 0]</P>
    <P Name="Src">15950#out:1</P>
    <P Name="Points">[0, 0]</P>
    <P Name="Dst">15952#in:1</P>
  </Line>
  <Line>
    <P Name="Name">Motor_on</P>
    <P Name="ZOrder">52</P>
    <P Name="Labels">[2, 1]</P>
    <P Name="Src">15950#out:2</P>
    <P Name="Points">[33, 0; 0, -5]</P>
    <P Name="Dst">15953#in:1</P>
  </Line>
  <Line>
    <P Name="ZOrder">56</P>
    <P Name="Src">15952#out:1</P>
    <P Name="Dst">15015#in:1</P>
  </Line>
  <Line>
    <P Name="ZOrder">55</P>
    <P Name="Src">15953#out:1</P>
    <P Name="Dst">15016#in:1</P>
  </Line>
  <Line>
    <P Name="ZOrder">58</P>
    <P Name="Src">16540#out:1</P>
    <P Name="Dst">15950#in:3</P>
  </Line>
</System>
