<?xml version="1.0" encoding="utf-8"?>
<System>
  <P Name="Location">[8, 8, 1558, 846]</P>
  <P Name="SystemRect">[0.000000, 0.000000, 0.000000, 0.000000]</P>
  <P Name="Open">on</P>
  <P Name="SetExecutionDomain">off</P>
  <P Name="ExecutionDomainType">Deduce</P>
  <P Name="ZoomFactor">183</P>
  <P Name="SimulinkSubDomain">Simulink</P>
  <Block BlockType="Inport" Name="bebop_tgt" SID="12738">
    <P Name="Position">[20, 35, 40, 55]</P>
    <P Name="ZOrder">-1</P>
  </Block>
  <Block BlockType="Inport" Name="bebop_ctrl" SID="14985">
    <P Name="Position">[20, 160, 40, 180]</P>
    <P Name="ZOrder">3439</P>
    <P Name="Port">2</P>
  </Block>
  <Block BlockType="SubSystem" Name="Inner Loop (Parrot)" SID="11804">
    <P Name="Ports">[2, 2]</P>
    <P Name="Position">[100, 31, 240, 144]</P>
    <P Name="ZOrder">1675</P>
    <P Name="ForegroundColor">green</P>
    <P Name="RequestExecContextInheritance">off</P>
    <P Name="VariantControl">SIMULATION_MODE</P>
    <System Ref="system_11804"/>
  </Block>
  <Block BlockType="SubSystem" Name="Udp send" SID="12995">
    <P Name="Ports">[2, 1]</P>
    <P Name="Position">[100, 195, 205, 275]</P>
    <P Name="ZOrder">3436</P>
    <P Name="FontName">Arial</P>
    <P Name="FontSize">12</P>
    <P Name="FontWeight">bold</P>
    <P Name="RequestExecContextInheritance">off</P>
    <P Name="VariantControl">EXPERIMENT_MODE</P>
    <System Ref="system_12995"/>
  </Block>
  <Block BlockType="Outport" Name="pwm_tgt" SID="12833">
    <P Name="Position">[305, 105, 325, 125]</P>
    <P Name="ZOrder">-13</P>
    <P Name="VectorParamsAs1DForOutWhenUnconnected">off</P>
  </Block>
  <Block BlockType="Outport" Name="bebop_state" SID="15926">
    <P Name="Position">[305, 153, 335, 167]</P>
    <P Name="ZOrder">3440</P>
    <P Name="Port">2</P>
    <P Name="VectorParamsAs1DForOutWhenUnconnected">off</P>
  </Block>
</System>
