<?xml version="1.0" encoding="utf-8"?>
<System>
  <P Name="Location">[-7, -7, 1543, 831]</P>
  <P Name="SystemRect">[0.000000, 0.000000, 0.000000, 0.000000]</P>
  <P Name="SetExecutionDomain">off</P>
  <P Name="ExecutionDomainType">Deduce</P>
  <P Name="ZoomFactor">128</P>
  <P Name="SimulinkSubDomain">Simulink</P>
  <Block BlockType="Inport" Name="pwm_tgt" SID="3062">
    <P Name="Position">[125, 375, 165, 395]</P>
    <P Name="ZOrder">529</P>
  </Block>
  <Block BlockType="SubSystem" Name="Acutators1" SID="14343">
    <P Name="Ports">[1, 1]</P>
    <P Name="Position">[245, 337, 410, 433]</P>
    <P Name="ZOrder">1745</P>
    <P Name="RequestExecContextInheritance">off</P>
    <System Ref="system_14343"/>
  </Block>
  <Block BlockType="SubSystem" Name="Bus Mapping1" SID="9815">
    <P Name="Ports">[4, 1]</P>
    <P Name="Position">[1150, 27, 1265, 298]</P>
    <P Name="ZOrder">1639</P>
    <P Name="RequestExecContextInheritance">off</P>
    <System Ref="system_9815"/>
  </Block>
  <Block BlockType="Constant" Name="Constant" SID="13792">
    <P Name="Position">[950, 440, 1055, 460]</P>
    <P Name="ZOrder">1735</P>
    <P Name="ShowName">off</P>
    <P Name="Value">drone.bias_angle</P>
  </Block>
  <Block BlockType="Constant" Name="Constant1" SID="14644">
    <P Name="Position">[135, 255, 225, 285]</P>
    <P Name="ZOrder">1751</P>
    <P Name="Value">100</P>
    <P Name="SampleTime">0</P>
  </Block>
  <Block BlockType="Reference" Name="Fixed Mass 6DoF (Euler Angles)" SID="10967">
    <P Name="Ports">[2, 8]</P>
    <P Name="Position">[735, 341, 925, 649]</P>
    <P Name="ZOrder">1727</P>
    <P Name="LibraryVersion">3.0</P>
    <P Name="SourceBlock">aerolibobsolete/6DoF (Euler Angles)</P>
    <P Name="SourceType">6DoF EoM (Body Axis)</P>
    <P Name="SourceProductBaseCode">AE</P>
    <InstanceData>
      <P Name="RTWMemSecFuncInitTerm">Inherit from model</P>
      <P Name="RTWMemSecFuncExecute">Inherit from model</P>
      <P Name="RTWMemSecDataConstants">Inherit from model</P>
      <P Name="RTWMemSecDataInternal">Inherit from model</P>
      <P Name="RTWMemSecDataParameters">Inherit from model</P>
      <P Name="ContentPreviewEnabled">off</P>
      <P Name="units">Metric (MKS)</P>
      <P Name="mtype">Fixed</P>
      <P Name="rep">Euler Angles</P>
      <P Name="xme_0">init_state.Pterre0</P>
      <P Name="Vm_0">init_state.Vuvw0</P>
      <P Name="eul_0">init_state.Angles0</P>
      <P Name="pm_0">init_state.pqr0</P>
      <P Name="mass_0">drone.mtot</P>
      <P Name="mass_e">0</P>
      <P Name="mass_f">0</P>
      <P Name="inertia">drone.Itot</P>
      <P Name="inertia_e">eye(3)</P>
      <P Name="inertia_f">eye(3)</P>
      <P Name="k_quat">1.0</P>
    </InstanceData>
    <Port>
      <P Name="PortNumber">3</P>
      <P Name="Name">angles</P>
    </Port>
    <Port>
      <P Name="PortNumber">4</P>
      <P Name="Name">DCM</P>
    </Port>
    <Port>
      <P Name="PortNumber">5</P>
      <P Name="Name">Vd</P>
    </Port>
    <Port>
      <P Name="PortNumber">6</P>
      <P Name="Name">p q r</P>
    </Port>
  </Block>
  <Block BlockType="From" Name="From1" SID="9836">
    <P Name="Position">[1020, 55, 1105, 75]</P>
    <P Name="ZOrder">1645</P>
    <P Name="ShowName">off</P>
    <P Name="GotoTag">pos_NED</P>
    <P Name="TagVisibility">global</P>
  </Block>
  <Block BlockType="From" Name="From10" SID="4883">
    <P Name="Position">[380, 525, 460, 545]</P>
    <P Name="ZOrder">561</P>
    <P Name="ShowName">off</P>
    <P Name="GotoTag">vel_Rb</P>
    <P Name="TagVisibility">global</P>
  </Block>
  <Block BlockType="From" Name="From2" SID="9837">
    <P Name="Position">[1020, 185, 1105, 205]</P>
    <P Name="ZOrder">1643</P>
    <P Name="ShowName">off</P>
    <P Name="GotoTag">Phi_Theta_Psi</P>
    <P Name="TagVisibility">global</P>
  </Block>
  <Block BlockType="From" Name="From3" SID="9838">
    <P Name="Position">[1020, 250, 1105, 270]</P>
    <P Name="ZOrder">1644</P>
    <P Name="ShowName">off</P>
    <P Name="GotoTag">pqr_Rb</P>
    <P Name="TagVisibility">global</P>
  </Block>
  <Block BlockType="From" Name="From4" SID="9839">
    <P Name="Position">[1020, 120, 1105, 140]</P>
    <P Name="ZOrder">1646</P>
    <P Name="ShowName">off</P>
    <P Name="GotoTag">vel_NED</P>
    <P Name="TagVisibility">global</P>
  </Block>
  <Block BlockType="From" Name="From9" SID="4882">
    <P Name="Position">[380, 450, 465, 470]</P>
    <P Name="ZOrder">559</P>
    <P Name="ShowName">off</P>
    <P Name="GotoTag">pqr_Rb</P>
    <P Name="TagVisibility">global</P>
  </Block>
  <Block BlockType="Goto" Name="Goto" SID="10968">
    <P Name="Position">[1065, 467, 1150, 483]</P>
    <P Name="ZOrder">1720</P>
    <P Name="ShowName">off</P>
    <P Name="GotoTag">DCM</P>
    <P Name="TagVisibility">global</P>
  </Block>
  <Block BlockType="Goto" Name="Goto1" SID="10969">
    <P Name="Position">[1255, 326, 1345, 344]</P>
    <P Name="ZOrder">1721</P>
    <P Name="ShowName">off</P>
    <P Name="GotoTag">pos_NED</P>
    <P Name="TagVisibility">global</P>
  </Block>
  <Block BlockType="Goto" Name="Goto2" SID="10970">
    <P Name="Position">[1255, 437, 1345, 453]</P>
    <P Name="ZOrder">1722</P>
    <P Name="ShowName">off</P>
    <P Name="GotoTag">Phi_Theta_Psi</P>
    <P Name="TagVisibility">global</P>
  </Block>
  <Block BlockType="Goto" Name="Goto3" SID="10971">
    <P Name="Position">[1060, 627, 1150, 643]</P>
    <P Name="ZOrder">1730</P>
    <P Name="ShowName">off</P>
    <P Name="GotoTag">Ab</P>
    <P Name="TagVisibility">global</P>
  </Block>
  <Block BlockType="Goto" Name="Goto4" SID="10972">
    <P Name="Position">[1255, 547, 1345, 563]</P>
    <P Name="ZOrder">1723</P>
    <P Name="ShowName">off</P>
    <P Name="GotoTag">pqr_Rb</P>
    <P Name="TagVisibility">global</P>
  </Block>
  <Block BlockType="Goto" Name="Goto5" SID="10973">
    <P Name="Position">[1060, 507, 1150, 523]</P>
    <P Name="ZOrder">1728</P>
    <P Name="ShowName">off</P>
    <P Name="GotoTag">vel_Rb</P>
    <P Name="TagVisibility">global</P>
  </Block>
  <Block BlockType="Goto" Name="Goto6" SID="10974">
    <P Name="Position">[1255, 347, 1345, 363]</P>
    <P Name="ZOrder">1729</P>
    <P Name="ShowName">off</P>
    <P Name="GotoTag">vel_NED</P>
    <P Name="TagVisibility">global</P>
  </Block>
  <Block BlockType="Goto" Name="Goto7" SID="10975">
    <P Name="Position">[1060, 587, 1150, 603]</P>
    <P Name="ZOrder">1731</P>
    <P Name="ShowName">off</P>
    <P Name="GotoTag">d_pqr_Rb</P>
    <P Name="TagVisibility">global</P>
  </Block>
  <Block BlockType="Reference" Name="Quad rotor model sol" SID="14554">
    <P Name="Ports">[4, 2]</P>
    <P Name="Position">[505, 343, 670, 652]</P>
    <P Name="ZOrder">1748</P>
    <P Name="ForegroundColor">yellow</P>
    <P Name="LibraryVersion">1.42</P>
    <P Name="SourceBlock">drones/Quad rotor model sol</P>
    <P Name="SourceType"/>
    <InstanceData>
      <P Name="RTWMemSecFuncInitTerm">Inherit from model</P>
      <P Name="RTWMemSecFuncExecute">Inherit from model</P>
      <P Name="RTWMemSecDataConstants">Inherit from model</P>
      <P Name="RTWMemSecDataInternal">Inherit from model</P>
      <P Name="RTWMemSecDataParameters">Inherit from model</P>
      <P Name="ContentPreviewEnabled">off</P>
      <P Name="Pw">motor.Pw</P>
      <P Name="L">drone.lenght_arm</P>
      <P Name="Mw">motor.Mw</P>
      <P Name="mtot">drone.mtot</P>
      <P Name="rho">aero.rho</P>
      <P Name="S_drag_uvw">aero.S_trainee_uvw</P>
      <P Name="C_drag">aero.C_trainee</P>
      <P Name="g">aero.g</P>
      <P Name="C_trainee">0</P>
      <P Name="S_trainee_pqr">0</P>
    </InstanceData>
    <Port>
      <P Name="PortNumber">2</P>
      <P Name="Name">M</P>
    </Port>
  </Block>
  <Block BlockType="Sum" Name="Sum" SID="13793">
    <P Name="Ports">[2, 1]</P>
    <P Name="Position">[1095, 427, 1115, 458]</P>
    <P Name="ZOrder">1734</P>
    <P Name="ShowName">off</P>
    <P Name="IconShape">rectangular</P>
  </Block>
  <Block BlockType="Terminator" Name="Terminator1" SID="10977">
    <P Name="Position">[980, 386, 1000, 404]</P>
    <P Name="ZOrder">1726</P>
    <P Name="ShowName">off</P>
  </Block>
  <Block BlockType="SubSystem" Name="Vitesse&amp;Position_Saturation" SID="10978">
    <P Name="Ports">[1, 3]</P>
    <P Name="Position">[1035, 327, 1125, 383]</P>
    <P Name="ZOrder">1724</P>
    <P Name="NameLocation">top</P>
    <P Name="RequestExecContextInheritance">off</P>
    <Port>
      <P Name="PortNumber">2</P>
      <P Name="Name">vitesse_Ro</P>
    </Port>
    <System Ref="system_10978"/>
  </Block>
  <Block BlockType="Outport" Name="pos_att_NED" SID="9833">
    <P Name="Position">[1315, 148, 1345, 162]</P>
    <P Name="ZOrder">1640</P>
    <P Name="OutDataTypeStr">Bus: BUS_bebop_pos_att</P>
    <P Name="VectorParamsAs1DForOutWhenUnconnected">off</P>
  </Block>
  <Block BlockType="Outport" Name="batt_info" SID="14643">
    <P Name="Position">[280, 260, 300, 280]</P>
    <P Name="ZOrder">1750</P>
    <P Name="Port">2</P>
    <P Name="SampleTime">0</P>
    <P Name="VectorParamsAs1DForOutWhenUnconnected">off</P>
  </Block>
  <Line>
    <P Name="Name">vitesse_Ro</P>
    <P Name="ZOrder">1</P>
    <P Name="Labels">[0, 0]</P>
    <P Name="Src">10978#out:2</P>
    <P Name="Dst">10974#in:1</P>
  </Line>
  <Line>
    <P Name="ZOrder">5</P>
    <P Name="Src">10967#out:8</P>
    <P Name="Dst">10971#in:1</P>
  </Line>
  <Line>
    <P Name="Name">Vd</P>
    <P Name="ZOrder">6</P>
    <P Name="Labels">[-1, 0]</P>
    <P Name="Src">10967#out:5</P>
    <P Name="Dst">10973#in:1</P>
  </Line>
  <Line>
    <P Name="Name">DCM</P>
    <P Name="ZOrder">7</P>
    <P Name="Labels">[1, 1]</P>
    <P Name="Src">10967#out:4</P>
    <P Name="Dst">10968#in:1</P>
  </Line>
  <Line>
    <P Name="Name">angles</P>
    <P Name="ZOrder">48</P>
    <P Name="Labels">[1, 1]</P>
    <P Name="Src">10967#out:3</P>
    <P Name="Dst">13793#in:1</P>
  </Line>
  <Line>
    <P Name="ZOrder">9</P>
    <P Name="Src">10967#out:1</P>
    <P Name="Dst">10978#in:1</P>
  </Line>
  <Line>
    <P Name="ZOrder">12</P>
    <P Name="Src">10967#out:2</P>
    <P Name="Dst">10977#in:1</P>
  </Line>
  <Line>
    <P Name="Name">p q r</P>
    <P Name="ZOrder">13</P>
    <P Name="Labels">[1, 1]</P>
    <P Name="Src">10967#out:6</P>
    <P Name="Dst">10972#in:1</P>
  </Line>
  <Line>
    <P Name="ZOrder">14</P>
    <P Name="Src">10967#out:7</P>
    <P Name="Dst">10975#in:1</P>
  </Line>
  <Line>
    <P Name="ZOrder">118</P>
    <P Name="Src">4882#out:1</P>
    <P Name="Dst">14554#in:2</P>
  </Line>
  <Line>
    <P Name="ZOrder">113</P>
    <P Name="Src">3062#out:1</P>
    <P Name="Dst">14343#in:1</P>
  </Line>
  <Line>
    <P Name="ZOrder">33</P>
    <P Name="Src">9836#out:1</P>
    <P Name="Dst">9815#in:1</P>
  </Line>
  <Line>
    <P Name="ZOrder">34</P>
    <P Name="Src">9839#out:1</P>
    <P Name="Dst">9815#in:2</P>
  </Line>
  <Line>
    <P Name="ZOrder">35</P>
    <P Name="Src">9838#out:1</P>
    <P Name="Dst">9815#in:4</P>
  </Line>
  <Line>
    <P Name="ZOrder">36</P>
    <P Name="Src">9837#out:1</P>
    <P Name="Dst">9815#in:3</P>
  </Line>
  <Line>
    <P Name="ZOrder">38</P>
    <P Name="Src">9815#out:1</P>
    <P Name="Points">[15, 0; 0, -10]</P>
    <P Name="Dst">9833#in:1</P>
  </Line>
  <Line>
    <P Name="Name">M</P>
    <P Name="ZOrder">123</P>
    <P Name="Labels">[-1, 0]</P>
    <P Name="Src">14554#out:2</P>
    <P Name="Dst">10967#in:2</P>
  </Line>
  <Line>
    <P Name="ZOrder">120</P>
    <P Name="Src">4883#out:1</P>
    <P Name="Dst">14554#in:3</P>
  </Line>
  <Line>
    <P Name="ZOrder">122</P>
    <P Name="Src">14554#out:1</P>
    <P Name="Dst">10967#in:1</P>
  </Line>
  <Line>
    <P Name="ZOrder">49</P>
    <P Name="Src">13793#out:1</P>
    <P Name="Dst">10970#in:1</P>
  </Line>
  <Line>
    <P Name="ZOrder">44</P>
    <P Name="Src">13792#out:1</P>
    <P Name="Dst">13793#in:2</P>
  </Line>
  <Line>
    <P Name="ZOrder">84</P>
    <P Name="Src">10978#out:1</P>
    <P Name="Dst">10969#in:1</P>
  </Line>
  <Line>
    <P Name="ZOrder">90</P>
    <P Name="Src">10978#out:3</P>
    <P Name="Points">[28, 0; 0, 312; -684, 0; 0, -77]</P>
    <P Name="Dst">14554#in:4</P>
  </Line>
  <Line>
    <P Name="ZOrder">124</P>
    <P Name="Src">14343#out:1</P>
    <P Name="Dst">14554#in:1</P>
  </Line>
  <Line>
    <P Name="ZOrder">152</P>
    <P Name="Src">14644#out:1</P>
    <P Name="Dst">14643#in:1</P>
  </Line>
</System>
