<?xml version="1.0" encoding="utf-8"?>
<System>
  <P Name="Location">[-7, -7, 1543, 831]</P>
  <P Name="SystemRect">[0.000000, 0.000000, 0.000000, 0.000000]</P>
  <P Name="SetExecutionDomain">off</P>
  <P Name="ExecutionDomainType">Deduce</P>
  <P Name="PaperType">usletter</P>
  <P Name="PaperUnits">inches</P>
  <P Name="TiledPaperMargins">[0.500000, 0.500000, 0.500000, 0.500000]</P>
  <P Name="ZoomFactor">421</P>
  <P Name="SimulinkSubDomain">Simulink</P>
  <Block BlockType="Inport" Name="x" SID="16050">
    <P Name="Position">[20, 33, 50, 47]</P>
    <P Name="ZOrder">562</P>
  </Block>
  <Block BlockType="Gain" Name="Gain1" SID="16051">
    <P Name="Position">[135, 22, 200, 58]</P>
    <P Name="ZOrder">566</P>
    <P Name="ShowName">off</P>
    <P Name="Gain">1/tr5</P>
  </Block>
  <Block BlockType="Gain" Name="Gain2" SID="16052">
    <P Name="Position">[285, 27, 310, 53]</P>
    <P Name="ZOrder">565</P>
    <P Name="ShowName">off</P>
    <P Name="Gain">K</P>
  </Block>
  <Block BlockType="Integrator" Name="Integrator" SID="16053">
    <P Name="Ports">[1, 1]</P>
    <P Name="Position">[220, 25, 250, 55]</P>
    <P Name="ZOrder">560</P>
    <P Name="ShowName">off</P>
    <P Name="InitialCondition">init_inte</P>
  </Block>
  <Block BlockType="Sum" Name="Sum4" SID="16054">
    <P Name="Ports">[2, 1]</P>
    <P Name="Position">[90, 30, 110, 50]</P>
    <P Name="ZOrder">558</P>
    <P Name="ShowName">off</P>
    <P Name="Inputs">|+-</P>
  </Block>
  <Block BlockType="Outport" Name="x_retard" SID="16055">
    <P Name="Position">[335, 33, 365, 47]</P>
    <P Name="ZOrder">563</P>
    <P Name="VectorParamsAs1DForOutWhenUnconnected">off</P>
  </Block>
  <Line>
    <P Name="ZOrder">1</P>
    <P Name="Src">16051#out:1</P>
    <P Name="Dst">16053#in:1</P>
  </Line>
  <Line>
    <P Name="ZOrder">2</P>
    <P Name="Src">16053#out:1</P>
    <P Name="Points">[10, 0]</P>
    <Branch>
      <P Name="ZOrder">3</P>
      <P Name="Dst">16052#in:1</P>
    </Branch>
    <Branch>
      <P Name="ZOrder">4</P>
      <P Name="Points">[0, 26; -165, 0]</P>
      <P Name="Dst">16054#in:2</P>
    </Branch>
  </Line>
  <Line>
    <P Name="ZOrder">5</P>
    <P Name="Src">16054#out:1</P>
    <P Name="Dst">16051#in:1</P>
  </Line>
  <Line>
    <P Name="ZOrder">6</P>
    <P Name="Src">16050#out:1</P>
    <P Name="Dst">16054#in:1</P>
  </Line>
  <Line>
    <P Name="ZOrder">7</P>
    <P Name="Src">16052#out:1</P>
    <P Name="Dst">16055#in:1</P>
  </Line>
</System>
