<?xml version="1.0" encoding="utf-8"?>
<System>
  <P Name="Location">[-8, -8, 1928, 1048]</P>
  <P Name="SystemRect">[0.000000, 0.000000, 0.000000, 0.000000]</P>
  <P Name="SetExecutionDomain">off</P>
  <P Name="ExecutionDomainType">Deduce</P>
  <P Name="PaperType">usletter</P>
  <P Name="PaperUnits">inches</P>
  <P Name="TiledPaperMargins">[0.500000, 0.500000, 0.500000, 0.500000]</P>
  <P Name="ZoomFactor">142</P>
  <P Name="SimulinkSubDomain">Simulink</P>
  <Block BlockType="Inport" Name="Xref" SID="15616">
    <P Name="Position">[230, -2, 260, 12]</P>
    <P Name="ZOrder">100000</P>
  </Block>
  <Block BlockType="Inport" Name="Yref" SID="15617">
    <P Name="Position">[240, 93, 270, 107]</P>
    <P Name="ZOrder">100000</P>
    <P Name="Port">2</P>
  </Block>
  <Block BlockType="Inport" Name="Zref" SID="15618">
    <P Name="Position">[240, 203, 270, 217]</P>
    <P Name="ZOrder">100000</P>
    <P Name="ForegroundColor">green</P>
    <P Name="Port">3</P>
  </Block>
  <Block BlockType="Inport" Name="Yaw_ref" SID="15635">
    <P Name="Position">[240, 278, 270, 292]</P>
    <P Name="ZOrder">100000</P>
    <P Name="Port">4</P>
  </Block>
  <Block BlockType="Inport" Name="optitrack" SID="15565">
    <P Name="Position">[45, 113, 75, 127]</P>
    <P Name="ZOrder">100000</P>
    <P Name="Port">5</P>
  </Block>
  <Block BlockType="Inport" Name="EnableController" SID="15650">
    <P Name="Position">[110, -77, 140, -63]</P>
    <P Name="ZOrder">100000</P>
    <P Name="Port">6</P>
  </Block>
  <Block BlockType="BusSelector" Name="Bus&#xA;Selector1" SID="15566">
    <P Name="Ports">[1, 7]</P>
    <P Name="Position">[110, 21, 115, 229]</P>
    <P Name="ZOrder">100000</P>
    <P Name="ShowName">off</P>
    <P Name="OutputSignals">x,Vx,y,Vy,z,yaw,Vz</P>
    <Port>
      <P Name="PortNumber">1</P>
      <P Name="Name">&lt;x&gt;</P>
    </Port>
    <Port>
      <P Name="PortNumber">2</P>
      <P Name="Name">&lt;Vx&gt;</P>
    </Port>
    <Port>
      <P Name="PortNumber">3</P>
      <P Name="Name">&lt;y&gt;</P>
    </Port>
    <Port>
      <P Name="PortNumber">4</P>
      <P Name="Name">&lt;Vy&gt;</P>
    </Port>
    <Port>
      <P Name="PortNumber">5</P>
      <P Name="Name">&lt;z&gt;</P>
    </Port>
    <Port>
      <P Name="PortNumber">6</P>
      <P Name="Name">&lt;yaw&gt;</P>
    </Port>
    <Port>
      <P Name="PortNumber">7</P>
      <P Name="Name">&lt;Vz&gt;</P>
    </Port>
  </Block>
  <Block BlockType="SubSystem" Name="Control x&#xA;" SID="15572">
    <P Name="Ports">[3, 1, 1]</P>
    <P Name="Position">[325, -4, 520, 44]</P>
    <P Name="ZOrder">100000</P>
    <P Name="ForegroundColor">green</P>
    <P Name="RequestExecContextInheritance">off</P>
    <Port>
      <P Name="PortNumber">1</P>
      <P Name="Name">theta_x</P>
    </Port>
    <System Ref="system_15572"/>
  </Block>
  <Block BlockType="SubSystem" Name="Control y" SID="15585">
    <P Name="Ports">[3, 1, 1]</P>
    <P Name="Position">[325, 91, 520, 139]</P>
    <P Name="ZOrder">100000</P>
    <P Name="RequestExecContextInheritance">off</P>
    <Port>
      <P Name="PortNumber">1</P>
      <P Name="Name">phi_y</P>
    </Port>
    <System Ref="system_15585"/>
  </Block>
  <Block BlockType="SubSystem" Name="Control yaw" SID="15624">
    <P Name="Ports">[2, 1, 1]</P>
    <P Name="Position">[325, 278, 520, 322]</P>
    <P Name="ZOrder">100000</P>
    <P Name="RequestExecContextInheritance">off</P>
    <System Ref="system_15624"/>
  </Block>
  <Block BlockType="SubSystem" Name="Control z" SID="15595">
    <P Name="Ports">[3, 1, 1]</P>
    <P Name="Position">[325, 203, 520, 257]</P>
    <P Name="ZOrder">100000</P>
    <P Name="RequestExecContextInheritance">off</P>
    <Port>
      <P Name="PortNumber">1</P>
      <P Name="Name">Vz</P>
    </Port>
    <System Ref="system_15595"/>
  </Block>
  <Block BlockType="Outport" Name="theta_x" SID="15612">
    <P Name="Position">[605, 13, 635, 27]</P>
    <P Name="ZOrder">100000</P>
    <P Name="VectorParamsAs1DForOutWhenUnconnected">off</P>
  </Block>
  <Block BlockType="Outport" Name="phi_y" SID="15615">
    <P Name="Position">[605, 108, 635, 122]</P>
    <P Name="ZOrder">100000</P>
    <P Name="Port">2</P>
    <P Name="VectorParamsAs1DForOutWhenUnconnected">off</P>
  </Block>
  <Block BlockType="Outport" Name="yaw_rate" SID="15636">
    <P Name="Position">[605, 293, 635, 307]</P>
    <P Name="ZOrder">100000</P>
    <P Name="Port">3</P>
    <P Name="VectorParamsAs1DForOutWhenUnconnected">off</P>
  </Block>
  <Block BlockType="Outport" Name="Vzref" SID="15614">
    <P Name="Position">[605, 213, 635, 227]</P>
    <P Name="ZOrder">100000</P>
    <P Name="Port">4</P>
    <P Name="VectorParamsAs1DForOutWhenUnconnected">off</P>
  </Block>
  <Line>
    <P Name="Name">theta_x</P>
    <P Name="ZOrder">22</P>
    <P Name="Labels">[1, 1]</P>
    <P Name="Src">15572#out:1</P>
    <P Name="Dst">15612#in:1</P>
  </Line>
  <Line>
    <P Name="Name">&lt;x&gt;</P>
    <P Name="ZOrder">8</P>
    <P Name="Labels">[0, 0]</P>
    <P Name="Src">15566#out:1</P>
    <P Name="Points">[155, 0; 0, -15]</P>
    <P Name="Dst">15572#in:2</P>
  </Line>
  <Line>
    <P Name="Name">phi_y</P>
    <P Name="ZOrder">24</P>
    <P Name="Labels">[1, 1]</P>
    <P Name="Src">15585#out:1</P>
    <P Name="Dst">15615#in:1</P>
  </Line>
  <Line>
    <P Name="Name">Vz</P>
    <P Name="ZOrder">23</P>
    <P Name="Labels">[1, 1]</P>
    <P Name="Src">15595#out:1</P>
    <P Name="Points">[53, 0; 0, -10]</P>
    <P Name="Dst">15614#in:1</P>
  </Line>
  <Line>
    <P Name="Name">&lt;Vx&gt;</P>
    <P Name="ZOrder">11</P>
    <P Name="Labels">[0, 0]</P>
    <P Name="Src">15566#out:2</P>
    <P Name="Points">[173, 0; 0, -30]</P>
    <P Name="Dst">15572#in:3</P>
  </Line>
  <Line>
    <P Name="ZOrder">36</P>
    <P Name="Src">15616#out:1</P>
    <P Name="Dst">15572#in:1</P>
  </Line>
  <Line>
    <P Name="ZOrder">15</P>
    <P Name="Src">15565#out:1</P>
    <P Name="Points">[13, 0; 0, 5]</P>
    <P Name="Dst">15566#in:1</P>
  </Line>
  <Line>
    <P Name="Name">&lt;z&gt;</P>
    <P Name="ZOrder">16</P>
    <P Name="Labels">[0, 0]</P>
    <P Name="Src">15566#out:5</P>
    <P Name="Points">[74, 0; 0, 90]</P>
    <P Name="Dst">15595#in:3</P>
  </Line>
  <Line>
    <P Name="ZOrder">35</P>
    <P Name="Src">15624#out:1</P>
    <P Name="Dst">15636#in:1</P>
  </Line>
  <Line>
    <P Name="Name">&lt;y&gt;</P>
    <P Name="ZOrder">105</P>
    <P Name="Labels">[0, 0]</P>
    <P Name="Src">15566#out:3</P>
    <P Name="Points">[38, 0; 0, -18; 147, 0; 0, 38]</P>
    <P Name="Dst">15585#in:2</P>
  </Line>
  <Line>
    <P Name="Name">&lt;Vy&gt;</P>
    <P Name="ZOrder">106</P>
    <P Name="Labels">[0, 0]</P>
    <P Name="Src">15566#out:4</P>
    <P Name="Points">[77, 0; 0, -43; 93, 0; 0, 48]</P>
    <P Name="Dst">15585#in:3</P>
  </Line>
  <Line>
    <P Name="ZOrder">109</P>
    <P Name="Src">15635#out:1</P>
    <P Name="Points">[18, 0; 0, 5]</P>
    <P Name="Dst">15624#in:1</P>
  </Line>
  <Line>
    <P Name="Name">&lt;yaw&gt;</P>
    <P Name="ZOrder">110</P>
    <P Name="Labels">[0, 0]</P>
    <P Name="Src">15566#out:6</P>
    <P Name="Points">[27, 0; 0, 125]</P>
    <P Name="Dst">15624#in:2</P>
  </Line>
  <Line>
    <P Name="ZOrder">115</P>
    <P Name="Src">15617#out:1</P>
    <P Name="Dst">15585#in:1</P>
  </Line>
  <Line>
    <P Name="ZOrder">116</P>
    <P Name="Src">15618#out:1</P>
    <P Name="Points">[23, 0; 0, 5]</P>
    <P Name="Dst">15595#in:1</P>
  </Line>
  <Line>
    <P Name="ZOrder">149</P>
    <P Name="Src">15650#out:1</P>
    <P Name="Points">[275, 0; 0, 40]</P>
    <Branch>
      <P Name="ZOrder">145</P>
      <P Name="Dst">15572#enable</P>
    </Branch>
    <Branch>
      <P Name="ZOrder">45</P>
      <P Name="Points">[130, 0; 0, 106]</P>
      <Branch>
        <P Name="ZOrder">146</P>
        <P Name="Dst">15585#enable</P>
      </Branch>
      <Branch>
        <P Name="ZOrder">138</P>
        <P Name="Points">[0, 92]</P>
        <Branch>
          <P Name="ZOrder">148</P>
          <P Name="Points">[0, 95]</P>
          <P Name="Dst">15624#enable</P>
        </Branch>
        <Branch>
          <P Name="ZOrder">147</P>
          <P Name="Points">[-130, 0]</P>
          <P Name="Dst">15595#enable</P>
        </Branch>
      </Branch>
    </Branch>
  </Line>
  <Line>
    <P Name="Name">&lt;Vz&gt;</P>
    <P Name="ZOrder">157</P>
    <P Name="Labels">[0, 0]</P>
    <P Name="Src">15566#out:7</P>
    <P Name="Points">[11, 0; 0, 22; 163, 0; 0, -7]</P>
    <P Name="Dst">15595#in:2</P>
  </Line>
</System>
