<?xml version="1.0" encoding="utf-8"?>
<System>
  <P Name="Location">[-7, -7, 1543, 831]</P>
  <P Name="SystemRect">[0.000000, 0.000000, 0.000000, 0.000000]</P>
  <P Name="SetExecutionDomain">off</P>
  <P Name="ExecutionDomainType">Deduce</P>
  <P Name="ZoomFactor">112</P>
  <P Name="SimulinkSubDomain">Simulink</P>
  <Block BlockType="Inport" Name="pos_att_NED" SID="8928">
    <P Name="Position">[85, 536, 110, 554]</P>
    <P Name="ZOrder">1</P>
    <P Name="NameLocation">top</P>
  </Block>
  <Block BlockType="BusSelector" Name="Bus&#xA;Selector" SID="16412">
    <P Name="Ports">[1, 6]</P>
    <P Name="Position">[170, 430, 175, 655]</P>
    <P Name="ZOrder">1664</P>
    <P Name="ShowName">off</P>
    <P Name="OutputSignals">Phi,Theta,Psi,X,Y,Z</P>
    <Port>
      <P Name="PortNumber">1</P>
      <P Name="Name">&lt;Phi&gt;</P>
    </Port>
    <Port>
      <P Name="PortNumber">2</P>
      <P Name="Name">&lt;Theta&gt;</P>
    </Port>
    <Port>
      <P Name="PortNumber">3</P>
      <P Name="Name">&lt;Psi&gt;</P>
    </Port>
    <Port>
      <P Name="PortNumber">4</P>
      <P Name="Name">&lt;X&gt;</P>
    </Port>
    <Port>
      <P Name="PortNumber">5</P>
      <P Name="Name">&lt;Y&gt;</P>
    </Port>
    <Port>
      <P Name="PortNumber">6</P>
      <P Name="Name">&lt;Z&gt;</P>
    </Port>
  </Block>
  <Block BlockType="Gain" Name="Gain" SID="5455">
    <P Name="Position">[975, 365, 1070, 395]</P>
    <P Name="ZOrder">-8</P>
    <P Name="Gain">[1 1 -1 1]</P>
  </Block>
  <Block BlockType="Gain" Name="Gain1" SID="5456">
    <P Name="Position">[445, 583, 580, 627]</P>
    <P Name="ZOrder">-11</P>
    <P Name="Gain">[1 1 -1]</P>
    <Port>
      <P Name="PortNumber">1</P>
      <P Name="Name">pos_ENU</P>
    </Port>
  </Block>
  <Block BlockType="Gain" Name="Gain3" SID="5457">
    <P Name="Position">[975, 780, 1055, 810]</P>
    <P Name="ZOrder">-8</P>
    <P Name="Gain">-1</P>
  </Block>
  <Block BlockType="Math" Name="Math&#xA;Function" SID="5458">
    <P Name="Ports">[1, 1]</P>
    <P Name="Position">[685, 365, 715, 395]</P>
    <P Name="ZOrder">-13</P>
    <P Name="Operator">transpose</P>
    <P Name="SignedPower">on</P>
    <Port>
      <P Name="PortNumber">1</P>
      <P Name="Name">DCM_Body_2_NED</P>
    </Port>
  </Block>
  <Block BlockType="Mux" Name="Mux" SID="5459">
    <P Name="Ports">[3, 1]</P>
    <P Name="Position">[355, 279, 360, 481]</P>
    <P Name="ZOrder">-14</P>
    <P Name="ShowName">off</P>
    <P Name="Inputs">3</P>
    <P Name="DisplayOption">bar</P>
  </Block>
  <Block BlockType="Mux" Name="Mux2" SID="5460">
    <P Name="Ports">[3, 1]</P>
    <P Name="Position">[355, 540, 360, 670]</P>
    <P Name="ZOrder">-15</P>
    <P Name="ShowName">off</P>
    <P Name="Inputs">3</P>
    <P Name="DisplayOption">bar</P>
    <Port>
      <P Name="PortNumber">1</P>
      <P Name="Name">pos_NED</P>
    </Port>
  </Block>
  <Block BlockType="Reference" Name="Rotation Angles to&#xA;Direction Cosine Matrix1" SID="5461">
    <P Name="Ports">[1, 1]</P>
    <P Name="Position">[445, 359, 545, 401]</P>
    <P Name="ZOrder">-16</P>
    <P Name="AttributesFormatString">Rotation Order: %&lt;rotationOrder&gt;</P>
    <P Name="LibraryVersion">5.0</P>
    <P Name="SourceBlock">sharedtransform/Rotation Angles to
Direction Cosine Matrix</P>
    <P Name="SourceType">Ang2DCM</P>
    <P Name="SourceProductBaseCode">AE,PW,DR,MT,UV,VE</P>
    <InstanceData>
      <P Name="RTWMemSecFuncInitTerm">Inherit from model</P>
      <P Name="RTWMemSecFuncExecute">Inherit from model</P>
      <P Name="RTWMemSecDataConstants">Inherit from model</P>
      <P Name="RTWMemSecDataInternal">Inherit from model</P>
      <P Name="RTWMemSecDataParameters">Inherit from model</P>
      <P Name="ContentPreviewEnabled">off</P>
      <P Name="rotationOrder">XYZ</P>
      <P Name="aMode">aMode</P>
    </InstanceData>
    <Port>
      <P Name="PortNumber">1</P>
      <P Name="Name">DCM_NED_2_Body</P>
    </Port>
  </Block>
  <Block BlockType="Reference" Name="Rotation Matrix&#xA;to VRML Rotation" SID="5462">
    <P Name="Ports">[1, 1]</P>
    <P Name="Position">[845, 361, 940, 399]</P>
    <P Name="ZOrder">-4</P>
    <P Name="LibraryVersion">4.2</P>
    <P Name="SourceBlock">vrlib/Utilities/Rotation Matrix
to VR Rotation</P>
    <P Name="SourceType">Rotation Matrix to VR Rotation</P>
    <P Name="SourceProductBaseCode">SL</P>
    <InstanceData>
      <P Name="RTWMemSecFuncInitTerm">Inherit from model</P>
      <P Name="RTWMemSecFuncExecute">Inherit from model</P>
      <P Name="RTWMemSecDataConstants">Inherit from model</P>
      <P Name="RTWMemSecDataInternal">Inherit from model</P>
      <P Name="RTWMemSecDataParameters">Inherit from model</P>
      <P Name="ContentPreviewEnabled">off</P>
      <P Name="maxzero">1e-5</P>
    </InstanceData>
  </Block>
  <Block BlockType="Reference" Name="VR Signal Expander" SID="5463">
    <P Name="Ports">[1, 1]</P>
    <P Name="Position">[1120, 364, 1205, 396]</P>
    <P Name="ZOrder">-6</P>
    <P Name="LibraryVersion">4.2</P>
    <P Name="SourceBlock">vrlib/VR Signal Expander</P>
    <P Name="SourceType">VR Signal Expander</P>
    <P Name="SourceProductBaseCode">SL</P>
    <InstanceData>
      <P Name="RTWMemSecFuncInitTerm">Inherit from model</P>
      <P Name="RTWMemSecFuncExecute">Inherit from model</P>
      <P Name="RTWMemSecDataConstants">Inherit from model</P>
      <P Name="RTWMemSecDataInternal">Inherit from model</P>
      <P Name="RTWMemSecDataParameters">Inherit from model</P>
      <P Name="ContentPreviewEnabled">off</P>
      <P Name="outwidth">4</P>
      <P Name="outidx">[1 3 2 4]</P>
    </InstanceData>
  </Block>
  <Block BlockType="Reference" Name="VR Signal Expander1" SID="5464">
    <P Name="Ports">[1, 1]</P>
    <P Name="Position">[1095, 589, 1180, 621]</P>
    <P Name="ZOrder">-6</P>
    <P Name="LibraryVersion">4.2</P>
    <P Name="SourceBlock">vrlib/VR Signal Expander</P>
    <P Name="SourceType">VR Signal Expander</P>
    <P Name="SourceProductBaseCode">SL</P>
    <InstanceData>
      <P Name="RTWMemSecFuncInitTerm">Inherit from model</P>
      <P Name="RTWMemSecFuncExecute">Inherit from model</P>
      <P Name="RTWMemSecDataConstants">Inherit from model</P>
      <P Name="RTWMemSecDataInternal">Inherit from model</P>
      <P Name="RTWMemSecDataParameters">Inherit from model</P>
      <P Name="ContentPreviewEnabled">off</P>
      <P Name="outwidth">3</P>
      <P Name="outidx">[1 3 2]</P>
    </InstanceData>
    <Port>
      <P Name="PortNumber">1</P>
      <P Name="Name">pos_VRML</P>
    </Port>
  </Block>
  <Block BlockType="Reference" Name="VR Signal Expander2" SID="5465">
    <P Name="Ports">[1, 1]</P>
    <P Name="Position">[1120, 783, 1205, 807]</P>
    <P Name="ZOrder">-6</P>
    <P Name="LibraryVersion">4.2</P>
    <P Name="SourceBlock">vrlib/VR Signal Expander</P>
    <P Name="SourceType">VR Signal Expander</P>
    <P Name="SourceProductBaseCode">SL</P>
    <InstanceData>
      <P Name="RTWMemSecFuncInitTerm">Inherit from model</P>
      <P Name="RTWMemSecFuncExecute">Inherit from model</P>
      <P Name="RTWMemSecDataConstants">Inherit from model</P>
      <P Name="RTWMemSecDataInternal">Inherit from model</P>
      <P Name="RTWMemSecDataParameters">Inherit from model</P>
      <P Name="ContentPreviewEnabled">off</P>
      <P Name="outwidth">4</P>
      <P Name="outidx">[4]</P>
    </InstanceData>
  </Block>
  <Block BlockType="Outport" Name="CameraFollowRotation" SID="5466">
    <P Name="Position">[1300, 788, 1330, 802]</P>
    <P Name="ZOrder">-21</P>
    <P Name="VectorParamsAs1DForOutWhenUnconnected">off</P>
  </Block>
  <Block BlockType="Outport" Name="CameraFollowTranslation" SID="5467">
    <P Name="Position">[1300, 708, 1330, 722]</P>
    <P Name="ZOrder">-22</P>
    <P Name="Port">2</P>
    <P Name="VectorParamsAs1DForOutWhenUnconnected">off</P>
  </Block>
  <Block BlockType="Outport" Name="orientation" SID="5468">
    <P Name="Position">[1300, 373, 1330, 387]</P>
    <P Name="ZOrder">-23</P>
    <P Name="Port">3</P>
    <P Name="VectorParamsAs1DForOutWhenUnconnected">off</P>
  </Block>
  <Block BlockType="Outport" Name="position" SID="5469">
    <P Name="Position">[1300, 598, 1330, 612]</P>
    <P Name="ZOrder">-24</P>
    <P Name="Port">4</P>
    <P Name="VectorParamsAs1DForOutWhenUnconnected">off</P>
  </Block>
  <Line>
    <P Name="Name">&lt;Y&gt;</P>
    <P Name="ZOrder">35</P>
    <P Name="Labels">[0, 0]</P>
    <P Name="Src">16412#out:5</P>
    <P Name="Points">[85, 0; 0, 10]</P>
    <P Name="Dst">5460#in:2</P>
  </Line>
  <Line>
    <P Name="Name">&lt;X&gt;</P>
    <P Name="ZOrder">34</P>
    <P Name="Labels">[0, 0]</P>
    <P Name="Src">16412#out:4</P>
    <P Name="Dst">5460#in:1</P>
  </Line>
  <Line>
    <P Name="Name">&lt;Psi&gt;</P>
    <P Name="ZOrder">33</P>
    <P Name="Labels">[0, 0]</P>
    <P Name="Src">16412#out:3</P>
    <P Name="Points">[85, 0; 0, -80]</P>
    <P Name="Dst">5459#in:3</P>
  </Line>
  <Line>
    <P Name="ZOrder">12</P>
    <P Name="Src">5457#out:1</P>
    <P Name="Dst">5465#in:1</P>
  </Line>
  <Line>
    <P Name="ZOrder">13</P>
    <P Name="Src">5465#out:1</P>
    <P Name="Dst">5466#in:1</P>
  </Line>
  <Line>
    <P Name="Name">&lt;Z&gt;</P>
    <P Name="ZOrder">36</P>
    <P Name="Labels">[0, 0]</P>
    <P Name="Src">16412#out:6</P>
    <P Name="Points">[123, 0; 0, 20]</P>
    <Branch>
      <P Name="ZOrder">15</P>
      <P Name="Dst">5460#in:3</P>
    </Branch>
    <Branch>
      <P Name="ZOrder">16</P>
      <P Name="Points">[0, 145]</P>
      <P Name="Dst">5457#in:1</P>
    </Branch>
  </Line>
  <Line>
    <P Name="Name">pos_VRML</P>
    <P Name="ZOrder">17</P>
    <P Name="Labels">[0, 0]</P>
    <P Name="Src">5464#out:1</P>
    <P Name="Points">[75, 0]</P>
    <Branch>
      <P Name="ZOrder">18</P>
      <P Name="Points">[0, 110]</P>
      <P Name="Dst">5467#in:1</P>
    </Branch>
    <Branch>
      <P Name="ZOrder">19</P>
      <P Name="Dst">5469#in:1</P>
    </Branch>
  </Line>
  <Line>
    <P Name="ZOrder">20</P>
    <P Name="Src">5455#out:1</P>
    <P Name="Dst">5463#in:1</P>
  </Line>
  <Line>
    <P Name="ZOrder">21</P>
    <P Name="Src">5462#out:1</P>
    <P Name="Dst">5455#in:1</P>
  </Line>
  <Line>
    <P Name="Name">DCM_Body_2_NED</P>
    <P Name="ZOrder">22</P>
    <P Name="Labels">[0, 0]</P>
    <P Name="Src">5458#out:1</P>
    <P Name="Dst">5462#in:1</P>
  </Line>
  <Line>
    <P Name="Name">DCM_NED_2_Body</P>
    <P Name="ZOrder">23</P>
    <P Name="Labels">[0, 0]</P>
    <P Name="Src">5461#out:1</P>
    <P Name="Dst">5458#in:1</P>
  </Line>
  <Line>
    <P Name="ZOrder">24</P>
    <P Name="Src">5459#out:1</P>
    <P Name="Dst">5461#in:1</P>
  </Line>
  <Line>
    <P Name="Name">pos_ENU</P>
    <P Name="ZOrder">25</P>
    <P Name="Labels">[0, 0]</P>
    <P Name="Src">5456#out:1</P>
    <P Name="Dst">5464#in:1</P>
  </Line>
  <Line>
    <P Name="Name">pos_NED</P>
    <P Name="ZOrder">26</P>
    <P Name="Labels">[0, 0]</P>
    <P Name="Src">5460#out:1</P>
    <P Name="Dst">5456#in:1</P>
  </Line>
  <Line>
    <P Name="ZOrder">27</P>
    <P Name="Src">5463#out:1</P>
    <P Name="Dst">5468#in:1</P>
  </Line>
  <Line>
    <P Name="ZOrder">29</P>
    <P Name="Src">8928#out:1</P>
    <P Name="Dst">16412#in:1</P>
  </Line>
  <Line>
    <P Name="Name">&lt;Phi&gt;</P>
    <P Name="ZOrder">31</P>
    <P Name="Labels">[0, 0]</P>
    <P Name="Src">16412#out:1</P>
    <P Name="Points">[18, 0; 0, -140]</P>
    <P Name="Dst">5459#in:1</P>
  </Line>
  <Line>
    <P Name="Name">&lt;Theta&gt;</P>
    <P Name="ZOrder">32</P>
    <P Name="Labels">[0, 0]</P>
    <P Name="Src">16412#out:2</P>
    <P Name="Points">[40, 0; 0, -110]</P>
    <P Name="Dst">5459#in:2</P>
  </Line>
</System>
