<?xml version="1.0" encoding="utf-8"?>
<System>
  <P Name="Location">[-7, -7, 1543, 831]</P>
  <P Name="SystemRect">[0.000000, 0.000000, 0.000000, 0.000000]</P>
  <P Name="SetExecutionDomain">off</P>
  <P Name="ExecutionDomainType">Deduce</P>
  <P Name="SimulinkSubDomain">Simulink</P>
  <Block BlockType="Inport" Name="In1" SID="10979">
    <P Name="Position">[-185, 25, -145, 45]</P>
    <P Name="ZOrder">286</P>
    <P Name="ShowName">off</P>
    <P Name="IconDisplay">Signal name</P>
    <Port>
      <P Name="PortNumber">1</P>
      <P Name="Name">vel</P>
    </Port>
  </Block>
  <Block BlockType="Reference" Name="Compare&#xA;To Constant" SID="13804">
    <P Name="Ports">[1, 1]</P>
    <P Name="Position">[55, 155, 85, 175]</P>
    <P Name="ZOrder">1738</P>
    <P Name="LibraryVersion">1.480</P>
    <P Name="SourceBlock">simulink/Logic and Bit
Operations/Compare
To Constant</P>
    <P Name="SourceType">Compare To Constant</P>
    <P Name="SourceProductBaseCode">SL</P>
    <InstanceData>
      <P Name="RTWMemSecFuncInitTerm">Inherit from model</P>
      <P Name="RTWMemSecFuncExecute">Inherit from model</P>
      <P Name="RTWMemSecDataConstants">Inherit from model</P>
      <P Name="RTWMemSecDataInternal">Inherit from model</P>
      <P Name="RTWMemSecDataParameters">Inherit from model</P>
      <P Name="ContentPreviewEnabled">off</P>
      <P Name="relop">&lt;=</P>
      <P Name="const">-0.1</P>
      <P Name="OutDataTypeStr">boolean</P>
      <P Name="ZeroCross">on</P>
    </InstanceData>
  </Block>
  <Block BlockType="Reference" Name="Compare To Zero" SID="10981">
    <P Name="Ports">[1, 1]</P>
    <P Name="Position">[280, 69, 330, 81]</P>
    <P Name="ZOrder">279</P>
    <P Name="ShowName">off</P>
    <P Name="LibraryVersion">1.480</P>
    <P Name="SourceBlock">simulink/Logic and Bit
Operations/Compare
To Zero</P>
    <P Name="SourceType">Compare To Zero</P>
    <P Name="SourceProductBaseCode">SL</P>
    <InstanceData>
      <P Name="RTWMemSecFuncInitTerm">Inherit from model</P>
      <P Name="RTWMemSecFuncExecute">Inherit from model</P>
      <P Name="RTWMemSecDataConstants">Inherit from model</P>
      <P Name="RTWMemSecDataInternal">Inherit from model</P>
      <P Name="RTWMemSecDataParameters">Inherit from model</P>
      <P Name="ContentPreviewEnabled">off</P>
      <P Name="relop">==</P>
      <P Name="OutDataTypeStr">boolean</P>
      <P Name="ZeroCross">on</P>
    </InstanceData>
  </Block>
  <Block BlockType="Reference" Name="Compare To Zero1" SID="10982">
    <P Name="Ports">[1, 1]</P>
    <P Name="Position">[225, 57, 245, 73]</P>
    <P Name="ZOrder">289</P>
    <P Name="ShowName">off</P>
    <P Name="LibraryVersion">1.480</P>
    <P Name="SourceBlock">simulink/Logic and Bit
Operations/Compare
To Zero</P>
    <P Name="SourceType">Compare To Zero</P>
    <P Name="SourceProductBaseCode">SL</P>
    <InstanceData>
      <P Name="RTWMemSecFuncInitTerm">Inherit from model</P>
      <P Name="RTWMemSecFuncExecute">Inherit from model</P>
      <P Name="RTWMemSecDataConstants">Inherit from model</P>
      <P Name="RTWMemSecDataInternal">Inherit from model</P>
      <P Name="RTWMemSecDataParameters">Inherit from model</P>
      <P Name="ContentPreviewEnabled">off</P>
      <P Name="relop">&gt;</P>
      <P Name="OutDataTypeStr">boolean</P>
      <P Name="ZeroCross">on</P>
    </InstanceData>
  </Block>
  <Block BlockType="Demux" Name="Demux1" SID="10984">
    <P Name="Ports">[1, 3]</P>
    <P Name="Position">[190, 16, 195, 54]</P>
    <P Name="ZOrder">282</P>
    <P Name="ShowName">off</P>
    <P Name="Outputs">3</P>
  </Block>
  <Block BlockType="Demux" Name="Demux2" SID="13794">
    <P Name="Ports">[1, 3]</P>
    <P Name="Position">[-95, 96, -90, 214]</P>
    <P Name="ZOrder">1730</P>
    <P Name="ShowName">off</P>
    <P Name="Outputs">3</P>
  </Block>
  <Block BlockType="Display" Name="Display" SID="13803">
    <P Name="Ports">[1]</P>
    <P Name="Position">[255, 225, 345, 255]</P>
    <P Name="ZOrder">1737</P>
    <P Name="Decimation">1</P>
  </Block>
  <Block BlockType="Display" Name="Display1" SID="13805">
    <P Name="Ports">[1]</P>
    <P Name="Position">[225, 275, 315, 305]</P>
    <P Name="ZOrder">1739</P>
    <P Name="Decimation">1</P>
  </Block>
  <Block BlockType="Integrator" Name="Integrator1" SID="13795">
    <P Name="Ports">[1, 1]</P>
    <P Name="Position">[175, 147, 205, 173]</P>
    <P Name="ZOrder">1728</P>
    <P Name="ShowName">off</P>
    <P Name="InitialCondition">init_state.Pterre0(2)</P>
    <P Name="UpperSaturationLimit">[Inf Inf 0]</P>
  </Block>
  <Block BlockType="Integrator" Name="Integrator2" SID="10976">
    <P Name="Ports">[1, 1]</P>
    <P Name="Position">[175, 107, 205, 133]</P>
    <P Name="ZOrder">1726</P>
    <P Name="ShowName">off</P>
    <P Name="InitialCondition">init_state.Pterre0(1)</P>
    <P Name="UpperSaturationLimit">[Inf Inf 0]</P>
  </Block>
  <Block BlockType="Integrator" Name="Integrator3" SID="13796">
    <P Name="Ports">[1, 1]</P>
    <P Name="Position">[-65, 182, -35, 208]</P>
    <P Name="ZOrder">1729</P>
    <P Name="ShowName">off</P>
    <P Name="InitialCondition">init_state.Pterre0(3)</P>
    <P Name="LimitOutput">on</P>
    <P Name="UpperSaturationLimit">[0]</P>
  </Block>
  <Block BlockType="Logic" Name="Logical Operator" SID="10985">
    <P Name="Ports">[2, 1]</P>
    <P Name="Position">[365, 62, 400, 78]</P>
    <P Name="ZOrder">292</P>
    <P Name="ShowName">off</P>
    <P Name="Operator">NAND</P>
    <P Name="AllPortsSameDT">off</P>
    <P Name="OutDataTypeStr">boolean</P>
  </Block>
  <Block BlockType="Logic" Name="Logical Operator1" SID="14294">
    <P Name="Ports">[1, 1]</P>
    <P Name="Position">[455, 247, 490, 263]</P>
    <P Name="ZOrder">1742</P>
    <P Name="ShowName">off</P>
    <P Name="Operator">NOT</P>
    <P Name="AllPortsSameDT">off</P>
    <P Name="OutDataTypeStr">boolean</P>
  </Block>
  <Block BlockType="Mux" Name="Mux" SID="10986">
    <P Name="Ports">[3, 1]</P>
    <P Name="Position">[405, 16, 410, 54]</P>
    <P Name="ZOrder">283</P>
    <P Name="ShowName">off</P>
    <P Name="Inputs">3</P>
    <P Name="DisplayOption">bar</P>
    <Port>
      <P Name="PortNumber">1</P>
      <P Name="Name">Vitesse [m/s]</P>
    </Port>
  </Block>
  <Block BlockType="Mux" Name="Mux1" SID="13801">
    <P Name="Ports">[3, 1]</P>
    <P Name="Position">[365, 100, 370, 220]</P>
    <P Name="ZOrder">1735</P>
    <P Name="ShowName">off</P>
    <P Name="Inputs">3</P>
    <P Name="DisplayOption">bar</P>
  </Block>
  <Block BlockType="Product" Name="Product" SID="10987">
    <P Name="Ports">[2, 1]</P>
    <P Name="Position">[455, 32, 475, 48]</P>
    <P Name="ZOrder">277</P>
    <P Name="ShowName">off</P>
    <P Name="RndMeth">Zero</P>
  </Block>
  <Block BlockType="Product" Name="Product1" SID="13797">
    <P Name="Ports">[2, 1]</P>
    <P Name="Position">[120, 112, 140, 128]</P>
    <P Name="ZOrder">1731</P>
    <P Name="ShowName">off</P>
    <P Name="RndMeth">Zero</P>
  </Block>
  <Block BlockType="Product" Name="Product2" SID="13798">
    <P Name="Ports">[2, 1]</P>
    <P Name="Position">[120, 152, 140, 168]</P>
    <P Name="ZOrder">1732</P>
    <P Name="ShowName">off</P>
    <P Name="RndMeth">Zero</P>
  </Block>
  <Block BlockType="Outport" Name="Xe (m)" SID="13802">
    <P Name="Position">[545, 152, 620, 168]</P>
    <P Name="ZOrder">1736</P>
    <P Name="NameLocation">top</P>
    <P Name="VectorParamsAs1DForOutWhenUnconnected">off</P>
  </Block>
  <Block BlockType="Outport" Name="Ve (m/s)" SID="10990">
    <P Name="Position">[545, 32, 620, 48]</P>
    <P Name="ZOrder">288</P>
    <P Name="NameLocation">top</P>
    <P Name="ShowName">off</P>
    <P Name="Port">2</P>
    <P Name="IconDisplay">Signal name</P>
    <P Name="VectorParamsAs1DForOutWhenUnconnected">off</P>
  </Block>
  <Block BlockType="Outport" Name="detection sol" SID="14293">
    <P Name="Position">[545, 247, 620, 263]</P>
    <P Name="ZOrder">1740</P>
    <P Name="NameLocation">top</P>
    <P Name="Port">3</P>
    <P Name="VectorParamsAs1DForOutWhenUnconnected">off</P>
  </Block>
  <Line>
    <P Name="ZOrder">1</P>
    <P Name="Src">10982#out:1</P>
    <P Name="Dst">10985#in:1</P>
  </Line>
  <Line>
    <P Name="ZOrder">2</P>
    <P Name="Src">10981#out:1</P>
    <P Name="Dst">10985#in:2</P>
  </Line>
  <Line>
    <P Name="ZOrder">6</P>
    <P Name="Src">10984#out:1</P>
    <P Name="Dst">10986#in:1</P>
  </Line>
  <Line>
    <P Name="ZOrder">8</P>
    <P Name="Src">10984#out:2</P>
    <P Name="Dst">10986#in:2</P>
  </Line>
  <Line>
    <P Name="ZOrder">11</P>
    <P Name="Src">10984#out:3</P>
    <P Name="Points">[4, 0]</P>
    <Branch>
      <P Name="ZOrder">17</P>
      <P Name="Dst">10986#in:3</P>
    </Branch>
    <Branch>
      <P Name="ZOrder">16</P>
      <P Name="Points">[0, 20]</P>
      <P Name="Dst">10982#in:1</P>
    </Branch>
  </Line>
  <Line>
    <P Name="Name">vel</P>
    <P Name="ZOrder">15</P>
    <P Name="Src">10979#out:1</P>
    <P Name="Points">[16, 0]</P>
    <Branch>
      <P Name="ZOrder">40</P>
      <P Name="Labels">[-1, 0]</P>
      <P Name="Dst">10984#in:1</P>
    </Branch>
    <Branch>
      <P Name="ZOrder">39</P>
      <P Name="Points">[0, 120]</P>
      <P Name="Dst">13794#in:1</P>
    </Branch>
  </Line>
  <Line>
    <P Name="Name">Vitesse [m/s]</P>
    <P Name="ZOrder">19</P>
    <P Name="Labels">[-1, 1]</P>
    <P Name="Src">10986#out:1</P>
    <P Name="Dst">10987#in:1</P>
  </Line>
  <Line>
    <P Name="ZOrder">20</P>
    <P Name="Src">10987#out:1</P>
    <P Name="Dst">10990#in:1</P>
  </Line>
  <Line>
    <P Name="ZOrder">45</P>
    <P Name="Src">13795#out:1</P>
    <P Name="Dst">13801#in:2</P>
  </Line>
  <Line>
    <P Name="ZOrder">27</P>
    <P Name="Src">13794#out:3</P>
    <P Name="Dst">13796#in:1</P>
  </Line>
  <Line>
    <P Name="ZOrder">30</P>
    <P Name="Src">13796#out:1</P>
    <P Name="Points">[13, 0]</P>
    <Branch>
      <P Name="ZOrder">68</P>
      <P Name="Points">[0, 95]</P>
      <P Name="Dst">13805#in:1</P>
    </Branch>
    <Branch>
      <P Name="ZOrder">67</P>
      <P Name="Points">[36, 0]</P>
      <Branch>
        <P Name="ZOrder">64</P>
        <P Name="Points">[0, -30]</P>
        <P Name="Dst">13804#in:1</P>
      </Branch>
      <Branch>
        <P Name="ZOrder">35</P>
        <P Name="Points">[244, 0]</P>
        <Branch>
          <P Name="ZOrder">55</P>
          <P Name="Points">[0, -120]</P>
          <P Name="Dst">10981#in:1</P>
        </Branch>
        <Branch>
          <P Name="ZOrder">47</P>
          <P Name="Points">[0, 5]</P>
          <P Name="Dst">13801#in:3</P>
        </Branch>
      </Branch>
    </Branch>
  </Line>
  <Line>
    <P Name="ZOrder">44</P>
    <P Name="Src">10976#out:1</P>
    <P Name="Dst">13801#in:1</P>
  </Line>
  <Line>
    <P Name="ZOrder">31</P>
    <P Name="Src">13797#out:1</P>
    <P Name="Dst">10976#in:1</P>
  </Line>
  <Line>
    <P Name="ZOrder">32</P>
    <P Name="Src">13794#out:1</P>
    <P Name="Dst">13797#in:1</P>
  </Line>
  <Line>
    <P Name="ZOrder">33</P>
    <P Name="Src">13798#out:1</P>
    <P Name="Dst">13795#in:1</P>
  </Line>
  <Line>
    <P Name="ZOrder">34</P>
    <P Name="Src">13794#out:2</P>
    <P Name="Points">[62, 0; 0, -3; 123, 0; 0, 3]</P>
    <P Name="Dst">13798#in:1</P>
  </Line>
  <Line>
    <P Name="ZOrder">65</P>
    <P Name="Src">13804#out:1</P>
    <P Name="Points">[15, 0]</P>
    <Branch>
      <P Name="ZOrder">66</P>
      <P Name="Dst">13797#in:2</P>
    </Branch>
    <Branch>
      <P Name="ZOrder">63</P>
      <P Name="Points">[0, 75]</P>
      <P Name="Dst">13803#in:1</P>
    </Branch>
    <Branch>
      <P Name="ZOrder">42</P>
      <P Name="Dst">13798#in:2</P>
    </Branch>
  </Line>
  <Line>
    <P Name="ZOrder">56</P>
    <P Name="Src">13801#out:1</P>
    <P Name="Dst">13802#in:1</P>
  </Line>
  <Line>
    <P Name="ZOrder">10</P>
    <P Name="Src">10985#out:1</P>
    <P Name="Points">[9, 0]</P>
    <Branch>
      <P Name="ZOrder">87</P>
      <P Name="Points">[0, 185]</P>
      <P Name="Dst">14294#in:1</P>
    </Branch>
    <Branch>
      <P Name="ZOrder">84</P>
      <P Name="Points">[16, 0; 0, -25]</P>
      <P Name="Dst">10987#in:2</P>
    </Branch>
  </Line>
  <Line>
    <P Name="ZOrder">88</P>
    <P Name="Src">14294#out:1</P>
    <P Name="Dst">14293#in:1</P>
  </Line>
</System>
