<?xml version="1.0" encoding="utf-8"?>
<System>
  <P Name="Location">[8, 8, 1558, 846]</P>
  <P Name="SystemRect">[0.000000, 0.000000, 0.000000, 0.000000]</P>
  <P Name="Open">on</P>
  <P Name="SetExecutionDomain">off</P>
  <P Name="ExecutionDomainType">Deduce</P>
  <P Name="PaperType">usletter</P>
  <P Name="PaperUnits">inches</P>
  <P Name="TiledPaperMargins">[0.500000, 0.500000, 0.500000, 0.500000]</P>
  <P Name="ZoomFactor">164</P>
  <P Name="SimulinkSubDomain">Simulink</P>
  <Block BlockType="Constant" Name="Constant" SID="16183">
    <P Name="Position">[465, 280, 495, 310]</P>
    <P Name="ZOrder">100000</P>
    <P Name="SampleTime">Te</P>
  </Block>
  <Block BlockType="Outport" Name="joystick_offboardmode" SID="16324">
    <P Name="Position">[625, 288, 655, 302]</P>
    <P Name="ZOrder">100000</P>
    <P Name="VectorParamsAs1DForOutWhenUnconnected">off</P>
  </Block>
  <Line>
    <P Name="ZOrder">6</P>
    <P Name="Src">16183#out:1</P>
    <P Name="Dst">16324#in:1</P>
  </Line>
</System>
