<?xml version="1.0" encoding="utf-8"?>
<System>
  <P Name="Location">[-7, -7, 1543, 831]</P>
  <P Name="SystemRect">[0.000000, 0.000000, 0.000000, 0.000000]</P>
  <P Name="SetExecutionDomain">off</P>
  <P Name="ExecutionDomainType">Deduce</P>
  <P Name="PaperType">usletter</P>
  <P Name="PaperUnits">inches</P>
  <P Name="TiledPaperMargins">[0.500000, 0.500000, 0.500000, 0.500000]</P>
  <P Name="ZoomFactor">166</P>
  <P Name="SimulinkSubDomain">Simulink</P>
  <Block BlockType="Inport" Name="pos_att_NED" SID="15959">
    <P Name="Position">[-70, 185, -50, 205]</P>
    <P Name="ZOrder">-1</P>
  </Block>
  <Block BlockType="SubSystem" Name="Measure " SID="15962">
    <P Name="Ports">[1, 1]</P>
    <P Name="Position">[20, 62, 175, 198]</P>
    <P Name="ZOrder">3432</P>
    <P Name="RequestExecContextInheritance">off</P>
    <P Name="VariantControl">SIMULATION_MODE</P>
    <System Ref="system_15962"/>
  </Block>
  <Block BlockType="SubSystem" Name="ROS link + Measure" SID="16108">
    <P Name="Ports">[0, 1]</P>
    <P Name="Position">[20, 246, 175, 344]</P>
    <P Name="ZOrder">3433</P>
    <P Name="RequestExecContextInheritance">off</P>
    <P Name="VariantControl">EXPERIMENT_MODE</P>
    <System Ref="system_16108"/>
  </Block>
  <Block BlockType="Outport" Name="optitrack" SID="16172">
    <P Name="Position">[265, 215, 285, 235]</P>
    <P Name="ZOrder">-5</P>
    <P Name="VectorParamsAs1DForOutWhenUnconnected">off</P>
  </Block>
</System>
