<?xml version="1.0" encoding="utf-8"?>
<System>
  <P Name="Location">[-7, -7, 1543, 831]</P>
  <P Name="SystemRect">[0.000000, 0.000000, 0.000000, 0.000000]</P>
  <P Name="SetExecutionDomain">off</P>
  <P Name="ExecutionDomainType">Deduce</P>
  <P Name="PaperType">usletter</P>
  <P Name="PaperUnits">inches</P>
  <P Name="TiledPaperMargins">[0.500000, 0.500000, 0.500000, 0.500000]</P>
  <P Name="ZoomFactor">164</P>
  <P Name="SimulinkSubDomain">Simulink</P>
  <Block BlockType="Inport" Name="pos_att_NED" SID="15963">
    <P Name="Position">[250, 25, 285, 45]</P>
    <P Name="ZOrder">1655</P>
  </Block>
  <Block BlockType="SubSystem" Name="optitrack_" SID="16046">
    <P Name="Ports">[1, 1]</P>
    <P Name="Position">[345, -3, 530, 73]</P>
    <P Name="ZOrder">1836</P>
    <P Name="RequestExecContextInheritance">off</P>
    <System Ref="system_16046"/>
  </Block>
  <Block BlockType="Outport" Name="optitrack" SID="16105">
    <P Name="Position">[610, 28, 640, 42]</P>
    <P Name="ZOrder">100000</P>
    <P Name="OutDataTypeStr">Bus: BUS_optitrack</P>
    <P Name="VectorParamsAs1DForOutWhenUnconnected">off</P>
  </Block>
  <Line>
    <P Name="ZOrder">2</P>
    <P Name="Src">16046#out:1</P>
    <P Name="Dst">16105#in:1</P>
  </Line>
  <Line>
    <P Name="ZOrder">8</P>
    <P Name="Src">15963#out:1</P>
    <P Name="Dst">16046#in:1</P>
  </Line>
</System>
