<?xml version="1.0" encoding="utf-8"?>
<System>
  <P Name="Location">[1529, -7, 3079, 831]</P>
  <P Name="SystemRect">[0.000000, 0.000000, 0.000000, 0.000000]</P>
  <P Name="SetExecutionDomain">off</P>
  <P Name="ExecutionDomainType">Deduce</P>
  <P Name="PaperType">usletter</P>
  <P Name="PaperUnits">inches</P>
  <P Name="TiledPaperMargins">[0.500000, 0.500000, 0.500000, 0.500000]</P>
  <P Name="ZoomFactor">400</P>
  <P Name="SimulinkSubDomain">Simulink</P>
  <Block BlockType="Inport" Name="yaw_ref" SID="15752">
    <P Name="Position">[225, 113, 255, 127]</P>
    <P Name="ZOrder">20</P>
  </Block>
  <Block BlockType="Inport" Name="yaw" SID="15753">
    <P Name="Position">[225, 153, 255, 167]</P>
    <P Name="ZOrder">21</P>
    <P Name="Port">2</P>
  </Block>
  <Block BlockType="EnablePort" Name="Enable" SID="16518">
    <P Name="Ports">[]</P>
    <P Name="Position">[360, 70, 380, 90]</P>
    <P Name="ZOrder">27</P>
  </Block>
  <Block BlockType="Gain" Name="Gain" SID="15892">
    <P Name="Position">[380, 105, 410, 135]</P>
    <P Name="ZOrder">25</P>
  </Block>
  <Block BlockType="Sum" Name="Sum" SID="15891">
    <P Name="Ports">[2, 1]</P>
    <P Name="Position">[335, 110, 355, 130]</P>
    <P Name="ZOrder">24</P>
    <P Name="ShowName">off</P>
    <P Name="Inputs">|+-</P>
  </Block>
  <Block BlockType="Outport" Name="yaw_rate" SID="15634">
    <P Name="Position">[430, 113, 460, 127]</P>
    <P Name="ZOrder">-2</P>
    <P Name="OutputWhenDisabled">reset</P>
    <P Name="InitialOutput">0</P>
    <P Name="VectorParamsAs1DForOutWhenUnconnected">off</P>
  </Block>
  <Line>
    <P Name="ZOrder">20</P>
    <P Name="Src">15891#out:1</P>
    <P Name="Dst">15892#in:1</P>
  </Line>
  <Line>
    <P Name="ZOrder">18</P>
    <P Name="Src">15753#out:1</P>
    <P Name="Points">[85, 0]</P>
    <P Name="Dst">15891#in:2</P>
  </Line>
  <Line>
    <P Name="ZOrder">17</P>
    <P Name="Src">15752#out:1</P>
    <P Name="Dst">15891#in:1</P>
  </Line>
  <Line>
    <P Name="ZOrder">21</P>
    <P Name="Src">15892#out:1</P>
    <P Name="Dst">15634#in:1</P>
  </Line>
</System>
