<?xml version="1.0" encoding="utf-8"?>
<System>
  <P Name="Location">[-7, -7, 1543, 831]</P>
  <P Name="SystemRect">[0.000000, 0.000000, 0.000000, 0.000000]</P>
  <P Name="SetExecutionDomain">off</P>
  <P Name="ExecutionDomainType">Deduce</P>
  <P Name="PaperType">usletter</P>
  <P Name="PaperUnits">inches</P>
  <P Name="TiledPaperMargins">[0.500000, 0.500000, 0.500000, 0.500000]</P>
  <P Name="ZoomFactor">150</P>
  <P Name="SimulinkSubDomain">Simulink</P>
  <Block BlockType="BusCreator" Name="Bus&#xA;Creator" SID="16110">
    <P Name="Ports">[9, 1]</P>
    <P Name="Position">[600, 217, 605, 373]</P>
    <P Name="ZOrder">100000</P>
    <P Name="ShowName">off</P>
    <P Name="Inputs">9</P>
    <P Name="DisplayOption">bar</P>
    <P Name="OutDataTypeStr">Bus: BUS_optitrack</P>
    <P Name="InheritFromInputs">off</P>
  </Block>
  <Block BlockType="Demux" Name="Demux" SID="16120">
    <P Name="Ports">[1, 6]</P>
    <P Name="Position">[495, 223, 500, 302]</P>
    <P Name="ZOrder">100000</P>
    <P Name="ShowName">off</P>
    <P Name="Outputs">6</P>
  </Block>
  <Block BlockType="Demux" Name="Demux1" SID="16121">
    <P Name="Ports">[1, 3]</P>
    <P Name="Position">[495, 321, 500, 359]</P>
    <P Name="ZOrder">100000</P>
    <P Name="ShowName">off</P>
    <P Name="Outputs">3</P>
  </Block>
  <Block BlockType="SubSystem" Name="optitrack_pos_vel_uav" SID="16142">
    <P Name="Ports">[0, 2]</P>
    <P Name="Position">[245, 250, 415, 310]</P>
    <P Name="ZOrder">100000</P>
    <P Name="RequestExecContextInheritance">off</P>
    <System Ref="system_16142"/>
  </Block>
  <Block BlockType="Outport" Name="optitrack" SID="16166">
    <P Name="Position">[650, 288, 680, 302]</P>
    <P Name="ZOrder">100000</P>
    <P Name="OutDataTypeStr">Bus: BUS_optitrack</P>
    <P Name="VectorParamsAs1DForOutWhenUnconnected">off</P>
  </Block>
  <Line>
    <P Name="ZOrder">17</P>
    <P Name="Src">16121#out:3</P>
    <P Name="Points">[45, 0; 0, 5]</P>
    <P Name="Dst">16110#in:9</P>
  </Line>
  <Line>
    <P Name="ZOrder">18</P>
    <P Name="Src">16121#out:2</P>
    <P Name="Dst">16110#in:8</P>
  </Line>
  <Line>
    <P Name="ZOrder">19</P>
    <P Name="Src">16121#out:1</P>
    <P Name="Points">[8, 0; 0, -5]</P>
    <P Name="Dst">16110#in:7</P>
  </Line>
  <Line>
    <P Name="ZOrder">20</P>
    <P Name="Src">16120#out:6</P>
    <P Name="Points">[11, 0; 0, 10]</P>
    <P Name="Dst">16110#in:6</P>
  </Line>
  <Line>
    <P Name="ZOrder">21</P>
    <P Name="Src">16120#out:5</P>
    <P Name="Points">[23, 0; 0, 10]</P>
    <P Name="Dst">16110#in:5</P>
  </Line>
  <Line>
    <P Name="ZOrder">22</P>
    <P Name="Src">16120#out:4</P>
    <P Name="Points">[34, 0; 0, 10]</P>
    <P Name="Dst">16110#in:4</P>
  </Line>
  <Line>
    <P Name="ZOrder">23</P>
    <P Name="Src">16120#out:3</P>
    <P Name="Points">[46, 0; 0, 10]</P>
    <P Name="Dst">16110#in:3</P>
  </Line>
  <Line>
    <P Name="ZOrder">24</P>
    <P Name="Src">16120#out:2</P>
    <P Name="Points">[57, 0; 0, 10]</P>
    <P Name="Dst">16110#in:2</P>
  </Line>
  <Line>
    <P Name="ZOrder">25</P>
    <P Name="Src">16120#out:1</P>
    <P Name="Points">[69, 0; 0, 10]</P>
    <P Name="Dst">16110#in:1</P>
  </Line>
  <Line>
    <P Name="ZOrder">26</P>
    <P Name="Src">16110#out:1</P>
    <P Name="Dst">16166#in:1</P>
  </Line>
  <Line>
    <P Name="ZOrder">30</P>
    <P Name="Src">16142#out:2</P>
    <P Name="Points">[9, 0; 0, 45]</P>
    <P Name="Dst">16121#in:1</P>
  </Line>
  <Line>
    <P Name="ZOrder">32</P>
    <P Name="Src">16142#out:1</P>
    <P Name="Dst">16120#in:1</P>
  </Line>
</System>
