<?xml version="1.0" encoding="utf-8"?>
<System>
  <P Name="Location">[126, 42, 1848, 993]</P>
  <P Name="SystemRect">[0.000000, 0.000000, 0.000000, 0.000000]</P>
  <P Name="SetExecutionDomain">off</P>
  <P Name="ExecutionDomainType">Deduce</P>
  <P Name="PaperType">usletter</P>
  <P Name="PaperUnits">inches</P>
  <P Name="TiledPaperMargins">[0.500000, 0.500000, 0.500000, 0.500000]</P>
  <P Name="ZoomFactor">300</P>
  <P Name="SimulinkSubDomain">Simulink</P>
  <Block BlockType="Inport" Name="&lt;X&gt;" SID="15767">
    <P Name="Position">[20, 23, 50, 37]</P>
    <P Name="ZOrder">59015</P>
    <Port>
      <P Name="PortNumber">1</P>
      <P Name="PropagatedSignals">X</P>
      <P Name="ShowPropagatedSignals">on</P>
    </Port>
  </Block>
  <Block BlockType="Inport" Name="&lt;Y&gt;" SID="15768">
    <P Name="Position">[20, 43, 50, 57]</P>
    <P Name="ZOrder">59016</P>
    <P Name="Port">2</P>
    <Port>
      <P Name="PortNumber">1</P>
      <P Name="PropagatedSignals">Y</P>
      <P Name="ShowPropagatedSignals">on</P>
    </Port>
  </Block>
  <Block BlockType="Inport" Name="&lt;Z&gt;" SID="15769">
    <P Name="Position">[20, 63, 50, 77]</P>
    <P Name="ZOrder">59017</P>
    <P Name="Port">3</P>
    <Port>
      <P Name="PortNumber">1</P>
      <P Name="PropagatedSignals">Z</P>
      <P Name="ShowPropagatedSignals">on</P>
    </Port>
  </Block>
  <Block BlockType="Gain" Name="Gain" SID="15770">
    <P Name="Position">[80, 19, 105, 41]</P>
    <P Name="ZOrder">59012</P>
  </Block>
  <Block BlockType="Gain" Name="Gain1" SID="15771">
    <P Name="Position">[110, 39, 135, 61]</P>
    <P Name="ZOrder">59013</P>
  </Block>
  <Block BlockType="Gain" Name="Gain2" SID="15772">
    <P Name="Position">[150, 59, 175, 81]</P>
    <P Name="ZOrder">59014</P>
  </Block>
  <Block BlockType="Outport" Name="Out1" SID="15773">
    <P Name="Position">[205, 23, 235, 37]</P>
    <P Name="ZOrder">59018</P>
    <P Name="VectorParamsAs1DForOutWhenUnconnected">off</P>
  </Block>
  <Block BlockType="Outport" Name="Out2" SID="15774">
    <P Name="Position">[205, 43, 235, 57]</P>
    <P Name="ZOrder">59019</P>
    <P Name="Port">2</P>
    <P Name="VectorParamsAs1DForOutWhenUnconnected">off</P>
  </Block>
  <Block BlockType="Outport" Name="Out3" SID="15775">
    <P Name="Position">[205, 63, 235, 77]</P>
    <P Name="ZOrder">59020</P>
    <P Name="Port">3</P>
    <P Name="VectorParamsAs1DForOutWhenUnconnected">off</P>
  </Block>
  <Line>
    <P Name="ZOrder">1</P>
    <P Name="Src">15769#out:1</P>
    <P Name="Dst">15772#in:1</P>
  </Line>
  <Line>
    <P Name="ZOrder">2</P>
    <P Name="Src">15768#out:1</P>
    <P Name="Dst">15771#in:1</P>
  </Line>
  <Line>
    <P Name="ZOrder">3</P>
    <P Name="Src">15767#out:1</P>
    <P Name="Dst">15770#in:1</P>
  </Line>
  <Line>
    <P Name="ZOrder">4</P>
    <P Name="Src">15771#out:1</P>
    <P Name="Dst">15774#in:1</P>
  </Line>
  <Line>
    <P Name="ZOrder">5</P>
    <P Name="Src">15770#out:1</P>
    <P Name="Dst">15773#in:1</P>
  </Line>
  <Line>
    <P Name="ZOrder">6</P>
    <P Name="Src">15772#out:1</P>
    <P Name="Dst">15775#in:1</P>
  </Line>
</System>
