<?xml version="1.0" encoding="utf-8"?>
<System>
  <P Name="Location">[158, 0, 1874, 1040]</P>
  <P Name="SystemRect">[0.000000, 0.000000, 0.000000, 0.000000]</P>
  <P Name="SetExecutionDomain">off</P>
  <P Name="ExecutionDomainType">Deduce</P>
  <P Name="PaperType">usletter</P>
  <P Name="PaperUnits">inches</P>
  <P Name="TiledPaperMargins">[0.500000, 0.500000, 0.500000, 0.500000]</P>
  <P Name="ZoomFactor">384</P>
  <P Name="SimulinkSubDomain">Simulink</P>
  <Block BlockType="EnablePort" Name="Enable" SID="13930">
    <P Name="Ports">[]</P>
    <P Name="Position">[340, 55, 360, 75]</P>
    <P Name="ZOrder">202</P>
  </Block>
  <Block BlockType="Reference" Name="Blank Message" SID="13891">
    <P Name="Ports">[0, 1]</P>
    <P Name="Position">[165, 149, 275, 191]</P>
    <P Name="ZOrder">195</P>
    <P Name="ForegroundColor">magenta</P>
    <P Name="LibraryVersion">1.389</P>
    <P Name="SourceBlock">robotlib/Blank Message</P>
    <P Name="SourceType">ROS Blank Message</P>
    <P Name="SourceProductBaseCode">RR</P>
    <InstanceData>
      <P Name="RTWMemSecFuncInitTerm">Inherit from model</P>
      <P Name="RTWMemSecFuncExecute">Inherit from model</P>
      <P Name="RTWMemSecDataConstants">Inherit from model</P>
      <P Name="RTWMemSecDataInternal">Inherit from model</P>
      <P Name="RTWMemSecDataParameters">Inherit from model</P>
      <P Name="ContentPreviewEnabled">off</P>
      <P Name="messageClass">Message</P>
      <P Name="entityType">std_msgs/Empty</P>
      <P Name="messageType">std_msgs/Empty</P>
      <P Name="SampleTime">Te_topics_empty</P>
      <P Name="legacyBusStruct">off</P>
    </InstanceData>
  </Block>
  <Block BlockType="Reference" Name="Publish1" SID="13892">
    <P Name="Ports">[1]</P>
    <P Name="Position">[460, 137, 590, 203]</P>
    <P Name="ZOrder">183</P>
    <P Name="LibraryVersion">1.389</P>
    <P Name="SourceBlock">robotlib/Publish</P>
    <P Name="SourceType">ROS Publish</P>
    <P Name="SourceProductBaseCode">RR</P>
    <InstanceData>
      <P Name="RTWMemSecFuncInitTerm">Inherit from model</P>
      <P Name="RTWMemSecFuncExecute">Inherit from model</P>
      <P Name="RTWMemSecDataConstants">Inherit from model</P>
      <P Name="RTWMemSecDataInternal">Inherit from model</P>
      <P Name="RTWMemSecDataParameters">Inherit from model</P>
      <P Name="ContentPreviewEnabled">off</P>
      <P Name="topicSource">Select from ROS network</P>
      <P Name="topic">/bebop/takeoff</P>
      <P Name="messageType">std_msgs/Empty</P>
      <P Name="legacyBusStruct">off</P>
      <P Name="messageQueueLength">1</P>
    </InstanceData>
  </Block>
  <Line>
    <P Name="ZOrder">1</P>
    <P Name="Src">13891#out:1</P>
    <P Name="Dst">13892#in:1</P>
  </Line>
</System>
