<?xml version="1.0" encoding="utf-8"?>
<System>
  <P Name="Location">[-8, -8, 1928, 1048]</P>
  <P Name="SystemRect">[0.000000, 0.000000, 0.000000, 0.000000]</P>
  <P Name="SetExecutionDomain">off</P>
  <P Name="ExecutionDomainType">Deduce</P>
  <P Name="PaperType">usletter</P>
  <P Name="PaperUnits">inches</P>
  <P Name="TiledPaperMargins">[0.500000, 0.500000, 0.500000, 0.500000]</P>
  <P Name="ZoomFactor">150</P>
  <P Name="SimulinkSubDomain">Simulink</P>
  <Block BlockType="BusSelector" Name="Bus&#xA;Selector7" SID="16333">
    <P Name="Ports">[1, 1]</P>
    <P Name="Position">[480, 516, 485, 554]</P>
    <P Name="ZOrder">100000</P>
    <P Name="ShowName">off</P>
    <P Name="OutputSignals">Data</P>
    <Port>
      <P Name="PortNumber">1</P>
      <P Name="Name">&lt;Data&gt;</P>
    </Port>
  </Block>
  <Block BlockType="SubSystem" Name="MATLAB Function" SID="16349">
    <P Name="Ports">[1, 1]</P>
    <P Name="Position">[530, 512, 675, 558]</P>
    <P Name="ZOrder">100000</P>
    <P Name="ErrorFcn">Stateflow.Translate.translate</P>
    <P Name="PermitHierarchicalResolution">ExplicitOnly</P>
    <P Name="TreatAsAtomicUnit">on</P>
    <P Name="RequestExecContextInheritance">off</P>
    <P Name="SFBlockType">MATLAB Function</P>
    <System Ref="system_16349"/>
  </Block>
  <Block BlockType="Reference" Name="Subscribe7" SID="16354">
    <P Name="Ports">[0, 2]</P>
    <P Name="Position">[255, 489, 460, 551]</P>
    <P Name="ZOrder">100000</P>
    <P Name="LibraryVersion">1.389</P>
    <P Name="SourceBlock">robotlib/Subscribe</P>
    <P Name="SourceType">ROS Subscribe</P>
    <P Name="SourceProductBaseCode">RR</P>
    <InstanceData>
      <P Name="RTWMemSecFuncInitTerm">Inherit from model</P>
      <P Name="RTWMemSecFuncExecute">Inherit from model</P>
      <P Name="RTWMemSecDataConstants">Inherit from model</P>
      <P Name="RTWMemSecDataInternal">Inherit from model</P>
      <P Name="RTWMemSecDataParameters">Inherit from model</P>
      <P Name="ContentPreviewEnabled">off</P>
      <P Name="topicSource">Select from ROS network</P>
      <P Name="topic">/mux_cmd_vel/selected</P>
      <P Name="messageType">std_msgs/String</P>
      <P Name="SampleTime">Te</P>
      <P Name="legacyBusStruct">off</P>
      <P Name="messageQueueLength">1</P>
    </InstanceData>
  </Block>
  <Block BlockType="Outport" Name="joystick_offboardmode" SID="16385">
    <P Name="Position">[735, 528, 765, 542]</P>
    <P Name="ZOrder">100000</P>
    <P Name="VectorParamsAs1DForOutWhenUnconnected">off</P>
  </Block>
  <Line>
    <P Name="Name">&lt;Data&gt;</P>
    <P Name="ZOrder">1</P>
    <P Name="Labels">[0, 0]</P>
    <P Name="Src">16333#out:1</P>
    <P Name="Dst">16349#in:1</P>
  </Line>
  <Line>
    <P Name="ZOrder">2</P>
    <P Name="Src">16354#out:2</P>
    <P Name="Dst">16333#in:1</P>
  </Line>
  <Line>
    <P Name="ZOrder">10</P>
    <P Name="Src">16349#out:1</P>
    <P Name="Dst">16385#in:1</P>
  </Line>
</System>
