<?xml version="1.0" encoding="utf-8"?>
<System>
  <P Name="Location">[223, 338, 826, 833]</P>
  <P Name="SystemRect">[0.000000, 0.000000, 0.000000, 0.000000]</P>
  <P Name="SetExecutionDomain">off</P>
  <P Name="ExecutionDomainType">Deduce</P>
  <P Name="PaperType">usletter</P>
  <P Name="PaperUnits">inches</P>
  <P Name="TiledPaperMargins">[0.500000, 0.500000, 0.500000, 0.500000]</P>
  <P Name="SIDHighWatermark">29</P>
  <P Name="SimulinkSubDomain">Simulink</P>
  <Block BlockType="Inport" Name="e1" SID="14972::1">
    <P Name="Position">[20, 101, 40, 119]</P>
    <P Name="ZOrder">-1</P>
  </Block>
  <Block BlockType="Inport" Name="e2" SID="14972::22">
    <P Name="Position">[20, 136, 40, 154]</P>
    <P Name="ZOrder">13</P>
    <P Name="Port">2</P>
  </Block>
  <Block BlockType="Demux" Name=" Demux " SID="14972::28">
    <P Name="Ports">[1, 1]</P>
    <P Name="Position">[270, 230, 320, 270]</P>
    <P Name="ZOrder">19</P>
    <P Name="Outputs">1</P>
  </Block>
  <Block BlockType="S-Function" Name=" SFunction " SID="14972::27">
    <P Name="Tag">Stateflow S-Function 2</P>
    <P Name="Ports">[2, 3]</P>
    <P Name="Position">[180, 100, 230, 180]</P>
    <P Name="ZOrder">18</P>
    <P Name="FunctionName">sf_sfun</P>
    <P Name="PortCounts">[2 3]</P>
    <P Name="SFunctionDeploymentMode">off</P>
    <P Name="EnableBusSupport">on</P>
    <P Name="SFcnIsStateOwnerBlock">off</P>
    <Port>
      <P Name="PortNumber">2</P>
      <P Name="Name">TAKE_OFF</P>
    </Port>
    <Port>
      <P Name="PortNumber">3</P>
      <P Name="Name">LAND</P>
    </Port>
  </Block>
  <Block BlockType="Terminator" Name=" Terminator " SID="14972::29">
    <P Name="Position">[460, 241, 480, 259]</P>
    <P Name="ZOrder">20</P>
  </Block>
  <Block BlockType="Outport" Name="TAKE_OFF" SID="14972::5">
    <P Name="Position">[460, 101, 480, 119]</P>
    <P Name="ZOrder">-5</P>
    <P Name="VectorParamsAs1DForOutWhenUnconnected">off</P>
  </Block>
  <Block BlockType="Outport" Name="LAND" SID="14972::23">
    <P Name="Position">[460, 136, 480, 154]</P>
    <P Name="ZOrder">14</P>
    <P Name="Port">2</P>
    <P Name="VectorParamsAs1DForOutWhenUnconnected">off</P>
  </Block>
  <Line>
    <P Name="ZOrder">26</P>
    <P Name="Src">14972::1#out:1</P>
    <P Name="Points">[120, 0]</P>
    <P Name="Dst">14972::27#in:1</P>
  </Line>
  <Line>
    <P Name="ZOrder">27</P>
    <P Name="Src">14972::22#out:1</P>
    <P Name="Dst">14972::27#in:2</P>
  </Line>
  <Line>
    <P Name="Name">TAKE_OFF</P>
    <P Name="ZOrder">28</P>
    <P Name="Labels">[0, 0]</P>
    <P Name="Src">14972::27#out:2</P>
    <P Name="Dst">14972::5#in:1</P>
  </Line>
  <Line>
    <P Name="Name">LAND</P>
    <P Name="ZOrder">29</P>
    <P Name="Labels">[0, 0]</P>
    <P Name="Src">14972::27#out:3</P>
    <P Name="Dst">14972::23#in:1</P>
  </Line>
  <Line>
    <P Name="ZOrder">30</P>
    <P Name="Src">14972::28#out:1</P>
    <P Name="Dst">14972::29#in:1</P>
  </Line>
  <Line>
    <P Name="ZOrder">31</P>
    <P Name="Src">14972::27#out:1</P>
    <P Name="Dst">14972::28#in:1</P>
  </Line>
</System>
