<?xml version="1.0" encoding="utf-8"?>
<System>
  <P Name="Location">[-8, -8, 1928, 1048]</P>
  <P Name="SystemRect">[0.000000, 0.000000, 0.000000, 0.000000]</P>
  <P Name="SetExecutionDomain">off</P>
  <P Name="ExecutionDomainType">Deduce</P>
  <P Name="ZoomFactor">111</P>
  <P Name="SimulinkSubDomain">Simulink</P>
  <Block BlockType="Inport" Name="bebop_tgt" SID="12996">
    <P Name="Position">[450, 417, 485, 433]</P>
    <P Name="ZOrder">1722</P>
    <P Name="NameLocation">top</P>
  </Block>
  <Block BlockType="Inport" Name="bebop_ctrl" SID="14986">
    <P Name="Position">[930, 527, 955, 543]</P>
    <P Name="ZOrder">100000</P>
    <P Name="Port">2</P>
  </Block>
  <Block BlockType="BusSelector" Name="Bus&#xA;Selector" SID="15195">
    <P Name="Ports">[1, 4]</P>
    <P Name="Position">[985, 460, 990, 605]</P>
    <P Name="ZOrder">100000</P>
    <P Name="ShowName">off</P>
    <P Name="OutputSignals">camera_vertical,camera_horizontal,takeoff,land</P>
    <Port>
      <P Name="PortNumber">1</P>
      <P Name="Name">&lt;camera_vertical&gt;</P>
    </Port>
    <Port>
      <P Name="PortNumber">2</P>
      <P Name="Name">&lt;camera_horizontal&gt;</P>
    </Port>
    <Port>
      <P Name="PortNumber">3</P>
      <P Name="Name">&lt;takeoff&gt;</P>
    </Port>
    <Port>
      <P Name="PortNumber">4</P>
      <P Name="Name">&lt;land&gt;</P>
    </Port>
  </Block>
  <Block BlockType="BusSelector" Name="Bus&#xA;Selector3" SID="14892">
    <P Name="Ports">[1, 4]</P>
    <P Name="Position">[520, 315, 525, 530]</P>
    <P Name="ZOrder">100000</P>
    <P Name="ShowName">off</P>
    <P Name="OutputSignals">pitch,roll,yaw_rate,Vz</P>
    <Port>
      <P Name="PortNumber">1</P>
      <P Name="Name">&lt;pitch&gt;</P>
    </Port>
    <Port>
      <P Name="PortNumber">2</P>
      <P Name="Name">&lt;roll&gt;</P>
    </Port>
    <Port>
      <P Name="PortNumber">3</P>
      <P Name="Name">&lt;yaw_rate&gt;</P>
    </Port>
    <Port>
      <P Name="PortNumber">4</P>
      <P Name="Name">&lt;Vz&gt;</P>
    </Port>
  </Block>
  <Block BlockType="BusSelector" Name="Bus&#xA;Selector5" SID="14952">
    <P Name="Ports">[1, 1]</P>
    <P Name="Position">[635, 646, 640, 684]</P>
    <P Name="ZOrder">100000</P>
    <P Name="ShowName">off</P>
    <P Name="OutputSignals">Data</P>
    <Port>
      <P Name="PortNumber">1</P>
      <P Name="Name">&lt;Data&gt;</P>
    </Port>
  </Block>
  <Block BlockType="From" Name="From1" SID="15284">
    <P Name="Position">[685, 395, 725, 425]</P>
    <P Name="ZOrder">100000</P>
    <P Name="GotoTag">Vz_tgt</P>
  </Block>
  <Block BlockType="Goto" Name="Goto1" SID="15197">
    <P Name="Position">[655, 490, 695, 520]</P>
    <P Name="ZOrder">100000</P>
    <P Name="GotoTag">Vz_tgt</P>
  </Block>
  <Block BlockType="SubSystem" Name="NED attitude &#xA;to ENU linear" SID="14915">
    <P Name="Ports">[4, 4]</P>
    <P Name="Position">[810, 321, 950, 464]</P>
    <P Name="ZOrder">100000</P>
    <P Name="RequestExecContextInheritance">off</P>
    <System Ref="system_14915"/>
  </Block>
  <Block BlockType="Reference" Name="Simulation Pace" SID="11332">
    <P Name="Ports">[]</P>
    <P Name="Position">[625, 565, 660, 595]</P>
    <P Name="ZOrder">100000</P>
    <P Name="AttributesFormatString">%&lt;SimulationPace&gt; sec/sec</P>
    <P Name="LibraryVersion">4.1</P>
    <P Name="SourceBlock">aerolibanimutils/Simulation Pace</P>
    <P Name="SourceType">Simulation Pace</P>
    <P Name="SourceProductBaseCode">AE</P>
    <InstanceData>
      <P Name="MultithreadedSim">auto</P>
      <P Name="SimulationPace">1</P>
      <P Name="SleepMode">MATLAB Thread</P>
      <P Name="OutputPaceError">off</P>
      <P Name="SampleTime">Te</P>
    </InstanceData>
  </Block>
  <Block BlockType="Reference" Name="Subscribe5" SID="14953">
    <P Name="Ports">[0, 2]</P>
    <P Name="Position">[440, 626, 605, 679]</P>
    <P Name="ZOrder">100000</P>
    <P Name="LibraryVersion">1.389</P>
    <LinkData>
      <DialogParameters BlockName="SourceBlock">
        <P Name="ROSTopic">/bebop/state</P>
        <P Name="ROSMessageType">std_msgs/Float64</P>
        <P Name="SLBusName">SL_Bus_SiMoDronesBebopRos_student_std_msgs_Float64</P>
        <P Name="ModelName">SiMoDronesBebopRos_student</P>
        <P Name="BlockId">Sub_SiMoDronesBebopRos_student_14953</P>
      </DialogParameters>
    </LinkData>
    <P Name="SourceBlock">robotlib/Subscribe</P>
    <P Name="SourceType">ROS Subscribe</P>
    <P Name="SourceProductBaseCode">RR</P>
    <InstanceData>
      <P Name="RTWMemSecFuncInitTerm">Inherit from model</P>
      <P Name="RTWMemSecFuncExecute">Inherit from model</P>
      <P Name="RTWMemSecDataConstants">Inherit from model</P>
      <P Name="RTWMemSecDataInternal">Inherit from model</P>
      <P Name="RTWMemSecDataParameters">Inherit from model</P>
      <P Name="ContentPreviewEnabled">off</P>
      <P Name="topicSource">Select from ROS network</P>
      <P Name="topic">/bebop/state</P>
      <P Name="messageType">std_msgs/Float64</P>
      <P Name="SampleTime">Ts_bebop_feedback</P>
      <P Name="legacyBusStruct">off</P>
      <P Name="messageQueueLength">1</P>
    </InstanceData>
  </Block>
  <Block BlockType="SubSystem" Name="Topics" SID="13870">
    <P Name="Ports">[8]</P>
    <P Name="Position">[1060, 319, 1205, 606]</P>
    <P Name="ZOrder">3478</P>
    <P Name="RequestExecContextInheritance">off</P>
    <System Ref="system_13870"/>
  </Block>
  <Block BlockType="Outport" Name="bebop_state" SID="15927">
    <P Name="Position">[775, 658, 805, 672]</P>
    <P Name="ZOrder">100000</P>
    <P Name="VectorParamsAs1DForOutWhenUnconnected">off</P>
  </Block>
  <Line>
    <P Name="ZOrder">56</P>
    <P Name="Src">12996#out:1</P>
    <P Name="Dst">14892#in:1</P>
  </Line>
  <Line>
    <P Name="ZOrder">196</P>
    <P Name="Src">15284#out:1</P>
    <P Name="Dst">14915#in:3</P>
  </Line>
  <Line>
    <P Name="Name">&lt;yaw_rate&gt;</P>
    <P Name="ZOrder">240</P>
    <P Name="Labels">[0, 0]</P>
    <P Name="Src">14892#out:3</P>
    <P Name="Points">[120, 0; 0, -5]</P>
    <P Name="Dst">14915#in:4</P>
  </Line>
  <Line>
    <P Name="Name">&lt;roll&gt;</P>
    <P Name="ZOrder">239</P>
    <P Name="Labels">[0, 0]</P>
    <P Name="Src">14892#out:2</P>
    <P Name="Points">[102, 0; 0, -20]</P>
    <P Name="Dst">14915#in:2</P>
  </Line>
  <Line>
    <P Name="Name">&lt;pitch&gt;</P>
    <P Name="ZOrder">238</P>
    <P Name="Labels">[0, 0]</P>
    <P Name="Src">14892#out:1</P>
    <P Name="Dst">14915#in:1</P>
  </Line>
  <Line>
    <P Name="ZOrder">85</P>
    <P Name="Src">14915#out:1</P>
    <P Name="Dst">13870#in:1</P>
  </Line>
  <Line>
    <P Name="ZOrder">86</P>
    <P Name="Src">14915#out:2</P>
    <P Name="Dst">13870#in:2</P>
  </Line>
  <Line>
    <P Name="ZOrder">87</P>
    <P Name="Src">14915#out:3</P>
    <P Name="Dst">13870#in:3</P>
  </Line>
  <Line>
    <P Name="ZOrder">88</P>
    <P Name="Src">14915#out:4</P>
    <P Name="Dst">13870#in:4</P>
  </Line>
  <Line>
    <P Name="Name">&lt;camera_vertical&gt;</P>
    <P Name="ZOrder">153</P>
    <P Name="Labels">[0, 0]</P>
    <P Name="Src">15195#out:1</P>
    <P Name="Dst">13870#in:5</P>
  </Line>
  <Line>
    <P Name="Name">&lt;takeoff&gt;</P>
    <P Name="ZOrder">151</P>
    <P Name="Labels">[0, 0]</P>
    <P Name="Src">15195#out:3</P>
    <P Name="Dst">13870#in:7</P>
  </Line>
  <Line>
    <P Name="Name">&lt;land&gt;</P>
    <P Name="ZOrder">152</P>
    <P Name="Labels">[0, 0]</P>
    <P Name="Src">15195#out:4</P>
    <P Name="Dst">13870#in:8</P>
  </Line>
  <Line>
    <P Name="ZOrder">128</P>
    <P Name="Src">14986#out:1</P>
    <P Name="Dst">15195#in:1</P>
  </Line>
  <Line>
    <P Name="Name">&lt;camera_horizontal&gt;</P>
    <P Name="ZOrder">154</P>
    <P Name="Labels">[0, 0]</P>
    <P Name="Src">15195#out:2</P>
    <P Name="Dst">13870#in:6</P>
  </Line>
  <Line>
    <P Name="Name">&lt;Vz&gt;</P>
    <P Name="ZOrder">231</P>
    <P Name="Labels">[0, 0]</P>
    <P Name="Src">14892#out:4</P>
    <P Name="Dst">15197#in:1</P>
  </Line>
  <Line>
    <P Name="ZOrder">236</P>
    <P Name="Src">14953#out:2</P>
    <P Name="Dst">14952#in:1</P>
  </Line>
  <Line>
    <P Name="Name">&lt;Data&gt;</P>
    <P Name="ZOrder">237</P>
    <P Name="Labels">[0, 0]</P>
    <P Name="Src">14952#out:1</P>
    <P Name="Dst">15927#in:1</P>
  </Line>
</System>
