<?xml version="1.0" encoding="utf-8"?>
<System>
  <P Name="Location">[-7, -7, 1543, 831]</P>
  <P Name="SystemRect">[0.000000, 0.000000, 0.000000, 0.000000]</P>
  <P Name="SetExecutionDomain">off</P>
  <P Name="ExecutionDomainType">Deduce</P>
  <P Name="PaperType">usletter</P>
  <P Name="PaperUnits">inches</P>
  <P Name="TiledPaperMargins">[0.500000, 0.500000, 0.500000, 0.500000]</P>
  <P Name="ZoomFactor">119</P>
  <P Name="SimulinkSubDomain">Simulink</P>
  <Block BlockType="Inport" Name="Vz_ref" SID="14843">
    <P Name="Position">[25, -122, 55, -108]</P>
    <P Name="ZOrder">1293</P>
  </Block>
  <Block BlockType="Inport" Name="Motor_On" SID="15020">
    <P Name="Position">[325, -2, 355, 12]</P>
    <P Name="ZOrder">1763</P>
    <P Name="Port">2</P>
  </Block>
  <Block BlockType="Inport" Name="Vz_est" SID="14844">
    <P Name="Position">[25, -42, 55, -28]</P>
    <P Name="ZOrder">1294</P>
    <P Name="Port">3</P>
  </Block>
  <Block BlockType="Sum" Name="Add" SID="14846">
    <P Name="Ports">[2, 1]</P>
    <P Name="Position">[325, -43, 355, -12]</P>
    <P Name="ZOrder">1290</P>
    <P Name="ShowName">off</P>
    <P Name="IconShape">rectangular</P>
    <P Name="Inputs">+-</P>
  </Block>
  <Block BlockType="Delay" Name="Delay" SID="14848">
    <P Name="Ports">[1, 1]</P>
    <P Name="Position">[405, 30, 435, 70]</P>
    <P Name="ZOrder">1292</P>
    <P Name="BlockMirror">on</P>
    <P Name="ShowName">off</P>
    <P Name="InputPortMap">u0</P>
    <P Name="DelayLength">1</P>
    <P Name="InitialCondition">0</P>
  </Block>
  <Block BlockType="DiscreteIntegrator" Name="Discrete-Time&#xA;Integrator" SID="14851">
    <P Name="Ports">[2, 1]</P>
    <P Name="Position">[380, -39, 440, 19]</P>
    <P Name="ZOrder">1271</P>
    <P Name="ShowName">off</P>
    <P Name="ExternalReset">rising</P>
    <P Name="InitialConditionSetting">Auto</P>
    <P Name="SampleTime">Ts_bebop</P>
    <P Name="LimitOutput">on</P>
    <P Name="UpperSaturationLimit">2</P>
    <P Name="LowerSaturationLimit">-2</P>
    <P Name="ICPrevOutput">DiscIntNeverNeededParam</P>
    <P Name="ICPrevScaledInput">DiscIntNeverNeededParam</P>
  </Block>
  <Block BlockType="InportShadow" Name="Motor_On1" SID="15021">
    <P Name="Position">[575, 58, 605, 72]</P>
    <P Name="ZOrder">1764</P>
    <P Name="Port">2</P>
  </Block>
  <Block BlockType="Gain" Name="P_pr" SID="14852">
    <P Name="Position">[420, -118, 525, -82]</P>
    <P Name="ZOrder">1286</P>
    <P Name="ForegroundColor">blue</P>
    <P Name="Gain">altiKP</P>
  </Block>
  <Block BlockType="Gain" Name="P_pr1" SID="14853">
    <P Name="Position">[485, -6, 550, 26]</P>
    <P Name="ZOrder">1759</P>
    <P Name="ForegroundColor">blue</P>
    <P Name="Gain">altiKI</P>
  </Block>
  <Block BlockType="Product" Name="Product" SID="15019">
    <P Name="Ports">[2, 1]</P>
    <P Name="Position">[660, 2, 690, 33]</P>
    <P Name="ZOrder">1762</P>
  </Block>
  <Block BlockType="Sum" Name="Sum16" SID="14856">
    <P Name="Ports">[2, 1]</P>
    <P Name="Position">[605, -5, 635, 25]</P>
    <P Name="ZOrder">1252</P>
    <P Name="ForegroundColor">blue</P>
    <P Name="ShowName">off</P>
    <P Name="Inputs">++|</P>
    <P Name="AccumDataTypeStr">single</P>
    <P Name="OutDataTypeStr">single</P>
    <P Name="SaturateOnIntegerOverflow">on</P>
  </Block>
  <Block BlockType="Sum" Name="Sum19" SID="14857">
    <P Name="Ports">[2, 1]</P>
    <P Name="Position">[170, -45, 190, -25]</P>
    <P Name="ZOrder">1249</P>
    <P Name="ForegroundColor">blue</P>
    <P Name="ShowName">off</P>
    <P Name="Inputs">+-|</P>
    <Port>
      <P Name="PortNumber">1</P>
      <P Name="Name">Vz
error</P>
    </Port>
  </Block>
  <Block BlockType="Gain" Name="antiWU_Gain" SID="14858">
    <P Name="Position">[320, 35, 385, 65]</P>
    <P Name="ZOrder">1291</P>
    <P Name="BlockMirror">on</P>
    <P Name="ForegroundColor">blue</P>
    <P Name="Gain">0.001</P>
  </Block>
  <Block BlockType="Outport" Name="Vertical thrust (N)" SID="14859">
    <P Name="Position">[730, 13, 760, 27]</P>
    <P Name="ZOrder">1295</P>
    <P Name="VectorParamsAs1DForOutWhenUnconnected">off</P>
  </Block>
  <Line>
    <P Name="ZOrder">1</P>
    <P Name="Src">14858#out:1</P>
    <P Name="Points">[-11, 0; 0, -70]</P>
    <P Name="Dst">14846#in:2</P>
  </Line>
  <Line>
    <P Name="ZOrder">2</P>
    <P Name="Src">14846#out:1</P>
    <P Name="Dst">14851#in:1</P>
  </Line>
  <Line>
    <P Name="ZOrder">3</P>
    <P Name="Src">14852#out:1</P>
    <P Name="Points">[90, 0]</P>
    <P Name="Dst">14856#in:1</P>
  </Line>
  <Line>
    <P Name="ZOrder">4</P>
    <P Name="Src">14853#out:1</P>
    <P Name="Dst">14856#in:2</P>
  </Line>
  <Line>
    <P Name="Name">Vz
error</P>
    <P Name="ZOrder">5</P>
    <P Name="Labels">[0, 0]</P>
    <P Name="Src">14857#out:1</P>
    <P Name="Points">[103, 0]</P>
    <Branch>
      <P Name="ZOrder">8</P>
      <P Name="Dst">14846#in:1</P>
    </Branch>
    <Branch>
      <P Name="ZOrder">9</P>
      <P Name="Points">[0, -65]</P>
      <P Name="Dst">14852#in:1</P>
    </Branch>
  </Line>
  <Line>
    <P Name="ZOrder">10</P>
    <P Name="Src">14851#out:1</P>
    <P Name="Points">[9, 0; 0, 20]</P>
    <Branch>
      <P Name="ZOrder">11</P>
      <P Name="Points">[0, 40]</P>
      <P Name="Dst">14848#in:1</P>
    </Branch>
    <Branch>
      <P Name="ZOrder">12</P>
      <P Name="Dst">14853#in:1</P>
    </Branch>
  </Line>
  <Line>
    <P Name="ZOrder">13</P>
    <P Name="Src">14848#out:1</P>
    <P Name="Dst">14858#in:1</P>
  </Line>
  <Line>
    <P Name="ZOrder">19</P>
    <P Name="Src">14856#out:1</P>
    <P Name="Dst">15019#in:1</P>
  </Line>
  <Line>
    <P Name="ZOrder">15</P>
    <P Name="Src">14843#out:1</P>
    <P Name="Points">[120, 0]</P>
    <P Name="Dst">14857#in:1</P>
  </Line>
  <Line>
    <P Name="ZOrder">16</P>
    <P Name="Src">14844#out:1</P>
    <P Name="Dst">14857#in:2</P>
  </Line>
  <Line>
    <P Name="ZOrder">22</P>
    <P Name="Src">15020#out:1</P>
    <P Name="Dst">14851#in:2</P>
  </Line>
  <Line>
    <P Name="ZOrder">23</P>
    <P Name="Src">15021#out:1</P>
    <P Name="Points">[35, 0]</P>
    <P Name="Dst">15019#in:2</P>
  </Line>
  <Line>
    <P Name="ZOrder">21</P>
    <P Name="Src">15019#out:1</P>
    <P Name="Dst">14859#in:1</P>
  </Line>
  <Annotation SID="14861">
    <P Name="Name">&lt;!DOCTYPE HTML PUBLIC &quot;-//W3C//DTD HTML 4.0//EN&quot; &quot;http://www.w3.org/TR/REC-html40/strict.dtd&quot;&gt;
&lt;html&gt;&lt;head&gt;&lt;meta name=&quot;qrichtext&quot; content=&quot;1&quot; /&gt;&lt;style type=&quot;text/css&quot;&gt;
p, li { white-space: pre-wrap; }
&lt;/style&gt;&lt;/head&gt;&lt;body style=&quot; font-family:&apos;Helvetica&apos;; font-size:10px; font-weight:400; font-style:normal;&quot;&gt;
&lt;p style=&quot; margin-top:0px; margin-bottom:0px; margin-left:0px; margin-right:0px; -qt-block-indent:0; text-indent:0px;&quot;&gt;&lt;span style=&quot; font-weight:600;&quot;&gt;ATTITUDE&lt;/span&gt;&lt;/p&gt;&lt;/body&gt;&lt;/html&gt;</P>
    <P Name="Position">[101, -84, 152, -70]</P>
    <P Name="InternalMargins">[0, 0, 0, 0]</P>
    <P Name="HorizontalAlignment">left</P>
    <P Name="VerticalAlignment">top</P>
    <P Name="Interpreter">rich</P>
    <P Name="ZOrder">-1</P>
  </Annotation>
</System>
