<?xml version="1.0" encoding="utf-8"?>
<System>
  <P Name="Location">[-8, -8, 1928, 1048]</P>
  <P Name="SystemRect">[0.000000, 0.000000, 0.000000, 0.000000]</P>
  <P Name="SetExecutionDomain">off</P>
  <P Name="ExecutionDomainType">Deduce</P>
  <P Name="ZoomFactor">199</P>
  <P Name="SimulinkSubDomain">Simulink</P>
  <Block BlockType="BusCreator" Name="Bus&#xA;Creator1" SID="15900">
    <P Name="Ports">[11, 1]</P>
    <P Name="Position">[1115, 234, 1120, 506]</P>
    <P Name="ZOrder">100000</P>
    <P Name="ShowName">off</P>
    <P Name="Inputs">11</P>
    <P Name="DisplayOption">bar</P>
    <P Name="OutDataTypeStr">Bus: BUS_bebop_sensors</P>
    <P Name="InheritFromInputs">off</P>
  </Block>
  <Block BlockType="BusSelector" Name="Bus&#xA;Selector" SID="15757">
    <P Name="Ports">[1, 3]</P>
    <P Name="Position">[925, 431, 930, 499]</P>
    <P Name="ZOrder">100000</P>
    <P Name="ShowName">off</P>
    <P Name="OutputSignals">X,Y,Z</P>
    <Port>
      <P Name="PortNumber">1</P>
      <P Name="Name">&lt;X&gt;</P>
    </Port>
    <Port>
      <P Name="PortNumber">2</P>
      <P Name="Name">&lt;Y&gt;</P>
    </Port>
    <Port>
      <P Name="PortNumber">3</P>
      <P Name="Name">&lt;Z&gt;</P>
    </Port>
  </Block>
  <Block BlockType="BusSelector" Name="Bus&#xA;Selector1" SID="15758">
    <P Name="Ports">[1, 1]</P>
    <P Name="Position">[970, 226, 975, 264]</P>
    <P Name="ZOrder">100000</P>
    <P Name="ShowName">off</P>
    <P Name="OutputSignals">Data</P>
    <Port>
      <P Name="PortNumber">1</P>
      <P Name="Name">&lt;Data&gt;</P>
    </Port>
  </Block>
  <Block BlockType="BusSelector" Name="Bus&#xA;Selector2" SID="15759">
    <P Name="Ports">[1, 3]</P>
    <P Name="Position">[970, 281, 975, 339]</P>
    <P Name="ZOrder">100000</P>
    <P Name="ShowName">off</P>
    <P Name="OutputSignals">Linear.X,Linear.Y,Linear.Z</P>
    <Port>
      <P Name="PortNumber">1</P>
      <P Name="Name">&lt;X&gt;</P>
    </Port>
    <Port>
      <P Name="PortNumber">2</P>
      <P Name="Name">&lt;Y&gt;</P>
    </Port>
    <Port>
      <P Name="PortNumber">3</P>
      <P Name="Name">&lt;Z&gt;</P>
    </Port>
  </Block>
  <Block BlockType="BusSelector" Name="Bus&#xA;Selector3" SID="15760">
    <P Name="Ports">[1, 1]</P>
    <P Name="Position">[970, 361, 975, 399]</P>
    <P Name="ZOrder">100000</P>
    <P Name="ShowName">off</P>
    <P Name="OutputSignals">Data</P>
    <Port>
      <P Name="PortNumber">1</P>
      <P Name="Name">&lt;Data&gt;</P>
    </Port>
  </Block>
  <Block BlockType="Constant" Name="Constant" SID="15934">
    <P Name="Position">[840, 520, 870, 550]</P>
    <P Name="ZOrder">100000</P>
    <P Name="Value">0</P>
    <P Name="SampleTime">Ts_bebop_feedback</P>
  </Block>
  <Block BlockType="Constant" Name="Constant1" SID="15935">
    <P Name="Position">[840, 560, 870, 590]</P>
    <P Name="ZOrder">100000</P>
    <P Name="Value">0</P>
    <P Name="SampleTime">Ts_bebop_feedback</P>
  </Block>
  <Block BlockType="Constant" Name="Constant2" SID="15936">
    <P Name="Position">[840, 600, 870, 630]</P>
    <P Name="ZOrder">100000</P>
    <P Name="Value">0</P>
    <P Name="SampleTime">Ts_bebop_feedback</P>
  </Block>
  <Block BlockType="SubSystem" Name="ENU bebop &#xA;-&gt; NED" SID="15766">
    <P Name="Ports">[3, 3]</P>
    <P Name="Position">[960, 435, 1020, 495]</P>
    <P Name="ZOrder">100000</P>
    <P Name="RequestExecContextInheritance">off</P>
    <System Ref="system_15766"/>
  </Block>
  <Block BlockType="Reference" Name="Subscribe" SID="15796">
    <P Name="Ports">[0, 2]</P>
    <P Name="Position">[715, 426, 880, 479]</P>
    <P Name="ZOrder">100000</P>
    <P Name="LibraryVersion">1.389</P>
    <P Name="SourceBlock">robotlib/Subscribe</P>
    <P Name="SourceType">ROS Subscribe</P>
    <P Name="SourceProductBaseCode">RR</P>
    <InstanceData>
      <P Name="RTWMemSecFuncInitTerm">Inherit from model</P>
      <P Name="RTWMemSecFuncExecute">Inherit from model</P>
      <P Name="RTWMemSecDataConstants">Inherit from model</P>
      <P Name="RTWMemSecDataInternal">Inherit from model</P>
      <P Name="RTWMemSecDataParameters">Inherit from model</P>
      <P Name="ContentPreviewEnabled">off</P>
      <P Name="topicSource">Select from ROS network</P>
      <P Name="topic">/bebop/attitude</P>
      <P Name="messageType">geometry_msgs/Vector3</P>
      <P Name="SampleTime">Ts_bebop_feedback</P>
      <P Name="legacyBusStruct">off</P>
      <P Name="messageQueueLength">1</P>
    </InstanceData>
  </Block>
  <Block BlockType="Reference" Name="Subscribe1" SID="15797">
    <P Name="Ports">[0, 2]</P>
    <P Name="Position">[715, 206, 880, 259]</P>
    <P Name="ZOrder">100000</P>
    <P Name="LibraryVersion">1.389</P>
    <P Name="SourceBlock">robotlib/Subscribe</P>
    <P Name="SourceType">ROS Subscribe</P>
    <P Name="SourceProductBaseCode">RR</P>
    <InstanceData>
      <P Name="RTWMemSecFuncInitTerm">Inherit from model</P>
      <P Name="RTWMemSecFuncExecute">Inherit from model</P>
      <P Name="RTWMemSecDataConstants">Inherit from model</P>
      <P Name="RTWMemSecDataInternal">Inherit from model</P>
      <P Name="RTWMemSecDataParameters">Inherit from model</P>
      <P Name="ContentPreviewEnabled">off</P>
      <P Name="topicSource">Select from ROS network</P>
      <P Name="topic">/bebop/battery</P>
      <P Name="messageType">std_msgs/Float64</P>
      <P Name="SampleTime">Ts_bebop_feedback</P>
      <P Name="legacyBusStruct">off</P>
      <P Name="messageQueueLength">1</P>
    </InstanceData>
  </Block>
  <Block BlockType="Reference" Name="Subscribe2" SID="15798">
    <P Name="Ports">[0, 2]</P>
    <P Name="Position">[715, 271, 880, 324]</P>
    <P Name="ZOrder">100000</P>
    <P Name="LibraryVersion">1.389</P>
    <P Name="SourceBlock">robotlib/Subscribe</P>
    <P Name="SourceType">ROS Subscribe</P>
    <P Name="SourceProductBaseCode">RR</P>
    <InstanceData>
      <P Name="RTWMemSecFuncInitTerm">Inherit from model</P>
      <P Name="RTWMemSecFuncExecute">Inherit from model</P>
      <P Name="RTWMemSecDataConstants">Inherit from model</P>
      <P Name="RTWMemSecDataInternal">Inherit from model</P>
      <P Name="RTWMemSecDataParameters">Inherit from model</P>
      <P Name="ContentPreviewEnabled">off</P>
      <P Name="topicSource">Select from ROS network</P>
      <P Name="topic">/bebop/speed</P>
      <P Name="messageType">geometry_msgs/Twist</P>
      <P Name="SampleTime">Ts_bebop_feedback</P>
      <P Name="legacyBusStruct">off</P>
      <P Name="messageQueueLength">1</P>
    </InstanceData>
  </Block>
  <Block BlockType="Reference" Name="Subscribe3" SID="15799">
    <P Name="Ports">[0, 2]</P>
    <P Name="Position">[715, 341, 880, 394]</P>
    <P Name="ZOrder">100000</P>
    <P Name="LibraryVersion">1.389</P>
    <P Name="SourceBlock">robotlib/Subscribe</P>
    <P Name="SourceType">ROS Subscribe</P>
    <P Name="SourceProductBaseCode">RR</P>
    <InstanceData>
      <P Name="RTWMemSecFuncInitTerm">Inherit from model</P>
      <P Name="RTWMemSecFuncExecute">Inherit from model</P>
      <P Name="RTWMemSecDataConstants">Inherit from model</P>
      <P Name="RTWMemSecDataInternal">Inherit from model</P>
      <P Name="RTWMemSecDataParameters">Inherit from model</P>
      <P Name="ContentPreviewEnabled">off</P>
      <P Name="topicSource">Select from ROS network</P>
      <P Name="topic">/bebop/altitude</P>
      <P Name="messageType">std_msgs/Float64</P>
      <P Name="SampleTime">Ts_bebop_feedback</P>
      <P Name="legacyBusStruct">off</P>
      <P Name="messageQueueLength">1</P>
    </InstanceData>
  </Block>
  <Block BlockType="Terminator" Name="Terminator" SID="15901">
    <P Name="Position">[905, 212, 915, 228]</P>
    <P Name="ZOrder">100000</P>
  </Block>
  <Block BlockType="Terminator" Name="Terminator1" SID="15902">
    <P Name="Position">[905, 277, 915, 293]</P>
    <P Name="ZOrder">100000</P>
  </Block>
  <Block BlockType="Terminator" Name="Terminator2" SID="15903">
    <P Name="Position">[905, 347, 915, 363]</P>
    <P Name="ZOrder">100000</P>
  </Block>
  <Block BlockType="Terminator" Name="Terminator3" SID="15904">
    <P Name="Position">[905, 432, 915, 448]</P>
    <P Name="ZOrder">100000</P>
  </Block>
  <Block BlockType="Outport" Name="bebop_sensors" SID="15899">
    <P Name="Position">[1170, 363, 1200, 377]</P>
    <P Name="ZOrder">100000</P>
    <P Name="OutDataTypeStr">Bus: BUS_bebop_sensors</P>
    <P Name="VectorParamsAs1DForOutWhenUnconnected">off</P>
  </Block>
  <Line>
    <P Name="Name">&lt;X&gt;</P>
    <P Name="ZOrder">18</P>
    <P Name="Labels">[0, 0]</P>
    <P Name="Src">15757#out:1</P>
    <P Name="Dst">15766#in:1</P>
  </Line>
  <Line>
    <P Name="ZOrder">29</P>
    <P Name="Src">15797#out:2</P>
    <P Name="Dst">15758#in:1</P>
  </Line>
  <Line>
    <P Name="ZOrder">30</P>
    <P Name="Src">15796#out:2</P>
    <P Name="Dst">15757#in:1</P>
  </Line>
  <Line>
    <P Name="Name">&lt;Y&gt;</P>
    <P Name="ZOrder">31</P>
    <P Name="Labels">[0, 0]</P>
    <P Name="Src">15757#out:2</P>
    <P Name="Dst">15766#in:2</P>
  </Line>
  <Line>
    <P Name="ZOrder">39</P>
    <P Name="Src">15798#out:2</P>
    <P Name="Dst">15759#in:1</P>
  </Line>
  <Line>
    <P Name="ZOrder">62</P>
    <P Name="Src">15799#out:2</P>
    <P Name="Dst">15760#in:1</P>
  </Line>
  <Line>
    <P Name="Name">&lt;Z&gt;</P>
    <P Name="ZOrder">65</P>
    <P Name="Labels">[0, 0]</P>
    <P Name="Src">15757#out:3</P>
    <P Name="Dst">15766#in:3</P>
  </Line>
  <Line>
    <P Name="ZOrder">83</P>
    <P Name="Src">15900#out:1</P>
    <P Name="Dst">15899#in:1</P>
  </Line>
  <Line>
    <P Name="Name">&lt;Data&gt;</P>
    <P Name="ZOrder">84</P>
    <P Name="Labels">[0, 0]</P>
    <P Name="Src">15758#out:1</P>
    <P Name="Dst">15900#in:1</P>
  </Line>
  <Line>
    <P Name="Name">&lt;Z&gt;</P>
    <P Name="ZOrder">85</P>
    <P Name="Labels">[0, 0]</P>
    <P Name="Src">15759#out:3</P>
    <P Name="Points">[65, 0; 0, -10]</P>
    <P Name="Dst">15900#in:4</P>
  </Line>
  <Line>
    <P Name="Name">&lt;Y&gt;</P>
    <P Name="ZOrder">86</P>
    <P Name="Labels">[0, 0]</P>
    <P Name="Src">15759#out:2</P>
    <P Name="Points">[60, 0; 0, -15]</P>
    <P Name="Dst">15900#in:3</P>
  </Line>
  <Line>
    <P Name="Name">&lt;X&gt;</P>
    <P Name="ZOrder">87</P>
    <P Name="Labels">[0, 0]</P>
    <P Name="Src">15759#out:1</P>
    <P Name="Points">[30, 0; 0, -20]</P>
    <P Name="Dst">15900#in:2</P>
  </Line>
  <Line>
    <P Name="Name">&lt;Data&gt;</P>
    <P Name="ZOrder">88</P>
    <P Name="Labels">[0, 0]</P>
    <P Name="Src">15760#out:1</P>
    <P Name="Points">[50, 0; 0, -35]</P>
    <P Name="Dst">15900#in:5</P>
  </Line>
  <Line>
    <P Name="ZOrder">89</P>
    <P Name="Src">15766#out:3</P>
    <P Name="Points">[39, 0; 0, -65]</P>
    <P Name="Dst">15900#in:8</P>
  </Line>
  <Line>
    <P Name="ZOrder">90</P>
    <P Name="Src">15766#out:2</P>
    <P Name="Points">[34, 0; 0, -70]</P>
    <P Name="Dst">15900#in:7</P>
  </Line>
  <Line>
    <P Name="ZOrder">91</P>
    <P Name="Src">15766#out:1</P>
    <P Name="Points">[24, 0; 0, -75]</P>
    <P Name="Dst">15900#in:6</P>
  </Line>
  <Line>
    <P Name="ZOrder">92</P>
    <P Name="Src">15797#out:1</P>
    <P Name="Dst">15901#in:1</P>
  </Line>
  <Line>
    <P Name="ZOrder">93</P>
    <P Name="Src">15798#out:1</P>
    <P Name="Dst">15902#in:1</P>
  </Line>
  <Line>
    <P Name="ZOrder">94</P>
    <P Name="Src">15799#out:1</P>
    <P Name="Dst">15903#in:1</P>
  </Line>
  <Line>
    <P Name="ZOrder">95</P>
    <P Name="Src">15796#out:1</P>
    <P Name="Dst">15904#in:1</P>
  </Line>
  <Line>
    <P Name="ZOrder">96</P>
    <P Name="Src">15934#out:1</P>
    <P Name="Points">[201, 0; 0, -90]</P>
    <P Name="Dst">15900#in:9</P>
  </Line>
  <Line>
    <P Name="ZOrder">97</P>
    <P Name="Src">15935#out:1</P>
    <P Name="Points">[210, 0; 0, -105]</P>
    <P Name="Dst">15900#in:10</P>
  </Line>
  <Line>
    <P Name="ZOrder">98</P>
    <P Name="Src">15936#out:1</P>
    <P Name="Points">[225, 0]</P>
    <P Name="Dst">15900#in:11</P>
  </Line>
</System>
