<?xml version="1.0" encoding="utf-8"?>
<System>
  <P Name="Location">[-7, -7, 1543, 831]</P>
  <P Name="SystemRect">[0.000000, 0.000000, 0.000000, 0.000000]</P>
  <P Name="SetExecutionDomain">off</P>
  <P Name="ExecutionDomainType">Deduce</P>
  <P Name="PaperType">usletter</P>
  <P Name="PaperUnits">inches</P>
  <P Name="TiledPaperMargins">[0.500000, 0.500000, 0.500000, 0.500000]</P>
  <P Name="ZoomFactor">151</P>
  <P Name="SimulinkSubDomain">Simulink</P>
  <Block BlockType="Inport" Name="refAttitude" SID="14723">
    <P Name="Position">[25, -122, 55, -108]</P>
    <P Name="ZOrder">1293</P>
  </Block>
  <Block BlockType="Inport" Name="att_estim" SID="14724">
    <P Name="Position">[25, -42, 55, -28]</P>
    <P Name="ZOrder">1294</P>
    <P Name="Port">2</P>
  </Block>
  <Block BlockType="Inport" Name="rate" SID="14763">
    <P Name="Position">[0, 163, 30, 177]</P>
    <P Name="ZOrder">1760</P>
    <P Name="Port">3</P>
  </Block>
  <Block BlockType="Sum" Name="Add" SID="14725">
    <P Name="Ports">[2, 1]</P>
    <P Name="Position">[325, -43, 355, -12]</P>
    <P Name="ZOrder">1290</P>
    <P Name="ShowName">off</P>
    <P Name="IconShape">rectangular</P>
    <P Name="Inputs">+-</P>
  </Block>
  <Block BlockType="Gain" Name="D_pr" SID="14728">
    <P Name="Position">[285, 134, 475, 206]</P>
    <P Name="ZOrder">1259</P>
    <P Name="ForegroundColor">red</P>
    <P Name="Gain">[thetaKD;phiKD]</P>
  </Block>
  <Block BlockType="Delay" Name="Delay" SID="14729">
    <P Name="Ports">[1, 1]</P>
    <P Name="Position">[405, 30, 435, 70]</P>
    <P Name="ZOrder">1292</P>
    <P Name="BlockMirror">on</P>
    <P Name="ShowName">off</P>
    <P Name="InputPortMap">u0</P>
    <P Name="DelayLength">1</P>
    <P Name="InitialCondition">0</P>
  </Block>
  <Block BlockType="Demux" Name="Demux" SID="14730">
    <P Name="Ports">[1, 2]</P>
    <P Name="Position">[850, -29, 855, 49]</P>
    <P Name="ZOrder">1256</P>
    <P Name="ForegroundColor">blue</P>
    <P Name="ShowName">off</P>
    <P Name="Outputs">2</P>
    <Port>
      <P Name="PortNumber">1</P>
      <P Name="Name">tau_pitch</P>
    </Port>
  </Block>
  <Block BlockType="DiscreteIntegrator" Name="Discrete-Time&#xA;Integrator" SID="14731">
    <P Name="Ports">[1, 1]</P>
    <P Name="Position">[380, -54, 440, 4]</P>
    <P Name="ZOrder">1271</P>
    <P Name="ShowName">off</P>
    <P Name="InitialConditionSetting">Auto</P>
    <P Name="SampleTime">Ts_bebop</P>
    <P Name="LimitOutput">on</P>
    <P Name="UpperSaturationLimit">2</P>
    <P Name="LowerSaturationLimit">-2</P>
    <P Name="ICPrevOutput">DiscIntNeverNeededParam</P>
    <P Name="ICPrevScaledInput">DiscIntNeverNeededParam</P>
  </Block>
  <Block BlockType="Gain" Name="Gain" SID="15131">
    <P Name="Position">[160, 156, 200, 184]</P>
    <P Name="ZOrder">1771</P>
    <P Name="Gain">0.8</P>
  </Block>
  <Block BlockType="Gain" Name="P_pr" SID="14735">
    <P Name="Position">[375, -155, 615, -95]</P>
    <P Name="ZOrder">1286</P>
    <P Name="ForegroundColor">blue</P>
    <P Name="Gain">[thetaKP;phiKP]</P>
  </Block>
  <Block BlockType="Gain" Name="P_pr1" SID="14762">
    <P Name="Position">[485, -6, 615, 26]</P>
    <P Name="ZOrder">1759</P>
    <P Name="ForegroundColor">blue</P>
    <P Name="Gain">[thetaKI;phiKI]</P>
  </Block>
  <Block BlockType="Scope" Name="Scope2" SID="14758">
    <P Name="Ports">[2]</P>
    <P Name="Position">[895, -69, 925, -36]</P>
    <P Name="ZOrder">1758</P>
    <P Name="ScopeSpecificationString">Simulink.scopes.TimeScopeBlockCfg(&apos;CurrentConfiguration&apos;, extmgr.ConfigurationSet(extmgr.Configuration(&apos;Core&apos;,&apos;General UI&apos;,true),extmgr.Configuration(&apos;Core&apos;,&apos;Source UI&apos;,true),extmgr.Configuration(&apos;Sources&apos;,&apos;WiredSimulink&apos;,true,&apos;DataLoggingVariableName&apos;,&apos;ScopeData5&apos;),extmgr.Configuration(&apos;Visuals&apos;,&apos;Time Domain&apos;,true,&apos;SerializedDisplays&apos;,{struct(&apos;MinYLimReal&apos;,&apos;-0.0047&apos;,&apos;MaxYLimReal&apos;,&apos;0.003&apos;,&apos;YLabelReal&apos;,&apos;&apos;,&apos;MinYLimMag&apos;,&apos;0.00000&apos;,&apos;MaxYLimMag&apos;,&apos;0.0047&apos;,&apos;LegendVisibility&apos;,&apos;Off&apos;,&apos;XGrid&apos;,true,&apos;YGrid&apos;,true,&apos;PlotMagPhase&apos;,false,&apos;AxesColor&apos;,[0 0 0],&apos;AxesTickColor&apos;,[0.686274509803922 0.686274509803922 0.686274509803922],&apos;ColorOrder&apos;,[1 1 0.0666666666666667;0.0745098039215686 0.623529411764706 1;1 0.411764705882353 0.16078431372549;0.392156862745098 0.831372549019608 0.0745098039215686;0.717647058823529 0.274509803921569 1;0.0588235294117647 1 1;1 0.0745098039215686 0.650980392156863],&apos;Title&apos;,&apos;%&lt;SignalLabel&gt;&apos;,&apos;LinePropertiesCache&apos;,{{}},&apos;UserDefinedChannelNames&apos;,{{}},&apos;NumLines&apos;,1,&apos;LineNames&apos;,{{&apos;tau_pitch&apos;}},&apos;ShowContent&apos;,true,&apos;Placement&apos;,1),struct(&apos;MinYLimReal&apos;,&apos;-1.00000&apos;,&apos;MaxYLimReal&apos;,&apos;1.00000&apos;,&apos;YLabelReal&apos;,&apos;&apos;,&apos;MinYLimMag&apos;,&apos;0.00000&apos;,&apos;MaxYLimMag&apos;,&apos;0.36832&apos;,&apos;LegendVisibility&apos;,&apos;off&apos;,&apos;XGrid&apos;,true,&apos;YGrid&apos;,true,&apos;PlotMagPhase&apos;,false,&apos;AxesColor&apos;,[0 0 0],&apos;AxesTickColor&apos;,[0.686274509803922 0.686274509803922 0.686274509803922],&apos;ColorOrder&apos;,[1 1 0.0666666666666667;0.0745098039215686 0.623529411764706 1;1 0.411764705882353 0.16078431372549;0.392156862745098 0.831372549019608 0.0745098039215686;0.717647058823529 0.274509803921569 1;0.0588235294117647 1 1;1 0.0745098039215686 0.650980392156863],&apos;Title&apos;,&apos;%&lt;SignalLabel&gt;&apos;,&apos;LinePropertiesCache&apos;,{{}},&apos;UserDefinedChannelNames&apos;,{{}},&apos;NumLines&apos;,1,&apos;LineNames&apos;,{{&apos;Demux/2&apos;}},&apos;ShowContent&apos;,true,&apos;Placement&apos;,2)},&apos;DisplayPropertyDefaults&apos;,struct(&apos;YLabelReal&apos;,&apos;&apos;,&apos;AxesColor&apos;,[0 0 0],&apos;AxesTickColor&apos;,[0.686274509803922 0.686274509803922 0.686274509803922],&apos;ColorOrder&apos;,[0.0745098039215686 0.623529411764706 1;1 0.411764705882353 0.16078431372549;1 1 0.0666666666666667;0.717647058823529 0.274509803921569 1;0.392156862745098 0.831372549019608 0.0745098039215686;0.0588235294117647 1 1;1 0.0745098039215686 0.650980392156863]),&apos;DisplayLayoutDimensions&apos;,[2 1]),extmgr.Configuration(&apos;Tools&apos;,&apos;Plot Navigation&apos;,true,&apos;OnceAtStop&apos;,false,&apos;PreviousAutoscale&apos;,&apos;XY&apos;),extmgr.Configuration(&apos;Tools&apos;,&apos;Measurements&apos;,true,&apos;Version&apos;,&apos;2017b&apos;)),&apos;Version&apos;,&apos;2017b&apos;,&apos;Position&apos;,[2211.4 98.6 824.8 611.2])</P>
    <P Name="NumInputPorts">2</P>
    <P Name="Floating">off</P>
  </Block>
  <Block BlockType="Sum" Name="Sum16" SID="14736">
    <P Name="Ports">[3, 1]</P>
    <P Name="Position">[640, -5, 670, 25]</P>
    <P Name="ZOrder">1252</P>
    <P Name="ForegroundColor">blue</P>
    <P Name="ShowName">off</P>
    <P Name="Inputs">++-</P>
    <P Name="OutDataTypeStr">Inherit: Inherit via back propagation</P>
    <P Name="SaturateOnIntegerOverflow">on</P>
    <Port>
      <P Name="PortNumber">1</P>
      <P Name="Name">P_pr</P>
    </Port>
  </Block>
  <Block BlockType="Sum" Name="Sum19" SID="14737">
    <P Name="Ports">[2, 1]</P>
    <P Name="Position">[170, -45, 190, -25]</P>
    <P Name="ZOrder">1249</P>
    <P Name="ForegroundColor">blue</P>
    <P Name="ShowName">off</P>
    <P Name="Inputs">+-|</P>
    <Port>
      <P Name="PortNumber">1</P>
      <P Name="Name">pitch/roll
error</P>
    </Port>
  </Block>
  <Block BlockType="Gain" Name="antiWU_Gain" SID="14738">
    <P Name="Position">[320, 35, 385, 65]</P>
    <P Name="ZOrder">1291</P>
    <P Name="BlockMirror">on</P>
    <P Name="ForegroundColor">blue</P>
    <P Name="Gain">0.001</P>
  </Block>
  <Block BlockType="Outport" Name="tau_pitch" SID="14739">
    <P Name="Position">[940, -17, 970, -3]</P>
    <P Name="ZOrder">1295</P>
    <P Name="VectorParamsAs1DForOutWhenUnconnected">off</P>
  </Block>
  <Block BlockType="Outport" Name="tau_roll" SID="14740">
    <P Name="Position">[940, 23, 970, 37]</P>
    <P Name="ZOrder">1296</P>
    <P Name="Port">2</P>
    <P Name="VectorParamsAs1DForOutWhenUnconnected">off</P>
  </Block>
  <Line>
    <P Name="Name">P_pr</P>
    <P Name="ZOrder">1</P>
    <P Name="Labels">[0, 1]</P>
    <P Name="Src">14736#out:1</P>
    <P Name="Dst">14730#in:1</P>
  </Line>
  <Line>
    <P Name="ZOrder">2</P>
    <P Name="Src">14738#out:1</P>
    <P Name="Points">[-11, 0; 0, -70]</P>
    <P Name="Dst">14725#in:2</P>
  </Line>
  <Line>
    <P Name="ZOrder">3</P>
    <P Name="Src">14725#out:1</P>
    <P Name="Dst">14731#in:1</P>
  </Line>
  <Line>
    <P Name="ZOrder">6</P>
    <P Name="Src">14735#out:1</P>
    <P Name="Points">[35, 0]</P>
    <P Name="Dst">14736#in:1</P>
  </Line>
  <Line>
    <P Name="ZOrder">67</P>
    <P Name="Src">14762#out:1</P>
    <P Name="Dst">14736#in:2</P>
  </Line>
  <Line>
    <P Name="Name">pitch/roll
error</P>
    <P Name="ZOrder">8</P>
    <P Name="Labels">[0, 0]</P>
    <P Name="Src">14737#out:1</P>
    <P Name="Points">[103, 0]</P>
    <Branch>
      <P Name="ZOrder">9</P>
      <P Name="Dst">14725#in:1</P>
    </Branch>
    <Branch>
      <P Name="ZOrder">10</P>
      <P Name="Points">[0, -90]</P>
      <P Name="Dst">14735#in:1</P>
    </Branch>
  </Line>
  <Line>
    <P Name="ZOrder">11</P>
    <P Name="Src">14731#out:1</P>
    <P Name="Points">[9, 0; 0, 35]</P>
    <Branch>
      <P Name="ZOrder">64</P>
      <P Name="Points">[0, 40]</P>
      <P Name="Dst">14729#in:1</P>
    </Branch>
    <Branch>
      <P Name="ZOrder">60</P>
      <P Name="Dst">14762#in:1</P>
    </Branch>
  </Line>
  <Line>
    <P Name="ZOrder">14</P>
    <P Name="Src">14729#out:1</P>
    <P Name="Dst">14738#in:1</P>
  </Line>
  <Line>
    <P Name="Name">tau_pitch</P>
    <P Name="ZOrder">15</P>
    <P Name="Labels">[0, 1]</P>
    <P Name="Src">14730#out:1</P>
    <P Name="Points">[19, 0]</P>
    <Branch>
      <P Name="ZOrder">54</P>
      <P Name="Points">[0, -50]</P>
      <P Name="Dst">14758#in:1</P>
    </Branch>
    <Branch>
      <P Name="ZOrder">53</P>
      <P Name="Dst">14739#in:1</P>
    </Branch>
  </Line>
  <Line>
    <P Name="ZOrder">16</P>
    <P Name="Src">14730#out:2</P>
    <P Name="Points">[7, 0]</P>
    <Branch>
      <P Name="ZOrder">89</P>
      <P Name="Dst">14740#in:1</P>
    </Branch>
    <Branch>
      <P Name="ZOrder">56</P>
      <P Name="Points">[0, -75]</P>
      <P Name="Dst">14758#in:2</P>
    </Branch>
  </Line>
  <Line>
    <P Name="ZOrder">17</P>
    <P Name="Src">14728#out:1</P>
    <P Name="Points">[175, 0]</P>
    <P Name="Dst">14736#in:3</P>
  </Line>
  <Line>
    <P Name="ZOrder">21</P>
    <P Name="Src">14723#out:1</P>
    <P Name="Points">[120, 0]</P>
    <P Name="Dst">14737#in:1</P>
  </Line>
  <Line>
    <P Name="ZOrder">69</P>
    <P Name="Src">14724#out:1</P>
    <P Name="Dst">14737#in:2</P>
  </Line>
  <Line>
    <P Name="ZOrder">70</P>
    <P Name="Src">14763#out:1</P>
    <P Name="Dst">15131#in:1</P>
  </Line>
  <Line>
    <P Name="ZOrder">97</P>
    <P Name="Src">15131#out:1</P>
    <P Name="Dst">14728#in:1</P>
  </Line>
  <Annotation SID="14741">
    <P Name="Name">&lt;!DOCTYPE HTML PUBLIC &quot;-//W3C//DTD HTML 4.0//EN&quot; &quot;http://www.w3.org/TR/REC-html40/strict.dtd&quot;&gt;
&lt;html&gt;&lt;head&gt;&lt;meta name=&quot;qrichtext&quot; content=&quot;1&quot; /&gt;&lt;style type=&quot;text/css&quot;&gt;
p, li { white-space: pre-wrap; }
&lt;/style&gt;&lt;/head&gt;&lt;body style=&quot; font-family:&apos;Helvetica&apos;; font-size:10px; font-weight:400; font-style:normal;&quot;&gt;
&lt;p style=&quot; margin-top:0px; margin-bottom:0px; margin-left:0px; margin-right:0px; -qt-block-indent:0; text-indent:0px;&quot;&gt;&lt;span style=&quot; font-weight:600;&quot;&gt;ATTITUDE&lt;/span&gt;&lt;/p&gt;&lt;/body&gt;&lt;/html&gt;</P>
    <P Name="Position">[101, -84, 152, -70]</P>
    <P Name="InternalMargins">[0, 0, 0, 0]</P>
    <P Name="HorizontalAlignment">left</P>
    <P Name="VerticalAlignment">top</P>
    <P Name="Interpreter">rich</P>
    <P Name="ZOrder">-1</P>
  </Annotation>
</System>
