<?xml version="1.0" encoding="utf-8"?>
<System>
  <P Name="Location">[-7, -7, 1543, 831]</P>
  <P Name="SystemRect">[0.000000, 0.000000, 0.000000, 0.000000]</P>
  <P Name="SetExecutionDomain">off</P>
  <P Name="ExecutionDomainType">Deduce</P>
  <P Name="ZoomFactor">166</P>
  <P Name="SimulinkSubDomain">Simulink</P>
  <Block BlockType="Inport" Name="pos_att_NED" SID="13023">
    <P Name="Position">[-70, 130, -50, 150]</P>
    <P Name="ZOrder">-1</P>
    <P Name="OutDataTypeStr">Bus: BUS_bebop_pos_att</P>
  </Block>
  <Block BlockType="Inport" Name="batt_info" SID="13026">
    <P Name="Position">[-70, 250, -50, 270]</P>
    <P Name="ZOrder">-4</P>
    <P Name="Port">2</P>
  </Block>
  <Block BlockType="SubSystem" Name="Measure " SID="12520">
    <P Name="Ports">[2, 1]</P>
    <P Name="Position">[20, 62, 175, 198]</P>
    <P Name="ZOrder">3432</P>
    <P Name="RequestExecContextInheritance">off</P>
    <P Name="VariantControl">SIMULATION_MODE</P>
    <System Ref="system_12520"/>
  </Block>
  <Block BlockType="SubSystem" Name="ROS link + Measure" SID="13157">
    <P Name="Ports">[0, 1]</P>
    <P Name="Position">[20, 246, 175, 344]</P>
    <P Name="ZOrder">3433</P>
    <P Name="RequestExecContextInheritance">off</P>
    <P Name="VariantControl">EXPERIMENT_MODE</P>
    <System Ref="system_13157"/>
  </Block>
  <Block BlockType="Outport" Name="bebop_sensors" SID="14668">
    <P Name="Position">[240, 135, 260, 155]</P>
    <P Name="ZOrder">3434</P>
    <P Name="OutDataTypeStr">Bus: BUS_bebop_sensors</P>
    <P Name="VectorParamsAs1DForOutWhenUnconnected">off</P>
  </Block>
</System>
