<?xml version="1.0" encoding="utf-8"?>
<System>
  <P Name="Location">[-7, -7, 1543, 831]</P>
  <P Name="SystemRect">[0.000000, 0.000000, 0.000000, 0.000000]</P>
  <P Name="SetExecutionDomain">off</P>
  <P Name="ExecutionDomainType">Deduce</P>
  <P Name="ZoomFactor">145</P>
  <P Name="SimulinkSubDomain">Simulink</P>
  <Block BlockType="Inport" Name="theta_x" SID="13720">
    <P Name="Position">[125, 68, 155, 82]</P>
    <P Name="ZOrder">1422</P>
  </Block>
  <Block BlockType="Inport" Name="phi_y" SID="13721">
    <P Name="Position">[125, 293, 155, 307]</P>
    <P Name="ZOrder">1423</P>
    <P Name="Port">2</P>
  </Block>
  <Block BlockType="Inport" Name="optitrack" SID="13722">
    <P Name="Position">[65, 188, 95, 202]</P>
    <P Name="ZOrder">1424</P>
    <P Name="Port">3</P>
  </Block>
  <Block BlockType="Sum" Name="Add10" SID="13723">
    <P Name="Ports">[2, 1]</P>
    <P Name="Position">[540, 191, 555, 324]</P>
    <P Name="ZOrder">1344</P>
    <P Name="ShowName">off</P>
    <P Name="IconShape">rectangular</P>
  </Block>
  <Block BlockType="Sum" Name="Add9" SID="13724">
    <P Name="Ports">[2, 1]</P>
    <P Name="Position">[540, 51, 555, 184]</P>
    <P Name="ZOrder">1338</P>
    <P Name="ShowName">off</P>
    <P Name="IconShape">rectangular</P>
  </Block>
  <Block BlockType="BusSelector" Name="Bus Selector" SID="13725">
    <P Name="Ports">[1, 1]</P>
    <P Name="Position">[125, 168, 130, 222]</P>
    <P Name="ZOrder">1380</P>
    <P Name="ShowName">off</P>
    <P Name="OutputSignals">yaw</P>
    <Port>
      <P Name="PortNumber">1</P>
      <P Name="Name">&lt;yaw&gt;</P>
    </Port>
  </Block>
  <Block BlockType="Gain" Name="Gain1" SID="13726">
    <P Name="Position">[325, 285, 380, 315]</P>
    <P Name="ZOrder">1385</P>
  </Block>
  <Block BlockType="Gain" Name="Gain10" SID="13727">
    <P Name="Position">[325, 205, 380, 235]</P>
    <P Name="ZOrder">1353</P>
  </Block>
  <Block BlockType="Gain" Name="Gain2" SID="13728">
    <P Name="Position">[165, 180, 220, 210]</P>
    <P Name="ZOrder">1421</P>
  </Block>
  <Block BlockType="Gain" Name="Gain9" SID="13729">
    <P Name="Position">[325, 150, 380, 180]</P>
    <P Name="ZOrder">1352</P>
    <P Name="Gain">-1</P>
  </Block>
  <Block BlockType="Product" Name="Product" SID="13730">
    <P Name="Ports">[2, 1]</P>
    <P Name="Position">[480, 132, 510, 163]</P>
    <P Name="ZOrder">1340</P>
    <P Name="ShowName">off</P>
  </Block>
  <Block BlockType="Product" Name="Product1" SID="13731">
    <P Name="Ports">[2, 1]</P>
    <P Name="Position">[480, 67, 510, 98]</P>
    <P Name="ZOrder">1341</P>
    <P Name="ShowName">off</P>
  </Block>
  <Block BlockType="Product" Name="Product2" SID="13732">
    <P Name="Ports">[2, 1]</P>
    <P Name="Position">[480, 272, 510, 303]</P>
    <P Name="ZOrder">1346</P>
    <P Name="ShowName">off</P>
  </Block>
  <Block BlockType="Product" Name="Product3" SID="13733">
    <P Name="Ports">[2, 1]</P>
    <P Name="Position">[480, 207, 510, 238]</P>
    <P Name="ZOrder">1347</P>
    <P Name="ShowName">off</P>
  </Block>
  <Block BlockType="Saturate" Name="Saturation" SID="13734">
    <P Name="Position">[585, 105, 615, 135]</P>
    <P Name="ZOrder">1325</P>
    <P Name="UpperLimit">0.3</P>
    <P Name="LowerLimit">-0.3</P>
  </Block>
  <Block BlockType="Saturate" Name="Saturation1" SID="13735">
    <P Name="Position">[585, 245, 615, 275]</P>
    <P Name="ZOrder">1330</P>
    <P Name="UpperLimit">0.3</P>
    <P Name="LowerLimit">-0.3</P>
  </Block>
  <Block BlockType="Trigonometry" Name="Trigonometric&#xA;Function" SID="13736">
    <P Name="Ports">[1, 1]</P>
    <P Name="Position">[410, 125, 440, 155]</P>
    <P Name="ZOrder">1342</P>
    <P Name="ShowName">off</P>
  </Block>
  <Block BlockType="Trigonometry" Name="Trigonometric&#xA;Function1" SID="13737">
    <P Name="Ports">[1, 1]</P>
    <P Name="Position">[410, 85, 440, 115]</P>
    <P Name="ZOrder">1343</P>
    <P Name="ShowName">off</P>
    <P Name="Operator">cos</P>
  </Block>
  <Block BlockType="Trigonometry" Name="Trigonometric&#xA;Function2" SID="13738">
    <P Name="Ports">[1, 1]</P>
    <P Name="Position">[410, 265, 440, 295]</P>
    <P Name="ZOrder">1348</P>
    <P Name="ShowName">off</P>
    <P Name="Operator">cos</P>
  </Block>
  <Block BlockType="Trigonometry" Name="Trigonometric&#xA;Function3" SID="13739">
    <P Name="Ports">[1, 1]</P>
    <P Name="Position">[410, 225, 440, 255]</P>
    <P Name="ZOrder">1349</P>
    <P Name="ShowName">off</P>
  </Block>
  <Block BlockType="Outport" Name="roll_d" SID="13740">
    <P Name="Position">[655, 253, 685, 267]</P>
    <P Name="ZOrder">1425</P>
    <P Name="VectorParamsAs1DForOutWhenUnconnected">off</P>
  </Block>
  <Block BlockType="Outport" Name="pitch_d" SID="13741">
    <P Name="Position">[655, 113, 685, 127]</P>
    <P Name="ZOrder">1426</P>
    <P Name="Port">2</P>
    <P Name="VectorParamsAs1DForOutWhenUnconnected">off</P>
  </Block>
  <Line>
    <P Name="ZOrder">1</P>
    <P Name="Src">13728#out:1</P>
    <P Name="Points">[12, 0]</P>
    <Branch>
      <P Name="ZOrder">2</P>
      <P Name="Points">[0, -60; 128, 0; 0, -20; 27, 0]</P>
      <Branch>
        <P Name="ZOrder">3</P>
        <P Name="Points">[0, 25]</P>
        <P Name="Dst">13736#in:1</P>
      </Branch>
      <Branch>
        <P Name="ZOrder">4</P>
        <P Name="Points">[0, -15]</P>
        <P Name="Dst">13737#in:1</P>
      </Branch>
    </Branch>
    <Branch>
      <P Name="ZOrder">5</P>
      <P Name="Points">[0, 59; 150, 0]</P>
      <Branch>
        <P Name="ZOrder">6</P>
        <P Name="Points">[0, 26]</P>
        <P Name="Dst">13738#in:1</P>
      </Branch>
      <Branch>
        <P Name="ZOrder">7</P>
        <P Name="Points">[0, -14]</P>
        <P Name="Dst">13739#in:1</P>
      </Branch>
    </Branch>
  </Line>
  <Line>
    <P Name="ZOrder">8</P>
    <P Name="Src">13720#out:1</P>
    <P Name="Points">[108, 0; 0, 1]</P>
    <Branch>
      <P Name="ZOrder">9</P>
      <P Name="Points">[28, 0; 0, -1]</P>
      <P Name="Dst">13731#in:1</P>
    </Branch>
    <Branch>
      <P Name="ZOrder">10</P>
      <P Name="Points">[0, 144]</P>
      <P Name="Dst">13727#in:1</P>
    </Branch>
  </Line>
  <Line>
    <P Name="ZOrder">11</P>
    <P Name="Src">13734#out:1</P>
    <P Name="Dst">13741#in:1</P>
  </Line>
  <Line>
    <P Name="ZOrder">12</P>
    <P Name="Src">13721#out:1</P>
    <P Name="Points">[115, 0]</P>
    <Branch>
      <P Name="ZOrder">13</P>
      <P Name="Points">[0, -135]</P>
      <P Name="Dst">13729#in:1</P>
    </Branch>
    <Branch>
      <P Name="ZOrder">14</P>
      <P Name="Dst">13726#in:1</P>
    </Branch>
  </Line>
  <Line>
    <P Name="ZOrder">15</P>
    <P Name="Src">13735#out:1</P>
    <P Name="Dst">13740#in:1</P>
  </Line>
  <Line>
    <P Name="ZOrder">16</P>
    <P Name="Src">13724#out:1</P>
    <P Name="Dst">13734#in:1</P>
  </Line>
  <Line>
    <P Name="ZOrder">17</P>
    <P Name="Src">13730#out:1</P>
    <P Name="Dst">13724#in:2</P>
  </Line>
  <Line>
    <P Name="ZOrder">18</P>
    <P Name="Src">13731#out:1</P>
    <P Name="Dst">13724#in:1</P>
  </Line>
  <Line>
    <P Name="ZOrder">19</P>
    <P Name="Src">13736#out:1</P>
    <P Name="Dst">13730#in:1</P>
  </Line>
  <Line>
    <P Name="ZOrder">20</P>
    <P Name="Src">13737#out:1</P>
    <P Name="Points">[15, 0; 0, -10]</P>
    <P Name="Dst">13731#in:2</P>
  </Line>
  <Line>
    <P Name="ZOrder">21</P>
    <P Name="Src">13723#out:1</P>
    <P Name="Dst">13735#in:1</P>
  </Line>
  <Line>
    <P Name="ZOrder">22</P>
    <P Name="Src">13732#out:1</P>
    <P Name="Dst">13723#in:2</P>
  </Line>
  <Line>
    <P Name="ZOrder">23</P>
    <P Name="Src">13733#out:1</P>
    <P Name="Dst">13723#in:1</P>
  </Line>
  <Line>
    <P Name="ZOrder">24</P>
    <P Name="Src">13738#out:1</P>
    <P Name="Dst">13732#in:1</P>
  </Line>
  <Line>
    <P Name="ZOrder">25</P>
    <P Name="Src">13739#out:1</P>
    <P Name="Points">[15, 0; 0, -10]</P>
    <P Name="Dst">13733#in:2</P>
  </Line>
  <Line>
    <P Name="ZOrder">26</P>
    <P Name="Src">13729#out:1</P>
    <P Name="Points">[69, 0; 0, -10]</P>
    <P Name="Dst">13730#in:2</P>
  </Line>
  <Line>
    <P Name="ZOrder">27</P>
    <P Name="Src">13727#out:1</P>
    <P Name="Points">[38, 0; 0, -5]</P>
    <P Name="Dst">13733#in:1</P>
  </Line>
  <Line>
    <P Name="ZOrder">28</P>
    <P Name="Src">13722#out:1</P>
    <P Name="Dst">13725#in:1</P>
  </Line>
  <Line>
    <P Name="Name">&lt;yaw&gt;</P>
    <P Name="ZOrder">29</P>
    <P Name="Labels">[0, 0]</P>
    <P Name="Src">13725#out:1</P>
    <P Name="Dst">13728#in:1</P>
  </Line>
  <Line>
    <P Name="ZOrder">30</P>
    <P Name="Src">13726#out:1</P>
    <P Name="Points">[75, 0; 0, -5]</P>
    <P Name="Dst">13732#in:2</P>
  </Line>
</System>
