<?xml version="1.0" encoding="utf-8"?>
<System>
  <P Name="Location">[-8, -8, 1928, 1048]</P>
  <P Name="SystemRect">[0.000000, 0.000000, 0.000000, 0.000000]</P>
  <P Name="SetExecutionDomain">off</P>
  <P Name="ExecutionDomainType">Deduce</P>
  <P Name="PaperType">usletter</P>
  <P Name="PaperUnits">inches</P>
  <P Name="TiledPaperMargins">[0.500000, 0.500000, 0.500000, 0.500000]</P>
  <P Name="ZoomFactor">203</P>
  <P Name="SimulinkSubDomain">Simulink</P>
  <Block BlockType="Constant" Name="Constant" SID="16537">
    <P Name="Position">[275, -35, 305, -5]</P>
    <P Name="ZOrder">17</P>
    <P Name="Value">0</P>
    <P Name="SampleTime">0.02</P>
  </Block>
  <Block BlockType="Mux" Name="Mux" SID="15674">
    <P Name="Ports">[3, 1]</P>
    <P Name="Position">[365, -79, 370, 39]</P>
    <P Name="ZOrder">2</P>
    <P Name="ShowName">off</P>
    <P Name="Inputs">3</P>
    <P Name="DisplayOption">bar</P>
  </Block>
  <Block BlockType="Step" Name="Step" SID="16552">
    <P Name="Position">[160, 20, 190, 50]</P>
    <P Name="ZOrder">19</P>
    <P Name="Time">15</P>
    <P Name="Before">-1</P>
    <P Name="After">-2.5</P>
    <P Name="SampleTime">0.02</P>
  </Block>
  <Block BlockType="Step" Name="Step2" SID="16491">
    <P Name="Position">[185, -160, 215, -130]</P>
    <P Name="ZOrder">10</P>
    <P Name="ForegroundColor">green</P>
    <P Name="Time">12</P>
    <P Name="After">0.2</P>
    <P Name="SampleTime">0.02</P>
    <Port>
      <P Name="PortNumber">1</P>
      <P Name="Name">xref</P>
    </Port>
  </Block>
  <Block BlockType="Step" Name="Step4" SID="16495">
    <P Name="Position">[185, -115, 215, -85]</P>
    <P Name="ZOrder">14</P>
    <P Name="ForegroundColor">green</P>
    <P Name="Time">14</P>
    <P Name="After">-0.2</P>
    <P Name="SampleTime">0.02</P>
    <Port>
      <P Name="PortNumber">1</P>
      <P Name="Name">xref</P>
    </Port>
  </Block>
  <Block BlockType="Sum" Name="Sum1" SID="16494">
    <P Name="Ports">[2, 1]</P>
    <P Name="Position">[260, -155, 280, -135]</P>
    <P Name="ZOrder">13</P>
    <P Name="ForegroundColor">green</P>
    <P Name="ShowName">off</P>
    <P Name="Inputs">|++</P>
  </Block>
  <Block BlockType="Outport" Name="pos_tgt_auto" SID="15679">
    <P Name="Position">[460, -27, 490, -13]</P>
    <P Name="ZOrder">-2</P>
    <P Name="VectorParamsAs1DForOutWhenUnconnected">off</P>
  </Block>
  <Line>
    <P Name="ZOrder">1</P>
    <P Name="Src">15674#out:1</P>
    <P Name="Dst">15679#in:1</P>
  </Line>
  <Line>
    <P Name="Name">xref</P>
    <P Name="ZOrder">18</P>
    <P Name="Labels">[0, 0]</P>
    <P Name="Src">16491#out:1</P>
    <P Name="Dst">16494#in:1</P>
  </Line>
  <Line>
    <P Name="Name">xref</P>
    <P Name="ZOrder">19</P>
    <P Name="Labels">[0, 0]</P>
    <P Name="Src">16495#out:1</P>
    <P Name="Points">[50, 0]</P>
    <P Name="Dst">16494#in:2</P>
  </Line>
  <Line>
    <P Name="ZOrder">44</P>
    <P Name="Src">16494#out:1</P>
    <P Name="Points">[43, 0; 0, 85]</P>
    <P Name="Dst">15674#in:1</P>
  </Line>
  <Line>
    <P Name="ZOrder">46</P>
    <P Name="Src">16537#out:1</P>
    <P Name="Dst">15674#in:2</P>
  </Line>
  <Line>
    <P Name="ZOrder">52</P>
    <P Name="Src">16552#out:1</P>
    <P Name="Points">[78, 0; 0, -15]</P>
    <P Name="Dst">15674#in:3</P>
  </Line>
</System>
