<?xml version="1.0" encoding="utf-8"?>
<System>
  <P Name="Location">[-7, -7, 1543, 831]</P>
  <P Name="SystemRect">[0.000000, 0.000000, 0.000000, 0.000000]</P>
  <P Name="SetExecutionDomain">off</P>
  <P Name="ExecutionDomainType">Deduce</P>
  <P Name="PaperType">usletter</P>
  <P Name="PaperUnits">inches</P>
  <P Name="TiledPaperMargins">[0.500000, 0.500000, 0.500000, 0.500000]</P>
  <P Name="ZoomFactor">175</P>
  <P Name="SimulinkSubDomain">Simulink</P>
  <Block BlockType="Inport" Name="&lt;pitch&gt;" SID="14916">
    <P Name="Position">[40, 28, 70, 42]</P>
    <P Name="ZOrder">100000</P>
  </Block>
  <Block BlockType="Inport" Name="&lt;roll&gt;" SID="14917">
    <P Name="Position">[40, 63, 70, 77]</P>
    <P Name="ZOrder">100000</P>
    <P Name="Port">2</P>
  </Block>
  <Block BlockType="Inport" Name="&lt;vz&gt;" SID="14918">
    <P Name="Position">[40, 98, 70, 112]</P>
    <P Name="ZOrder">100000</P>
    <P Name="Port">3</P>
  </Block>
  <Block BlockType="Inport" Name="&lt;body_yaw_rate&gt;" SID="14919">
    <P Name="Position">[40, 138, 70, 152]</P>
    <P Name="ZOrder">100000</P>
    <P Name="Port">4</P>
  </Block>
  <Block BlockType="Gain" Name="Gain" SID="14910">
    <P Name="Position">[275, 20, 305, 50]</P>
    <P Name="ZOrder">100000</P>
    <P Name="Gain">-1</P>
  </Block>
  <Block BlockType="Gain" Name="Gain1" SID="14911">
    <P Name="Position">[275, 55, 305, 85]</P>
    <P Name="ZOrder">100000</P>
    <P Name="Gain">-1</P>
  </Block>
  <Block BlockType="Gain" Name="Gain2" SID="14912">
    <P Name="Position">[275, 90, 305, 120]</P>
    <P Name="ZOrder">100000</P>
    <P Name="Gain">-1</P>
  </Block>
  <Block BlockType="Gain" Name="Gain3" SID="14913">
    <P Name="Position">[275, 130, 305, 160]</P>
    <P Name="ZOrder">100000</P>
    <P Name="Gain">-1</P>
  </Block>
  <Block BlockType="Gain" Name="Gain4" SID="14933">
    <P Name="Position">[135, 60, 180, 80]</P>
    <P Name="ZOrder">100000</P>
    <P Name="Gain">1/controlGains.roll.anglemax</P>
  </Block>
  <Block BlockType="Gain" Name="Gain5" SID="14934">
    <P Name="Position">[135, 22, 180, 48]</P>
    <P Name="ZOrder">100000</P>
    <P Name="Gain">1/controlGains.pitch.anglemax</P>
  </Block>
  <Block BlockType="Gain" Name="Gain6" SID="14961">
    <P Name="Position">[140, 130, 170, 160]</P>
    <P Name="ZOrder">100000</P>
    <P Name="Gain">1/controlGains.psi.ratemax</P>
  </Block>
  <Block BlockType="Scope" Name="Scope" SID="14962">
    <P Name="Ports">[1]</P>
    <P Name="Position">[435, 204, 465, 236]</P>
    <P Name="ZOrder">100000</P>
    <P Name="ScopeSpecificationString">Simulink.scopes.TimeScopeBlockCfg(&apos;CurrentConfiguration&apos;, extmgr.ConfigurationSet(extmgr.Configuration(&apos;Core&apos;,&apos;General UI&apos;,true),extmgr.Configuration(&apos;Core&apos;,&apos;Source UI&apos;,true),extmgr.Configuration(&apos;Sources&apos;,&apos;WiredSimulink&apos;,true,&apos;DataLoggingVariableName&apos;,&apos;ScopeData2&apos;),extmgr.Configuration(&apos;Visuals&apos;,&apos;Time Domain&apos;,true,&apos;SerializedDisplays&apos;,{struct(&apos;MinYLimReal&apos;,&apos;-0.06541&apos;,&apos;MaxYLimReal&apos;,&apos;0.10924&apos;,&apos;YLabelReal&apos;,&apos;&apos;,&apos;MinYLimMag&apos;,&apos;0.00000&apos;,&apos;MaxYLimMag&apos;,&apos;0.10924&apos;,&apos;LegendVisibility&apos;,&apos;off&apos;,&apos;XGrid&apos;,true,&apos;YGrid&apos;,true,&apos;PlotMagPhase&apos;,false,&apos;AxesColor&apos;,[0 0 0],&apos;AxesTickColor&apos;,[0.686274509803922 0.686274509803922 0.686274509803922],&apos;ColorOrder&apos;,[1 1 0.0666666666666667;0.0745098039215686 0.623529411764706 1;1 0.411764705882353 0.16078431372549;0.392156862745098 0.831372549019608 0.0745098039215686;0.717647058823529 0.274509803921569 1;0.0588235294117647 1 1;1 0.0745098039215686 0.650980392156863],&apos;Title&apos;,&apos;%&lt;SignalLabel&gt;&apos;,&apos;LinePropertiesCache&apos;,{{}},&apos;UserDefinedChannelNames&apos;,{{}},&apos;NumLines&apos;,0,&apos;LineNames&apos;,{{[]}},&apos;ShowContent&apos;,true,&apos;Placement&apos;,1)},&apos;DisplayPropertyDefaults&apos;,struct(&apos;MinYLimReal&apos;,&apos;-0.06541&apos;,&apos;MaxYLimReal&apos;,&apos;0.10924&apos;,&apos;YLabelReal&apos;,&apos;&apos;,&apos;MinYLimMag&apos;,&apos;0.00000&apos;,&apos;MaxYLimMag&apos;,&apos;0.10924&apos;,&apos;LegendVisibility&apos;,&apos;off&apos;,&apos;XGrid&apos;,true,&apos;YGrid&apos;,true,&apos;PlotMagPhase&apos;,false,&apos;AxesColor&apos;,[0 0 0],&apos;AxesTickColor&apos;,[0.686274509803922 0.686274509803922 0.686274509803922],&apos;ColorOrder&apos;,[0.0745098039215686 0.623529411764706 1;1 0.411764705882353 0.16078431372549;1 1 0.0666666666666667;0.717647058823529 0.274509803921569 1;0.392156862745098 0.831372549019608 0.0745098039215686;0.0588235294117647 1 1;1 0.0745098039215686 0.650980392156863])),extmgr.Configuration(&apos;Tools&apos;,&apos;Plot Navigation&apos;,true),extmgr.Configuration(&apos;Tools&apos;,&apos;Measurements&apos;,true,&apos;Version&apos;,&apos;2017b&apos;)),&apos;Version&apos;,&apos;2017b&apos;,&apos;Position&apos;,[997 399 560 424])</P>
    <P Name="NumInputPorts">1</P>
    <P Name="Floating">off</P>
  </Block>
  <Block BlockType="Outport" Name="Out1" SID="14920">
    <P Name="Position">[435, 28, 465, 42]</P>
    <P Name="ZOrder">100000</P>
    <P Name="VectorParamsAs1DForOutWhenUnconnected">off</P>
  </Block>
  <Block BlockType="Outport" Name="Out2" SID="14921">
    <P Name="Position">[435, 63, 465, 77]</P>
    <P Name="ZOrder">100000</P>
    <P Name="Port">2</P>
    <P Name="VectorParamsAs1DForOutWhenUnconnected">off</P>
  </Block>
  <Block BlockType="Outport" Name="Out3" SID="14922">
    <P Name="Position">[435, 98, 465, 112]</P>
    <P Name="ZOrder">100000</P>
    <P Name="Port">3</P>
    <P Name="VectorParamsAs1DForOutWhenUnconnected">off</P>
  </Block>
  <Block BlockType="Outport" Name="Out4" SID="14923">
    <P Name="Position">[435, 138, 465, 152]</P>
    <P Name="ZOrder">100000</P>
    <P Name="Port">4</P>
    <P Name="VectorParamsAs1DForOutWhenUnconnected">off</P>
  </Block>
  <Line>
    <P Name="ZOrder">85</P>
    <P Name="Src">14913#out:1</P>
    <P Name="Points">[44, 0]</P>
    <Branch>
      <P Name="ZOrder">97</P>
      <P Name="Points">[0, 75]</P>
      <P Name="Dst">14962#in:1</P>
    </Branch>
    <Branch>
      <P Name="ZOrder">96</P>
      <P Name="Dst">14923#in:1</P>
    </Branch>
  </Line>
  <Line>
    <P Name="ZOrder">84</P>
    <P Name="Src">14912#out:1</P>
    <P Name="Dst">14922#in:1</P>
  </Line>
  <Line>
    <P Name="ZOrder">79</P>
    <P Name="Src">14917#out:1</P>
    <P Name="Dst">14933#in:1</P>
  </Line>
  <Line>
    <P Name="ZOrder">81</P>
    <P Name="Src">14919#out:1</P>
    <P Name="Dst">14961#in:1</P>
  </Line>
  <Line>
    <P Name="ZOrder">80</P>
    <P Name="Src">14918#out:1</P>
    <P Name="Dst">14912#in:1</P>
  </Line>
  <Line>
    <P Name="ZOrder">78</P>
    <P Name="Src">14916#out:1</P>
    <P Name="Dst">14934#in:1</P>
  </Line>
  <Line>
    <P Name="ZOrder">83</P>
    <P Name="Src">14911#out:1</P>
    <P Name="Dst">14921#in:1</P>
  </Line>
  <Line>
    <P Name="ZOrder">82</P>
    <P Name="Src">14910#out:1</P>
    <P Name="Dst">14920#in:1</P>
  </Line>
  <Line>
    <P Name="ZOrder">86</P>
    <P Name="Src">14934#out:1</P>
    <P Name="Dst">14910#in:1</P>
  </Line>
  <Line>
    <P Name="ZOrder">87</P>
    <P Name="Src">14933#out:1</P>
    <P Name="Dst">14911#in:1</P>
  </Line>
  <Line>
    <P Name="ZOrder">95</P>
    <P Name="Src">14961#out:1</P>
    <P Name="Dst">14913#in:1</P>
  </Line>
</System>
