<?xml version="1.0" encoding="utf-8"?>
<System>
  <P Name="Location">[223, 338, 826, 833]</P>
  <P Name="SystemRect">[0.000000, 0.000000, 0.000000, 0.000000]</P>
  <P Name="SetExecutionDomain">off</P>
  <P Name="ExecutionDomainType">Deduce</P>
  <P Name="PaperType">usletter</P>
  <P Name="PaperUnits">inches</P>
  <P Name="TiledPaperMargins">[0.500000, 0.500000, 0.500000, 0.500000]</P>
  <P Name="SIDHighWatermark">28</P>
  <P Name="SimulinkSubDomain">Simulink</P>
  <Block BlockType="Inport" Name="Vz_ref_in" SID="15950::1">
    <P Name="Position">[20, 101, 40, 119]</P>
    <P Name="ZOrder">-1</P>
  </Block>
  <Block BlockType="Inport" Name="bebop_state" SID="15950::24">
    <P Name="Position">[20, 136, 40, 154]</P>
    <P Name="ZOrder">15</P>
    <P Name="Port">2</P>
  </Block>
  <Block BlockType="Inport" Name="altitude" SID="15950::25">
    <P Name="Position">[20, 171, 40, 189]</P>
    <P Name="ZOrder">16</P>
    <P Name="Port">3</P>
  </Block>
  <Block BlockType="Demux" Name=" Demux " SID="15950::27">
    <P Name="Ports">[1, 1]</P>
    <P Name="Position">[270, 230, 320, 270]</P>
    <P Name="ZOrder">18</P>
    <P Name="Outputs">1</P>
  </Block>
  <Block BlockType="S-Function" Name=" SFunction " SID="15950::26">
    <P Name="Tag">Stateflow S-Function 11</P>
    <P Name="Ports">[3, 3]</P>
    <P Name="Position">[180, 100, 230, 180]</P>
    <P Name="ZOrder">17</P>
    <P Name="FunctionName">sf_sfun</P>
    <P Name="PortCounts">[3 3]</P>
    <P Name="SFunctionDeploymentMode">off</P>
    <P Name="EnableBusSupport">on</P>
    <P Name="SFcnIsStateOwnerBlock">off</P>
    <Port>
      <P Name="PortNumber">2</P>
      <P Name="Name">Vz_ref_out</P>
    </Port>
    <Port>
      <P Name="PortNumber">3</P>
      <P Name="Name">Motor_on</P>
    </Port>
  </Block>
  <Block BlockType="Terminator" Name=" Terminator " SID="15950::28">
    <P Name="Position">[460, 241, 480, 259]</P>
    <P Name="ZOrder">19</P>
  </Block>
  <Block BlockType="Outport" Name="Vz_ref_out" SID="15950::5">
    <P Name="Position">[460, 101, 480, 119]</P>
    <P Name="ZOrder">-5</P>
    <P Name="VectorParamsAs1DForOutWhenUnconnected">off</P>
  </Block>
  <Block BlockType="Outport" Name="Motor_on" SID="15950::23">
    <P Name="Position">[460, 136, 480, 154]</P>
    <P Name="ZOrder">14</P>
    <P Name="Port">2</P>
    <P Name="VectorParamsAs1DForOutWhenUnconnected">off</P>
  </Block>
  <Line>
    <P Name="ZOrder">46</P>
    <P Name="Src">15950::1#out:1</P>
    <P Name="Dst">15950::26#in:1</P>
  </Line>
  <Line>
    <P Name="ZOrder">47</P>
    <P Name="Src">15950::24#out:1</P>
    <P Name="Dst">15950::26#in:2</P>
  </Line>
  <Line>
    <P Name="ZOrder">48</P>
    <P Name="Src">15950::25#out:1</P>
    <P Name="Dst">15950::26#in:3</P>
  </Line>
  <Line>
    <P Name="Name">Vz_ref_out</P>
    <P Name="ZOrder">49</P>
    <P Name="Labels">[0, 0]</P>
    <P Name="Src">15950::26#out:2</P>
    <P Name="Dst">15950::5#in:1</P>
  </Line>
  <Line>
    <P Name="Name">Motor_on</P>
    <P Name="ZOrder">50</P>
    <P Name="Labels">[0, 0]</P>
    <P Name="Src">15950::26#out:3</P>
    <P Name="Dst">15950::23#in:1</P>
  </Line>
  <Line>
    <P Name="ZOrder">51</P>
    <P Name="Src">15950::27#out:1</P>
    <P Name="Dst">15950::28#in:1</P>
  </Line>
  <Line>
    <P Name="ZOrder">52</P>
    <P Name="Src">15950::26#out:1</P>
    <P Name="Dst">15950::27#in:1</P>
  </Line>
</System>
