<?xml version="1.0" encoding="utf-8"?>
<System>
  <P Name="Location">[-7, -7, 1543, 831]</P>
  <P Name="SystemRect">[0.000000, 0.000000, 0.000000, 0.000000]</P>
  <P Name="SetExecutionDomain">off</P>
  <P Name="ExecutionDomainType">Deduce</P>
  <P Name="SimulinkSubDomain">Simulink</P>
  <Block BlockType="Inport" Name="pos_att_NED" SID="8927">
    <P Name="Position">[140, 183, 170, 197]</P>
    <P Name="ZOrder">1</P>
  </Block>
  <Block BlockType="SubSystem" Name="Coordinate&#xA;Transformations" SID="5450">
    <P Name="Ports">[1, 4]</P>
    <P Name="Position">[255, 73, 425, 307]</P>
    <P Name="ZOrder">-15</P>
    <P Name="RequestExecContextInheritance">off</P>
    <System Ref="system_5450"/>
  </Block>
  <Block BlockType="Reference" Name="Simulation Pace" SID="15206">
    <P Name="Ports">[]</P>
    <P Name="Position">[480, 395, 515, 425]</P>
    <P Name="ZOrder">100000</P>
    <P Name="AttributesFormatString">%&lt;SimulationPace&gt; sec/sec</P>
    <P Name="LibraryVersion">4.1</P>
    <P Name="SourceBlock">aerolibanimutils/Simulation Pace</P>
    <P Name="SourceType">Simulation Pace</P>
    <P Name="SourceProductBaseCode">AE</P>
    <InstanceData>
      <P Name="MultithreadedSim">auto</P>
      <P Name="SimulationPace">10</P>
      <P Name="SleepMode">MATLAB Thread</P>
      <P Name="OutputPaceError">off</P>
      <P Name="SampleTime">Te</P>
    </InstanceData>
  </Block>
  <Block BlockType="Reference" Name="VR Sink" SID="5502">
    <P Name="Ports">[4]</P>
    <P Name="Position">[625, 73, 735, 307]</P>
    <P Name="ZOrder">-7</P>
    <P Name="LibraryVersion">4.2</P>
    <P Name="SourceBlock">vrlib/VR Sink</P>
    <P Name="SourceType">Virtual Reality Sink</P>
    <P Name="SourceProductBaseCode">SL</P>
    <P Name="InstantiateOnLoad">on</P>
    <InstanceData>
      <P Name="MultithreadedSim">auto</P>
      <P Name="SampleTime">0.1</P>
      <P Name="ViewEnable">on</P>
      <P Name="RemoteChange">off</P>
      <P Name="RemoteView">off</P>
      <P Name="FieldsWritten">Camera_Follow.rotation.4.1.1.double#Camera_Follow.translation.3.1.1.double#Copter.rotation.4.1.1.double#Copter.translation.3.1.1.double</P>
      <P Name="WorldFileName">Visu/ArduCopter.wrl</P>
      <P Name="WorldDescription">VR Arducopter</P>
      <P Name="AutoView">off</P>
      <P Name="VideoDimensions">[]</P>
      <P Name="AllowVariableSize">off</P>
    </InstanceData>
  </Block>
  <Line>
    <P Name="ZOrder">1</P>
    <P Name="Src">5450#out:4</P>
    <P Name="Dst">5502#in:4</P>
  </Line>
  <Line>
    <P Name="ZOrder">2</P>
    <P Name="Src">5450#out:3</P>
    <P Name="Dst">5502#in:3</P>
  </Line>
  <Line>
    <P Name="ZOrder">3</P>
    <P Name="Src">5450#out:2</P>
    <P Name="Dst">5502#in:2</P>
  </Line>
  <Line>
    <P Name="ZOrder">4</P>
    <P Name="Src">5450#out:1</P>
    <P Name="Dst">5502#in:1</P>
  </Line>
  <Line>
    <P Name="ZOrder">5</P>
    <P Name="Src">8927#out:1</P>
    <P Name="Dst">5450#in:1</P>
  </Line>
</System>
