<?xml version="1.0" encoding="utf-8"?>
<System>
  <P Name="Location">[-7, -7, 1543, 831]</P>
  <P Name="SystemRect">[0.000000, 0.000000, 0.000000, 0.000000]</P>
  <P Name="SetExecutionDomain">off</P>
  <P Name="ExecutionDomainType">Deduce</P>
  <P Name="PaperType">usletter</P>
  <P Name="PaperUnits">inches</P>
  <P Name="TiledPaperMargins">[0.500000, 0.500000, 0.500000, 0.500000]</P>
  <P Name="ZoomFactor">128</P>
  <P Name="SimulinkSubDomain">Simulink</P>
  <Block BlockType="Inport" Name="pos_att_NED" SID="16047">
    <P Name="Position">[-85, 93, -55, 107]</P>
    <P Name="ZOrder">1836</P>
  </Block>
  <Block BlockType="SubSystem" Name="1er ordre" SID="16049">
    <P Name="Ports">[1, 1]</P>
    <P Name="Position">[160, -113, 225, -87]</P>
    <P Name="ZOrder">100000</P>
    <P Name="RequestExecContextInheritance">off</P>
    <Mask>
      <Display/>
      <MaskParameter Name="tr5" Type="edit">
        <Prompt>Tau</Prompt>
        <Value>0.007</Value>
      </MaskParameter>
      <MaskParameter Name="K" Type="edit">
        <Prompt>Gain Statique</Prompt>
        <Value>1</Value>
      </MaskParameter>
      <MaskParameter Name="init_inte" Type="edit">
        <Prompt>Initialisation 1/p</Prompt>
        <Value>init_state.Pterre0(1)</Value>
      </MaskParameter>
      <DialogControl Type="Group" Name="DescGroupVar">
        <Prompt>%&lt;MaskType&gt;</Prompt>
        <DialogControl Type="Text" Name="DescTextVar">
          <Prompt>%&lt;MaskDescription&gt;</Prompt>
        </DialogControl>
      </DialogControl>
      <DialogControl Type="Group" Name="ParameterGroupVar">
        <Prompt>Simulink:studio:ToolBarParametersMenu</Prompt>
        <DialogControl Type="Edit" Name="tr5">
          <Prompt>Tau</Prompt>
        </DialogControl>
        <DialogControl Type="Edit" Name="K">
          <Prompt>Gain Statique</Prompt>
        </DialogControl>
        <DialogControl Type="Edit" Name="init_inte">
          <Prompt>Initialisation 1/p</Prompt>
        </DialogControl>
      </DialogControl>
    </Mask>
    <System Ref="system_16049"/>
  </Block>
  <Block BlockType="SubSystem" Name="1er ordre1" SID="16056">
    <P Name="Ports">[1, 1]</P>
    <P Name="Position">[160, -78, 225, -52]</P>
    <P Name="ZOrder">100000</P>
    <P Name="RequestExecContextInheritance">off</P>
    <Mask>
      <Display/>
      <MaskParameter Name="tr5" Type="edit">
        <Prompt>Tau</Prompt>
        <Value>0.007</Value>
      </MaskParameter>
      <MaskParameter Name="K" Type="edit">
        <Prompt>Gain Statique</Prompt>
        <Value>1</Value>
      </MaskParameter>
      <MaskParameter Name="init_inte" Type="edit">
        <Prompt>Initialisation 1/p</Prompt>
        <Value>init_state.Pterre0(2)</Value>
      </MaskParameter>
    </Mask>
    <System Ref="system_16056"/>
  </Block>
  <Block BlockType="SubSystem" Name="1er ordre2" SID="16063">
    <P Name="Ports">[1, 1]</P>
    <P Name="Position">[160, -43, 225, -17]</P>
    <P Name="ZOrder">100000</P>
    <P Name="RequestExecContextInheritance">off</P>
    <Mask>
      <Display/>
      <MaskParameter Name="tr5" Type="edit">
        <Prompt>Tau</Prompt>
        <Value>0.05</Value>
      </MaskParameter>
      <MaskParameter Name="K" Type="edit">
        <Prompt>Gain Statique</Prompt>
        <Value>1</Value>
      </MaskParameter>
      <MaskParameter Name="init_inte" Type="edit">
        <Prompt>Initialisation 1/p</Prompt>
        <Value>init_state.Pterre0(3)</Value>
      </MaskParameter>
    </Mask>
    <System Ref="system_16063"/>
  </Block>
  <Block BlockType="Reference" Name="Band-Limited White Noise1" SID="16070">
    <P Name="Ports">[0, 1]</P>
    <P Name="Position">[460, -115, 490, -85]</P>
    <P Name="ZOrder">100000</P>
    <P Name="ForegroundColor">[0.800000, 0.800000, 0.800000]</P>
    <P Name="ShowName">off</P>
    <P Name="LibraryVersion">1.480</P>
    <P Name="SourceBlock">simulink/Sources/Band-Limited
White Noise</P>
    <P Name="SourceType">Band-Limited White Noise.</P>
    <P Name="SourceProductBaseCode">SL</P>
    <InstanceData>
      <P Name="RTWMemSecFuncInitTerm">Inherit from model</P>
      <P Name="RTWMemSecFuncExecute">Inherit from model</P>
      <P Name="RTWMemSecDataConstants">Inherit from model</P>
      <P Name="RTWMemSecDataInternal">Inherit from model</P>
      <P Name="RTWMemSecDataParameters">Inherit from model</P>
      <P Name="ContentPreviewEnabled">off</P>
      <P Name="Cov">[measure.noise_power]</P>
      <P Name="Ts">Ts_optitrack</P>
      <P Name="seed">[23341]</P>
      <P Name="VectorParams1D">on</P>
    </InstanceData>
  </Block>
  <Block BlockType="Reference" Name="Band-Limited White Noise3" SID="16071">
    <P Name="Ports">[0, 1]</P>
    <P Name="Position">[460, 35, 490, 65]</P>
    <P Name="ZOrder">100000</P>
    <P Name="ForegroundColor">[0.800000, 0.800000, 0.800000]</P>
    <P Name="ShowName">off</P>
    <P Name="LibraryVersion">1.480</P>
    <P Name="SourceBlock">simulink/Sources/Band-Limited
White Noise</P>
    <P Name="SourceType">Band-Limited White Noise.</P>
    <P Name="SourceProductBaseCode">SL</P>
    <InstanceData>
      <P Name="RTWMemSecFuncInitTerm">Inherit from model</P>
      <P Name="RTWMemSecFuncExecute">Inherit from model</P>
      <P Name="RTWMemSecDataConstants">Inherit from model</P>
      <P Name="RTWMemSecDataInternal">Inherit from model</P>
      <P Name="RTWMemSecDataParameters">Inherit from model</P>
      <P Name="ContentPreviewEnabled">off</P>
      <P Name="Cov">[measure.noise_power_vit]</P>
      <P Name="Ts">Ts_optitrack</P>
      <P Name="seed">[23341]</P>
      <P Name="VectorParams1D">on</P>
    </InstanceData>
  </Block>
  <Block BlockType="Reference" Name="Band-Limited White Noise5" SID="16072">
    <P Name="Ports">[0, 1]</P>
    <P Name="Position">[470, 220, 500, 250]</P>
    <P Name="ZOrder">100000</P>
    <P Name="ForegroundColor">[0.800000, 0.800000, 0.800000]</P>
    <P Name="ShowName">off</P>
    <P Name="LibraryVersion">1.480</P>
    <P Name="SourceBlock">simulink/Sources/Band-Limited
White Noise</P>
    <P Name="SourceType">Band-Limited White Noise.</P>
    <P Name="SourceProductBaseCode">SL</P>
    <InstanceData>
      <P Name="RTWMemSecFuncInitTerm">Inherit from model</P>
      <P Name="RTWMemSecFuncExecute">Inherit from model</P>
      <P Name="RTWMemSecDataConstants">Inherit from model</P>
      <P Name="RTWMemSecDataInternal">Inherit from model</P>
      <P Name="RTWMemSecDataParameters">Inherit from model</P>
      <P Name="ContentPreviewEnabled">off</P>
      <P Name="Cov">[measure.noise_power_angles]</P>
      <P Name="Ts">Ts_optitrack</P>
      <P Name="seed">[23341]</P>
      <P Name="VectorParams1D">on</P>
    </InstanceData>
  </Block>
  <Block BlockType="BusCreator" Name="Bus&#xA;Creator" SID="16074">
    <P Name="Ports">[9, 1]</P>
    <P Name="Position">[755, -138, 760, 358]</P>
    <P Name="ZOrder">100000</P>
    <P Name="ShowName">off</P>
    <P Name="Inputs">9</P>
    <P Name="DisplayOption">bar</P>
    <P Name="OutDataTypeStr">Bus: BUS_optitrack</P>
    <P Name="InheritFromInputs">off</P>
  </Block>
  <Block BlockType="BusSelector" Name="Bus&#xA;Selector" SID="16413">
    <P Name="Ports">[1, 9]</P>
    <P Name="Position">[45, -123, 50, 323]</P>
    <P Name="ZOrder">100000</P>
    <P Name="ShowName">off</P>
    <P Name="OutputSignals">X,Y,Z,VX,VY,VZ,Phi,Theta,Psi</P>
    <Port>
      <P Name="PortNumber">1</P>
      <P Name="Name">&lt;X&gt;</P>
    </Port>
    <Port>
      <P Name="PortNumber">2</P>
      <P Name="Name">&lt;Y&gt;</P>
    </Port>
    <Port>
      <P Name="PortNumber">3</P>
      <P Name="Name">&lt;Z&gt;</P>
    </Port>
    <Port>
      <P Name="PortNumber">4</P>
      <P Name="Name">&lt;VX&gt;</P>
    </Port>
    <Port>
      <P Name="PortNumber">5</P>
      <P Name="Name">&lt;VY&gt;</P>
    </Port>
    <Port>
      <P Name="PortNumber">6</P>
      <P Name="Name">&lt;VZ&gt;</P>
    </Port>
    <Port>
      <P Name="PortNumber">7</P>
      <P Name="Name">&lt;Phi&gt;</P>
    </Port>
    <Port>
      <P Name="PortNumber">8</P>
      <P Name="Name">&lt;Theta&gt;</P>
    </Port>
    <Port>
      <P Name="PortNumber">9</P>
      <P Name="Name">&lt;Psi&gt;</P>
    </Port>
  </Block>
  <Block BlockType="Delay" Name="Delay1" SID="16075">
    <P Name="Ports">[1, 1]</P>
    <P Name="Position">[405, 83, 440, 117]</P>
    <P Name="ZOrder">100000</P>
    <P Name="InputPortMap">u0</P>
    <P Name="DelayLength">1</P>
    <P Name="InitialCondition">init_state.Vuvw0</P>
    <P Name="SampleTime">Ts_optitrack</P>
  </Block>
  <Block BlockType="Delay" Name="Delay3" SID="16076">
    <P Name="Ports">[1, 1]</P>
    <P Name="Position">[405, 258, 440, 292]</P>
    <P Name="ZOrder">100000</P>
    <P Name="InputPortMap">u0</P>
    <P Name="DelayLength">1</P>
    <P Name="InitialCondition">init_state.Angles0</P>
    <P Name="SampleTime">Ts_optitrack</P>
  </Block>
  <Block BlockType="Delay" Name="Delay7" SID="16078">
    <P Name="Ports">[1, 1]</P>
    <P Name="Position">[405, -77, 440, -43]</P>
    <P Name="ZOrder">100000</P>
    <P Name="InputPortMap">u0</P>
    <P Name="DelayLength">1</P>
    <P Name="InitialCondition">init_state.Pterre0</P>
    <P Name="SampleTime">Ts_optitrack</P>
  </Block>
  <Block BlockType="Demux" Name="Demux11" SID="16080">
    <P Name="Ports">[1, 3]</P>
    <P Name="Position">[635, 207, 640, 343]</P>
    <P Name="ZOrder">100000</P>
    <P Name="ShowName">off</P>
    <P Name="Outputs">3</P>
    <Port>
      <P Name="PortNumber">1</P>
      <P Name="Name">roll</P>
    </Port>
    <Port>
      <P Name="PortNumber">2</P>
      <P Name="Name">Pitch</P>
    </Port>
    <Port>
      <P Name="PortNumber">3</P>
      <P Name="Name">yaw</P>
    </Port>
  </Block>
  <Block BlockType="Demux" Name="Demux8" SID="16086">
    <P Name="Ports">[1, 3]</P>
    <P Name="Position">[635, -133, 640, 3]</P>
    <P Name="ZOrder">100000</P>
    <P Name="ShowName">off</P>
    <P Name="Outputs">3</P>
    <Port>
      <P Name="PortNumber">1</P>
      <P Name="Name">xPos</P>
    </Port>
    <Port>
      <P Name="PortNumber">2</P>
      <P Name="Name">yPos</P>
    </Port>
    <Port>
      <P Name="PortNumber">3</P>
      <P Name="Name">zPos</P>
    </Port>
  </Block>
  <Block BlockType="Demux" Name="Demux9" SID="16087">
    <P Name="Ports">[1, 3]</P>
    <P Name="Position">[635, 32, 640, 168]</P>
    <P Name="ZOrder">100000</P>
    <P Name="ShowName">off</P>
    <P Name="Outputs">3</P>
    <Port>
      <P Name="PortNumber">1</P>
      <P Name="Name">xVel</P>
    </Port>
    <Port>
      <P Name="PortNumber">2</P>
      <P Name="Name">yVel</P>
    </Port>
    <Port>
      <P Name="PortNumber">3</P>
      <P Name="Name">zVel</P>
    </Port>
  </Block>
  <Block BlockType="TransferFcn" Name="Kalman4" SID="16089">
    <P Name="Position">[170, 112, 220, 138]</P>
    <P Name="ZOrder">100000</P>
    <P Name="ShowName">off</P>
    <P Name="Denominator">[0.05 1]</P>
  </Block>
  <Block BlockType="TransferFcn" Name="Kalman7" SID="16090">
    <P Name="Position">[170, 62, 220, 88]</P>
    <P Name="ZOrder">100000</P>
    <P Name="ShowName">off</P>
    <P Name="Denominator">[0.05 1]</P>
  </Block>
  <Block BlockType="TransferFcn" Name="Kalman8" SID="16091">
    <P Name="Position">[170, 87, 220, 113]</P>
    <P Name="ZOrder">100000</P>
    <P Name="ShowName">off</P>
    <P Name="Denominator">[0.05 1]</P>
  </Block>
  <Block BlockType="SubSystem" Name="MATLAB Function" SID="16092">
    <P Name="Ports">[1, 1]</P>
    <P Name="Position">[175, 287, 210, 313]</P>
    <P Name="ZOrder">100000</P>
    <P Name="LibraryVersion">1.32</P>
    <P Name="ErrorFcn">Stateflow.Translate.translate</P>
    <P Name="PermitHierarchicalResolution">ExplicitOnly</P>
    <P Name="TreatAsAtomicUnit">on</P>
    <P Name="RequestExecContextInheritance">off</P>
    <P Name="SFBlockType">MATLAB Function</P>
    <System Ref="system_16092"/>
  </Block>
  <Block BlockType="Mux" Name="Mux3" SID="16093">
    <P Name="Ports">[3, 1]</P>
    <P Name="Position">[285, -115, 290, -15]</P>
    <P Name="ZOrder">100000</P>
    <P Name="ShowName">off</P>
    <P Name="Inputs">3</P>
    <P Name="DisplayOption">bar</P>
  </Block>
  <Block BlockType="Mux" Name="Mux4" SID="16094">
    <P Name="Ports">[3, 1]</P>
    <P Name="Position">[320, 63, 325, 137]</P>
    <P Name="ZOrder">100000</P>
    <P Name="ShowName">off</P>
    <P Name="Inputs">3</P>
    <P Name="DisplayOption">bar</P>
  </Block>
  <Block BlockType="Mux" Name="Mux5" SID="16095">
    <P Name="Ports">[3, 1]</P>
    <P Name="Position">[320, 238, 325, 312]</P>
    <P Name="ZOrder">100000</P>
    <P Name="ShowName">off</P>
    <P Name="Inputs">3</P>
    <P Name="DisplayOption">bar</P>
  </Block>
  <Block BlockType="Sum" Name="Sum1" SID="16098">
    <P Name="Ports">[2, 1]</P>
    <P Name="Position">[515, -70, 535, -50]</P>
    <P Name="ZOrder">100000</P>
    <P Name="ShowName">off</P>
    <P Name="Inputs">++|</P>
    <Port>
      <P Name="PortNumber">1</P>
      <P Name="Name">Position_mes</P>
    </Port>
  </Block>
  <Block BlockType="Sum" Name="Sum3" SID="16099">
    <P Name="Ports">[2, 1]</P>
    <P Name="Position">[515, 90, 535, 110]</P>
    <P Name="ZOrder">100000</P>
    <P Name="ShowName">off</P>
    <P Name="Inputs">++|</P>
    <Port>
      <P Name="PortNumber">1</P>
      <P Name="Name">vitesse_Ro_mes</P>
    </Port>
  </Block>
  <Block BlockType="Sum" Name="Sum6" SID="16100">
    <P Name="Ports">[2, 1]</P>
    <P Name="Position">[505, 265, 525, 285]</P>
    <P Name="ZOrder">100000</P>
    <P Name="ShowName">off</P>
    <P Name="Inputs">++|</P>
    <Port>
      <P Name="PortNumber">1</P>
      <P Name="Name">angles_mes</P>
    </Port>
  </Block>
  <Block BlockType="Outport" Name="optitrack_" SID="16103">
    <P Name="Position">[915, 103, 945, 117]</P>
    <P Name="ZOrder">100000</P>
    <P Name="OutDataTypeStr">Bus: BUS_optitrack</P>
    <P Name="VectorParamsAs1DForOutWhenUnconnected">off</P>
  </Block>
  <Line>
    <P Name="ZOrder">1</P>
    <P Name="Src">16074#out:1</P>
    <P Name="Dst">16103#in:1</P>
  </Line>
  <Line>
    <P Name="ZOrder">3</P>
    <P Name="Src">16076#out:1</P>
    <P Name="Dst">16100#in:2</P>
  </Line>
  <Line>
    <P Name="ZOrder">4</P>
    <P Name="Src">16095#out:1</P>
    <P Name="Dst">16076#in:1</P>
  </Line>
  <Line>
    <P Name="Name">yaw</P>
    <P Name="ZOrder">6</P>
    <P Name="Labels">[2, 1]</P>
    <P Name="Src">16080#out:3</P>
    <P Name="Points">[45, 0; 0, 10]</P>
    <P Name="Dst">16074#in:9</P>
  </Line>
  <Line>
    <P Name="ZOrder">9</P>
    <P Name="Src">16092#out:1</P>
    <P Name="Dst">16095#in:3</P>
  </Line>
  <Line>
    <P Name="Name">Pitch</P>
    <P Name="ZOrder">10</P>
    <P Name="Labels">[1, 1]</P>
    <P Name="Src">16080#out:2</P>
    <P Name="Dst">16074#in:8</P>
  </Line>
  <Line>
    <P Name="Name">&lt;Theta&gt;</P>
    <P Name="ZOrder">63</P>
    <P Name="Labels">[0, 0]</P>
    <P Name="Src">16413#out:8</P>
    <P Name="Points">[130, 0; 0, 25]</P>
    <P Name="Dst">16095#in:2</P>
  </Line>
  <Line>
    <P Name="Name">angles_mes</P>
    <P Name="ZOrder">73</P>
    <P Name="Labels">[0, 0]</P>
    <P Name="Src">16100#out:1</P>
    <P Name="Dst">16080#in:1</P>
  </Line>
  <Line>
    <P Name="Name">roll</P>
    <P Name="ZOrder">20</P>
    <P Name="Labels">[2, 0]</P>
    <P Name="Src">16080#out:1</P>
    <P Name="Points">[40, 0; 0, -10]</P>
    <P Name="Dst">16074#in:7</P>
  </Line>
  <Line>
    <P Name="ZOrder">21</P>
    <P Name="Src">16072#out:1</P>
    <P Name="Points">[10, 0]</P>
    <P Name="Dst">16100#in:1</P>
  </Line>
  <Line>
    <P Name="Name">&lt;Phi&gt;</P>
    <P Name="ZOrder">62</P>
    <P Name="Labels">[0, 0]</P>
    <P Name="Src">16413#out:7</P>
    <P Name="Points">[130, 0; 0, 50]</P>
    <P Name="Dst">16095#in:1</P>
  </Line>
  <Line>
    <P Name="Name">Position_mes</P>
    <P Name="ZOrder">24</P>
    <P Name="Labels">[0, 0; 2, 0]</P>
    <P Name="Src">16098#out:1</P>
    <P Name="Points">[45, 0; 0, -5]</P>
    <P Name="Dst">16086#in:1</P>
  </Line>
  <Line>
    <P Name="Name">zPos</P>
    <P Name="ZOrder">27</P>
    <P Name="Labels">[1, 1]</P>
    <P Name="Src">16086#out:3</P>
    <P Name="Points">[80, 0; 0, 20]</P>
    <P Name="Dst">16074#in:3</P>
  </Line>
  <Line>
    <P Name="Name">yVel</P>
    <P Name="ZOrder">28</P>
    <P Name="Labels">[1, 1]</P>
    <P Name="Src">16087#out:2</P>
    <P Name="Points">[80, 0; 0, 10]</P>
    <P Name="Dst">16074#in:5</P>
  </Line>
  <Line>
    <P Name="Name">xPos</P>
    <P Name="ZOrder">29</P>
    <P Name="Labels">[1, 1]</P>
    <P Name="Src">16086#out:1</P>
    <P Name="Dst">16074#in:1</P>
  </Line>
  <Line>
    <P Name="Name">&lt;Z&gt;</P>
    <P Name="ZOrder">58</P>
    <P Name="Labels">[0, 0]</P>
    <P Name="Src">16413#out:3</P>
    <P Name="Points">[23, 0; 0, -30]</P>
    <P Name="Dst">16063#in:1</P>
  </Line>
  <Line>
    <P Name="Name">zVel</P>
    <P Name="ZOrder">31</P>
    <P Name="Labels">[2, 0]</P>
    <P Name="Src">16087#out:3</P>
    <P Name="Points">[18, 0; 0, 20]</P>
    <P Name="Dst">16074#in:6</P>
  </Line>
  <Line>
    <P Name="ZOrder">32</P>
    <P Name="Src">16063#out:1</P>
    <P Name="Dst">16093#in:3</P>
  </Line>
  <Line>
    <P Name="ZOrder">33</P>
    <P Name="Src">16078#out:1</P>
    <P Name="Dst">16098#in:2</P>
  </Line>
  <Line>
    <P Name="Name">xVel</P>
    <P Name="ZOrder">34</P>
    <P Name="Labels">[1, 1]</P>
    <P Name="Src">16087#out:1</P>
    <P Name="Dst">16074#in:4</P>
  </Line>
  <Line>
    <P Name="ZOrder">35</P>
    <P Name="Src">16089#out:1</P>
    <P Name="Dst">16094#in:3</P>
  </Line>
  <Line>
    <P Name="Name">yPos</P>
    <P Name="ZOrder">36</P>
    <P Name="Labels">[1, 1]</P>
    <P Name="Src">16086#out:2</P>
    <P Name="Points">[80, 0; 0, 10]</P>
    <P Name="Dst">16074#in:2</P>
  </Line>
  <Line>
    <P Name="Name">&lt;Y&gt;</P>
    <P Name="ZOrder">57</P>
    <P Name="Labels">[0, 0]</P>
    <P Name="Src">16413#out:2</P>
    <P Name="Points">[2, 0; 0, -15]</P>
    <P Name="Dst">16056#in:1</P>
  </Line>
  <Line>
    <P Name="ZOrder">38</P>
    <P Name="Src">16056#out:1</P>
    <P Name="Dst">16093#in:2</P>
  </Line>
  <Line>
    <P Name="ZOrder">41</P>
    <P Name="Src">16090#out:1</P>
    <P Name="Dst">16094#in:1</P>
  </Line>
  <Line>
    <P Name="ZOrder">42</P>
    <P Name="Src">16070#out:1</P>
    <P Name="Points">[30, 0]</P>
    <P Name="Dst">16098#in:1</P>
  </Line>
  <Line>
    <P Name="ZOrder">43</P>
    <P Name="Src">16094#out:1</P>
    <P Name="Dst">16075#in:1</P>
  </Line>
  <Line>
    <P Name="Name">&lt;X&gt;</P>
    <P Name="ZOrder">56</P>
    <P Name="Labels">[0, 0]</P>
    <P Name="Src">16413#out:1</P>
    <P Name="Dst">16049#in:1</P>
  </Line>
  <Line>
    <P Name="Name">vitesse_Ro_mes</P>
    <P Name="ZOrder">46</P>
    <P Name="Labels">[0, 0; 1, 0]</P>
    <P Name="Src">16099#out:1</P>
    <P Name="Dst">16087#in:1</P>
  </Line>
  <Line>
    <P Name="ZOrder">48</P>
    <P Name="Src">16049#out:1</P>
    <P Name="Dst">16093#in:1</P>
  </Line>
  <Line>
    <P Name="ZOrder">50</P>
    <P Name="Src">16075#out:1</P>
    <P Name="Dst">16099#in:2</P>
  </Line>
  <Line>
    <P Name="ZOrder">51</P>
    <P Name="Src">16093#out:1</P>
    <P Name="Points">[53, 0; 0, 5]</P>
    <P Name="Dst">16078#in:1</P>
  </Line>
  <Line>
    <P Name="ZOrder">52</P>
    <P Name="Src">16091#out:1</P>
    <P Name="Dst">16094#in:2</P>
  </Line>
  <Line>
    <P Name="ZOrder">53</P>
    <P Name="Src">16071#out:1</P>
    <P Name="Points">[30, 0]</P>
    <P Name="Dst">16099#in:1</P>
  </Line>
  <Line>
    <P Name="ZOrder">55</P>
    <P Name="Src">16047#out:1</P>
    <P Name="Dst">16413#in:1</P>
  </Line>
  <Line>
    <P Name="Name">&lt;VX&gt;</P>
    <P Name="ZOrder">59</P>
    <P Name="Labels">[0, 0]</P>
    <P Name="Src">16413#out:4</P>
    <P Name="Points">[55, 0; 0, 25]</P>
    <P Name="Dst">16090#in:1</P>
  </Line>
  <Line>
    <P Name="Name">&lt;VY&gt;</P>
    <P Name="ZOrder">60</P>
    <P Name="Labels">[0, 0]</P>
    <P Name="Src">16413#out:5</P>
    <P Name="Dst">16091#in:1</P>
  </Line>
  <Line>
    <P Name="Name">&lt;VZ&gt;</P>
    <P Name="ZOrder">61</P>
    <P Name="Labels">[0, 0]</P>
    <P Name="Src">16413#out:6</P>
    <P Name="Points">[37, 0; 0, -25]</P>
    <P Name="Dst">16089#in:1</P>
  </Line>
  <Line>
    <P Name="Name">&lt;Psi&gt;</P>
    <P Name="ZOrder">65</P>
    <P Name="Labels">[0, 0]</P>
    <P Name="Src">16413#out:9</P>
    <P Name="Dst">16092#in:1</P>
  </Line>
</System>
