<?xml version="1.0" encoding="utf-8"?>
<System>
  <P Name="Location">[1529, -7, 3079, 831]</P>
  <P Name="SystemRect">[0.000000, 0.000000, 0.000000, 0.000000]</P>
  <P Name="SetExecutionDomain">off</P>
  <P Name="ExecutionDomainType">Deduce</P>
  <P Name="PaperType">usletter</P>
  <P Name="PaperUnits">inches</P>
  <P Name="TiledPaperMargins">[0.500000, 0.500000, 0.500000, 0.500000]</P>
  <P Name="ZoomFactor">214</P>
  <P Name="SimulinkSubDomain">Simulink</P>
  <Block BlockType="Inport" Name="Vz_d" SID="14769">
    <P Name="Position">[405, 148, 435, 162]</P>
    <P Name="ZOrder">54235</P>
  </Block>
  <Block BlockType="Inport" Name="bebop_sensor" SID="14771">
    <P Name="Position">[420, 323, 450, 337]</P>
    <P Name="ZOrder">54237</P>
    <P Name="Port">2</P>
    <P Name="OutDataTypeStr">Bus: BUS_bebop_sensors</P>
  </Block>
  <Block BlockType="Inport" Name="bebop_state" SID="15940">
    <P Name="Position">[405, 168, 435, 182]</P>
    <P Name="ZOrder">100000</P>
    <P Name="ForegroundColor">red</P>
    <P Name="Port">3</P>
  </Block>
  <Block BlockType="SubSystem" Name="Altitude control" SID="14842">
    <P Name="Ports">[3, 1]</P>
    <P Name="Position">[650, 141, 775, 239]</P>
    <P Name="ZOrder">54251</P>
    <P Name="RequestExecContextInheritance">off</P>
    <System Ref="system_14842"/>
  </Block>
  <Block BlockType="BusSelector" Name="Bus&#xA;Selector" SID="15885">
    <P Name="Ports">[1, 4]</P>
    <P Name="Position">[490, 286, 495, 374]</P>
    <P Name="ZOrder">100000</P>
    <P Name="ShowName">off</P>
    <P Name="OutputSignals">altitude,optical_flow_Vz,pitch,roll</P>
    <Port>
      <P Name="PortNumber">1</P>
      <P Name="Name">&lt;altitude&gt;</P>
    </Port>
    <Port>
      <P Name="PortNumber">2</P>
      <P Name="Name">&lt;optical_flow_Vz&gt;</P>
    </Port>
    <Port>
      <P Name="PortNumber">3</P>
      <P Name="Name">&lt;pitch&gt;</P>
    </Port>
    <Port>
      <P Name="PortNumber">4</P>
      <P Name="Name">&lt;roll&gt;</P>
    </Port>
  </Block>
  <Block BlockType="Reference" Name="Discrete Derivative" SID="15889">
    <P Name="Ports">[1, 1]</P>
    <P Name="Position">[600, 264, 645, 286]</P>
    <P Name="ZOrder">100000</P>
    <P Name="Commented">on</P>
    <P Name="LibraryVersion">1.480</P>
    <P Name="SourceBlock">simulink/Discrete/Discrete Derivative</P>
    <P Name="SourceType">Discrete Derivative</P>
    <P Name="SourceProductBaseCode">SL</P>
    <InstanceData>
      <P Name="RTWMemSecFuncInitTerm">Inherit from model</P>
      <P Name="RTWMemSecFuncExecute">Inherit from model</P>
      <P Name="RTWMemSecDataConstants">Inherit from model</P>
      <P Name="RTWMemSecDataInternal">Inherit from model</P>
      <P Name="RTWMemSecDataParameters">Inherit from model</P>
      <P Name="ContentPreviewEnabled">on</P>
      <P Name="gainval">1.0</P>
      <P Name="ICPrevScaledInput">0.0</P>
      <P Name="InputProcessing">Elements as channels (sample based)</P>
      <P Name="OutMin">[]</P>
      <P Name="OutMax">[]</P>
      <P Name="OutDataTypeStr">Inherit: Inherit via internal rule</P>
      <P Name="OutputDataTypeScalingMode">Inherit via internal rule</P>
      <P Name="OutDataType">fixdt(1, 16)</P>
      <P Name="OutScaling">2^-10</P>
      <P Name="LockScale">off</P>
      <P Name="RndMeth">Floor</P>
      <P Name="DoSatur">off</P>
    </InstanceData>
  </Block>
  <Block BlockType="SubSystem" Name="Normalized thrust calculation" SID="15007">
    <P Name="Ports">[3, 1]</P>
    <P Name="Position">[835, 172, 960, 268]</P>
    <P Name="ZOrder">100000</P>
    <P Name="RequestExecContextInheritance">off</P>
    <System Ref="system_15007"/>
  </Block>
  <Block BlockType="SubSystem" Name="Subsystem" SID="15011">
    <P Name="Ports">[3, 2]</P>
    <P Name="Position">[510, 145, 625, 205]</P>
    <P Name="ZOrder">100000</P>
    <P Name="RequestExecContextInheritance">off</P>
    <System Ref="system_15011"/>
  </Block>
  <Block BlockType="Outport" Name="thrust" SID="14804">
    <P Name="Position">[1000, 213, 1030, 227]</P>
    <P Name="ZOrder">54240</P>
    <P Name="VectorParamsAs1DForOutWhenUnconnected">off</P>
  </Block>
  <Line>
    <P Name="ZOrder">66</P>
    <P Name="Src">14769#out:1</P>
    <P Name="Dst">15011#in:1</P>
  </Line>
  <Line>
    <P Name="ZOrder">53</P>
    <P Name="Src">14842#out:1</P>
    <P Name="Dst">15007#in:1</P>
  </Line>
  <Line>
    <P Name="ZOrder">55</P>
    <P Name="Src">15007#out:1</P>
    <P Name="Dst">14804#in:1</P>
  </Line>
  <Line>
    <P Name="ZOrder">64</P>
    <P Name="Src">15011#out:1</P>
    <P Name="Dst">14842#in:1</P>
  </Line>
  <Line>
    <P Name="ZOrder">65</P>
    <P Name="Src">15011#out:2</P>
    <P Name="Dst">14842#in:2</P>
  </Line>
  <Line>
    <P Name="ZOrder">78</P>
    <P Name="Src">14771#out:1</P>
    <P Name="Dst">15885#in:1</P>
  </Line>
  <Line>
    <P Name="Name">&lt;optical_flow_Vz&gt;</P>
    <P Name="ZOrder">100</P>
    <P Name="Labels">[0, 0]</P>
    <P Name="Src">15885#out:2</P>
    <P Name="Points">[70, 0; 0, -100]</P>
    <P Name="Dst">14842#in:3</P>
  </Line>
  <Line>
    <P Name="Name">&lt;pitch&gt;</P>
    <P Name="ZOrder">96</P>
    <P Name="Labels">[0, 0]</P>
    <P Name="Src">15885#out:3</P>
    <P Name="Points">[296, 0; 0, -120]</P>
    <P Name="Dst">15007#in:2</P>
  </Line>
  <Line>
    <P Name="Name">&lt;roll&gt;</P>
    <P Name="ZOrder">97</P>
    <P Name="Labels">[0, 0]</P>
    <P Name="Src">15885#out:4</P>
    <P Name="Points">[314, 0; 0, -110]</P>
    <P Name="Dst">15007#in:3</P>
  </Line>
  <Line>
    <P Name="ZOrder">98</P>
    <P Name="Src">15940#out:1</P>
    <P Name="Dst">15011#in:2</P>
  </Line>
  <Line>
    <P Name="Name">&lt;altitude&gt;</P>
    <P Name="ZOrder">104</P>
    <P Name="Labels">[0, 0]</P>
    <P Name="Src">15885#out:1</P>
    <P Name="Points">[50, 0; 0, -33; -71, 0; 0, -72]</P>
    <P Name="Dst">15011#in:3</P>
  </Line>
</System>
