<?xml version="1.0" encoding="utf-8"?>
<System>
  <P Name="Location">[1529, -7, 3079, 831]</P>
  <P Name="SystemRect">[0.000000, 0.000000, 0.000000, 0.000000]</P>
  <P Name="SetExecutionDomain">off</P>
  <P Name="ExecutionDomainType">Deduce</P>
  <P Name="PaperType">usletter</P>
  <P Name="PaperUnits">inches</P>
  <P Name="TiledPaperMargins">[0.500000, 0.500000, 0.500000, 0.500000]</P>
  <P Name="SIDHighWatermark">99</P>
  <P Name="SimulinkSubDomain">Simulink</P>
  <Block BlockType="Inport" Name="bebop_sensors" SID="15917::93">
    <P Name="Position">[20, 101, 40, 119]</P>
    <P Name="ZOrder">73</P>
  </Block>
  <Block BlockType="Inport" Name="bebop_tgt" SID="15917::96">
    <P Name="Position">[20, 136, 40, 154]</P>
    <P Name="ZOrder">76</P>
    <P Name="Port">2</P>
  </Block>
  <Block BlockType="Inport" Name="bebop_ctrl" SID="15917::94">
    <P Name="Position">[20, 171, 40, 189]</P>
    <P Name="ZOrder">74</P>
    <P Name="Port">3</P>
  </Block>
  <Block BlockType="Demux" Name=" Demux " SID="15917::98">
    <P Name="Ports">[1, 1]</P>
    <P Name="Position">[270, 230, 320, 270]</P>
    <P Name="ZOrder">78</P>
    <P Name="Outputs">1</P>
  </Block>
  <Block BlockType="S-Function" Name=" SFunction " SID="15917::97">
    <P Name="Tag">Stateflow S-Function 9</P>
    <P Name="Ports">[3, 2]</P>
    <P Name="Position">[180, 100, 230, 180]</P>
    <P Name="ZOrder">77</P>
    <P Name="FunctionName">sf_sfun</P>
    <P Name="PortCounts">[3 2]</P>
    <P Name="SFunctionDeploymentMode">off</P>
    <P Name="EnableBusSupport">on</P>
    <P Name="SFcnIsStateOwnerBlock">off</P>
    <Port>
      <P Name="PortNumber">2</P>
      <P Name="Name">bebop_state</P>
    </Port>
  </Block>
  <Block BlockType="Terminator" Name=" Terminator " SID="15917::99">
    <P Name="Position">[460, 241, 480, 259]</P>
    <P Name="ZOrder">79</P>
  </Block>
  <Block BlockType="Outport" Name="bebop_state" SID="15917::95">
    <P Name="Position">[460, 101, 480, 119]</P>
    <P Name="ZOrder">75</P>
    <P Name="VectorParamsAs1DForOutWhenUnconnected">off</P>
  </Block>
  <Line>
    <P Name="ZOrder">31</P>
    <P Name="Src">15917::93#out:1</P>
    <P Name="Dst">15917::97#in:1</P>
  </Line>
  <Line>
    <P Name="ZOrder">32</P>
    <P Name="Src">15917::96#out:1</P>
    <P Name="Dst">15917::97#in:2</P>
  </Line>
  <Line>
    <P Name="ZOrder">33</P>
    <P Name="Src">15917::94#out:1</P>
    <P Name="Dst">15917::97#in:3</P>
  </Line>
  <Line>
    <P Name="Name">bebop_state</P>
    <P Name="ZOrder">34</P>
    <P Name="Labels">[0, 0]</P>
    <P Name="Src">15917::97#out:2</P>
    <P Name="Dst">15917::95#in:1</P>
  </Line>
  <Line>
    <P Name="ZOrder">35</P>
    <P Name="Src">15917::98#out:1</P>
    <P Name="Dst">15917::99#in:1</P>
  </Line>
  <Line>
    <P Name="ZOrder">36</P>
    <P Name="Src">15917::97#out:1</P>
    <P Name="Points">[20, 0]</P>
    <P Name="Dst">15917::98#in:1</P>
  </Line>
</System>
