<?xml version="1.0" encoding="utf-8"?>
<System>
  <P Name="Location">[-8, -8, 1928, 1048]</P>
  <P Name="SystemRect">[0.000000, 0.000000, 0.000000, 0.000000]</P>
  <P Name="SetExecutionDomain">off</P>
  <P Name="ExecutionDomainType">Deduce</P>
  <P Name="PaperType">usletter</P>
  <P Name="PaperUnits">inches</P>
  <P Name="TiledPaperMargins">[0.500000, 0.500000, 0.500000, 0.500000]</P>
  <P Name="ZoomFactor">110</P>
  <P Name="SimulinkSubDomain">Simulink</P>
  <Block BlockType="Inport" Name="pos_att_NED" SID="16409">
    <P Name="Position">[185, 128, 215, 142]</P>
    <P Name="ZOrder">26956</P>
    <P Name="OutDataTypeStr">Bus: BUS_bebop_pos_att</P>
  </Block>
  <Block BlockType="Inport" Name="yaw" SID="15129">
    <P Name="Position">[185, 313, 215, 327]</P>
    <P Name="ZOrder">26955</P>
    <P Name="Port">2</P>
  </Block>
  <Block BlockType="Sum" Name="Add1" SID="15039">
    <P Name="Ports">[2, 1]</P>
    <P Name="Position">[770, 92, 800, 123]</P>
    <P Name="ZOrder">1049</P>
    <P Name="ShowName">off</P>
    <P Name="IconShape">rectangular</P>
  </Block>
  <Block BlockType="BusSelector" Name="Bus&#xA;Selector" SID="16410">
    <P Name="Ports">[1, 6]</P>
    <P Name="Position">[285, -10, 290, 275]</P>
    <P Name="ZOrder">26957</P>
    <P Name="ShowName">off</P>
    <P Name="OutputSignals">VX,VY,p,q,Z,VZ</P>
    <Port>
      <P Name="PortNumber">1</P>
      <P Name="Name">&lt;VX&gt;</P>
    </Port>
    <Port>
      <P Name="PortNumber">2</P>
      <P Name="Name">&lt;VY&gt;</P>
    </Port>
    <Port>
      <P Name="PortNumber">3</P>
      <P Name="Name">&lt;p&gt;</P>
    </Port>
    <Port>
      <P Name="PortNumber">4</P>
      <P Name="Name">&lt;q&gt;</P>
    </Port>
    <Port>
      <P Name="PortNumber">5</P>
      <P Name="Name">&lt;Z&gt;</P>
    </Port>
    <Port>
      <P Name="PortNumber">6</P>
      <P Name="Name">&lt;VZ&gt;</P>
    </Port>
  </Block>
  <Block BlockType="Demux" Name="Demux4" SID="15041">
    <P Name="Ports">[1, 2]</P>
    <P Name="Position">[470, 111, 475, 149]</P>
    <P Name="ZOrder">1041</P>
    <P Name="ShowName">off</P>
    <P Name="Outputs">2</P>
  </Block>
  <Block BlockType="Gain" Name="Gain1" SID="15042">
    <P Name="Position">[390, 115, 420, 145]</P>
    <P Name="ZOrder">1043</P>
    <P Name="ShowName">off</P>
    <P Name="Gain">0.0*[-1,1]</P>
  </Block>
  <Block BlockType="Gain" Name="Gain2" SID="15043">
    <P Name="Position">[390, 185, 420, 215]</P>
    <P Name="ZOrder">1048</P>
    <P Name="ShowName">off</P>
    <P Name="Gain">-1</P>
  </Block>
  <Block BlockType="Mux" Name="Mux" SID="15123">
    <P Name="Ports">[3, 1]</P>
    <P Name="Position">[1380, 113, 1385, 287]</P>
    <P Name="ZOrder">26951</P>
    <P Name="ShowName">off</P>
    <P Name="Inputs">3</P>
    <P Name="DisplayOption">bar</P>
  </Block>
  <Block BlockType="Mux" Name="Mux1" SID="16411">
    <P Name="Ports">[2, 1]</P>
    <P Name="Position">[355, 91, 360, 164]</P>
    <P Name="ZOrder">26958</P>
    <P Name="ShowName">off</P>
    <P Name="Inputs">2</P>
    <P Name="DisplayOption">bar</P>
  </Block>
  <Block BlockType="Mux" Name="Mux2" SID="16414">
    <P Name="Ports">[2, 1]</P>
    <P Name="Position">[685, 56, 690, 94]</P>
    <P Name="ZOrder">26959</P>
    <P Name="ShowName">off</P>
    <P Name="Inputs">2</P>
    <P Name="DisplayOption">bar</P>
  </Block>
  <Block BlockType="Mux" Name="Mux7" SID="15044">
    <P Name="Ports">[2, 1]</P>
    <P Name="Position">[640, 131, 645, 169]</P>
    <P Name="ZOrder">1045</P>
    <P Name="ShowName">off</P>
    <P Name="Inputs">2</P>
    <P Name="DisplayOption">bar</P>
  </Block>
  <Block BlockType="Mux" Name="Mux8" SID="15045">
    <P Name="Ports">[2, 1]</P>
    <P Name="Position">[900, 88, 905, 172]</P>
    <P Name="ZOrder">1051</P>
    <P Name="ShowName">off</P>
    <P Name="Inputs">2</P>
    <P Name="DisplayOption">bar</P>
  </Block>
  <Block BlockType="Product" Name="Product" SID="15046">
    <P Name="Ports">[2, 1]</P>
    <P Name="Position">[565, 102, 595, 133]</P>
    <P Name="ZOrder">1042</P>
    <P Name="ShowName">off</P>
  </Block>
  <Block BlockType="Product" Name="Product1" SID="15047">
    <P Name="Ports">[2, 1]</P>
    <P Name="Position">[565, 157, 595, 188]</P>
    <P Name="ZOrder">1044</P>
    <P Name="ShowName">off</P>
  </Block>
  <Block BlockType="Selector" Name="Select dz2" SID="15121">
    <P Name="Ports">[1, 1]</P>
    <P Name="Position">[1100, 108, 1125, 152]</P>
    <P Name="ZOrder">26949</P>
    <P Name="ShowName">off</P>
    <P Name="InputPortWidth">3</P>
    <P Name="IndexOptions">Index vector (dialog)</P>
    <P Name="Indices">1</P>
    <P Name="OutputSizes">1</P>
  </Block>
  <Block BlockType="Selector" Name="Select dz3" SID="15122">
    <P Name="Ports">[1, 1]</P>
    <P Name="Position">[1110, 188, 1135, 232]</P>
    <P Name="ZOrder">26950</P>
    <P Name="ShowName">off</P>
    <P Name="InputPortWidth">3</P>
    <P Name="IndexOptions">Index vector (dialog)</P>
    <P Name="Indices">2</P>
    <P Name="OutputSizes">1</P>
  </Block>
  <Block BlockType="Selector" Name="Select dz4" SID="15124">
    <P Name="Ports">[1, 1]</P>
    <P Name="Position">[1110, 238, 1135, 282]</P>
    <P Name="ZOrder">26952</P>
    <P Name="ShowName">off</P>
    <P Name="InputPortWidth">3</P>
    <P Name="IndexOptions">Index vector (dialog)</P>
    <P Name="Indices">3</P>
    <P Name="OutputSizes">1</P>
  </Block>
  <Block BlockType="SubSystem" Name="Subsystem" SID="15101">
    <P Name="Ports">[3, 2]</P>
    <P Name="Position">[1175, 110, 1300, 230]</P>
    <P Name="ZOrder">26948</P>
    <P Name="RequestExecContextInheritance">off</P>
    <System Ref="system_15101"/>
  </Block>
  <Block BlockType="Selector" Name="SwitchPlanarOpticalFlow" SID="15053">
    <P Name="Ports">[1, 1]</P>
    <P Name="Position">[695, 128, 720, 172]</P>
    <P Name="ZOrder">1046</P>
    <P Name="ShowName">off</P>
    <P Name="InputPortWidth">2</P>
    <P Name="IndexOptions">Index vector (dialog)</P>
    <P Name="Indices">[2 1]</P>
    <P Name="OutputSizes">1</P>
  </Block>
  <Block BlockType="Gain" Name="VelocityToOpticalFlow_Gain" SID="15054">
    <P Name="Position">[940, 115, 1035, 145]</P>
    <P Name="ZOrder">1023</P>
    <P Name="ShowName">off</P>
    <P Name="Gain">[0.35 0.35 1]</P>
  </Block>
  <Block BlockType="Outport" Name="opticalFlow_datout" SID="15055">
    <P Name="Position">[1450, 193, 1480, 207]</P>
    <P Name="ZOrder">1107</P>
    <P Name="VectorParamsAs1DForOutWhenUnconnected">off</P>
  </Block>
  <Line>
    <P Name="ZOrder">1</P>
    <P Name="Src">15041#out:2</P>
    <P Name="Points">[9, 0; 0, 13; 42, 0; 0, 12]</P>
    <P Name="Dst">15047#in:1</P>
  </Line>
  <Line>
    <P Name="ZOrder">2</P>
    <P Name="Src">15046#out:1</P>
    <P Name="Points">[3, 0; 0, 20]</P>
    <P Name="Dst">15044#in:1</P>
  </Line>
  <Line>
    <P Name="ZOrder">3</P>
    <P Name="Src">15047#out:1</P>
    <P Name="Points">[18, 0; 0, -15]</P>
    <P Name="Dst">15044#in:2</P>
  </Line>
  <Line>
    <P Name="Name">&lt;VZ&gt;</P>
    <P Name="ZOrder">73</P>
    <P Name="Labels">[0, 0]</P>
    <P Name="Src">16410#out:6</P>
    <P Name="Points">[553, 0; 0, -95]</P>
    <P Name="Dst">15045#in:2</P>
  </Line>
  <Line>
    <P Name="Name">&lt;Z&gt;</P>
    <P Name="ZOrder">65</P>
    <P Name="Labels">[0, 0]</P>
    <P Name="Src">16410#out:5</P>
    <P Name="Dst">15043#in:1</P>
  </Line>
  <Line>
    <P Name="ZOrder">9</P>
    <P Name="Src">15042#out:1</P>
    <P Name="Dst">15041#in:1</P>
  </Line>
  <Line>
    <P Name="ZOrder">10</P>
    <P Name="Src">15041#out:1</P>
    <P Name="Points">[18, 0; 0, -10]</P>
    <P Name="Dst">15046#in:1</P>
  </Line>
  <Line>
    <P Name="ZOrder">11</P>
    <P Name="Src">15043#out:1</P>
    <P Name="Points">[31, 0; 0, -20]</P>
    <Branch>
      <P Name="ZOrder">72</P>
      <P Name="Points">[0, -15; 65, 0; 0, -40]</P>
      <P Name="Dst">15046#in:2</P>
    </Branch>
    <Branch>
      <P Name="ZOrder">12</P>
      <P Name="Dst">15047#in:2</P>
    </Branch>
  </Line>
  <Line>
    <P Name="ZOrder">14</P>
    <P Name="Src">15045#out:1</P>
    <P Name="Dst">15054#in:1</P>
  </Line>
  <Line>
    <P Name="ZOrder">58</P>
    <P Name="Src">15054#out:1</P>
    <P Name="Points">[29, 0]</P>
    <Branch>
      <P Name="ZOrder">29</P>
      <P Name="Points">[0, 80; 1, 0]</P>
      <Branch>
        <P Name="ZOrder">36</P>
        <P Name="Points">[0, 50]</P>
        <P Name="Dst">15124#in:1</P>
      </Branch>
      <Branch>
        <P Name="ZOrder">35</P>
        <P Name="Dst">15122#in:1</P>
      </Branch>
    </Branch>
    <Branch>
      <P Name="ZOrder">28</P>
      <P Name="Dst">15121#in:1</P>
    </Branch>
  </Line>
  <Line>
    <P Name="ZOrder">18</P>
    <P Name="Src">15053#out:1</P>
    <P Name="Points">[4, 0; 0, -35]</P>
    <P Name="Dst">15039#in:2</P>
  </Line>
  <Line>
    <P Name="ZOrder">19</P>
    <P Name="Src">15039#out:1</P>
    <P Name="Dst">15045#in:1</P>
  </Line>
  <Line>
    <P Name="ZOrder">70</P>
    <P Name="Src">16414#out:1</P>
    <P Name="Points">[34, 0; 0, 25]</P>
    <P Name="Dst">15039#in:1</P>
  </Line>
  <Line>
    <P Name="ZOrder">23</P>
    <P Name="Src">15044#out:1</P>
    <P Name="Dst">15053#in:1</P>
  </Line>
  <Line>
    <P Name="ZOrder">25</P>
    <P Name="Src">15121#out:1</P>
    <P Name="Dst">15101#in:1</P>
  </Line>
  <Line>
    <P Name="ZOrder">30</P>
    <P Name="Src">15122#out:1</P>
    <P Name="Dst">15101#in:3</P>
  </Line>
  <Line>
    <P Name="ZOrder">31</P>
    <P Name="Src">15101#out:1</P>
    <P Name="Dst">15123#in:1</P>
  </Line>
  <Line>
    <P Name="ZOrder">32</P>
    <P Name="Src">15101#out:2</P>
    <P Name="Dst">15123#in:2</P>
  </Line>
  <Line>
    <P Name="ZOrder">33</P>
    <P Name="Src">15123#out:1</P>
    <P Name="Dst">15055#in:1</P>
  </Line>
  <Line>
    <P Name="ZOrder">38</P>
    <P Name="Src">15124#out:1</P>
    <P Name="Dst">15123#in:3</P>
  </Line>
  <Line>
    <P Name="ZOrder">44</P>
    <P Name="Src">15129#out:1</P>
    <P Name="Points">[935, 0; 0, -150]</P>
    <P Name="Dst">15101#in:2</P>
  </Line>
  <Line>
    <P Name="Name">&lt;p&gt;</P>
    <P Name="ZOrder">62</P>
    <P Name="Labels">[0, 0]</P>
    <P Name="Src">16410#out:3</P>
    <P Name="Dst">16411#in:1</P>
  </Line>
  <Line>
    <P Name="Name">&lt;q&gt;</P>
    <P Name="ZOrder">63</P>
    <P Name="Labels">[0, 0]</P>
    <P Name="Src">16410#out:4</P>
    <P Name="Points">[38, 0; 0, -10]</P>
    <P Name="Dst">16411#in:2</P>
  </Line>
  <Line>
    <P Name="ZOrder">64</P>
    <P Name="Src">16411#out:1</P>
    <P Name="Dst">15042#in:1</P>
  </Line>
  <Line>
    <P Name="Name">&lt;VX&gt;</P>
    <P Name="ZOrder">68</P>
    <P Name="Labels">[0, 0]</P>
    <P Name="Src">16410#out:1</P>
    <P Name="Points">[370, 0; 0, 45]</P>
    <P Name="Dst">16414#in:1</P>
  </Line>
  <Line>
    <P Name="Name">&lt;VY&gt;</P>
    <P Name="ZOrder">69</P>
    <P Name="Labels">[0, 0]</P>
    <P Name="Src">16410#out:2</P>
    <P Name="Points">[203, 0; 0, 20]</P>
    <P Name="Dst">16414#in:2</P>
  </Line>
  <Line>
    <P Name="ZOrder">71</P>
    <P Name="Src">16409#out:1</P>
    <P Name="Dst">16410#in:1</P>
  </Line>
</System>
