<?xml version="1.0" encoding="utf-8"?>
<System>
  <P Name="Location">[-8, -8, 1928, 1048]</P>
  <P Name="SystemRect">[0.000000, 0.000000, 0.000000, 0.000000]</P>
  <P Name="SetExecutionDomain">off</P>
  <P Name="ExecutionDomainType">Deduce</P>
  <P Name="PaperType">usletter</P>
  <P Name="PaperUnits">inches</P>
  <P Name="TiledPaperMargins">[0.500000, 0.500000, 0.500000, 0.500000]</P>
  <P Name="ZoomFactor">180</P>
  <P Name="SimulinkSubDomain">Simulink</P>
  <Block BlockType="Inport" Name="pwm_target" SID="14344">
    <P Name="Position">[-10, 283, 25, 297]</P>
    <P Name="ZOrder">895</P>
    <P Name="ForegroundColor">red</P>
  </Block>
  <Block BlockType="Demux" Name="Demux" SID="14349">
    <P Name="Ports">[1, 4]</P>
    <P Name="Position">[130, 197, 135, 378]</P>
    <P Name="ZOrder">1461</P>
    <P Name="ForegroundColor">red</P>
    <P Name="ShowName">off</P>
  </Block>
  <Block BlockType="SubSystem" Name="Motor1" SID="14350">
    <P Name="Ports">[1, 1]</P>
    <P Name="Position">[360, 58, 495, 152]</P>
    <P Name="ZOrder">1695</P>
    <P Name="RequestExecContextInheritance">off</P>
    <System Ref="system_14350"/>
  </Block>
  <Block BlockType="SubSystem" Name="Motor2" SID="14615">
    <P Name="Ports">[1, 1]</P>
    <P Name="Position">[360, 173, 495, 267]</P>
    <P Name="ZOrder">1720</P>
    <P Name="RequestExecContextInheritance">off</P>
    <System Ref="system_14615"/>
  </Block>
  <Block BlockType="SubSystem" Name="Motor3" SID="14619">
    <P Name="Ports">[1, 1]</P>
    <P Name="Position">[360, 298, 495, 392]</P>
    <P Name="ZOrder">1721</P>
    <P Name="RequestExecContextInheritance">off</P>
    <System Ref="system_14619"/>
  </Block>
  <Block BlockType="SubSystem" Name="Motor4" SID="14610">
    <P Name="Ports">[1, 1]</P>
    <P Name="Position">[360, 418, 495, 512]</P>
    <P Name="ZOrder">1718</P>
    <P Name="RequestExecContextInheritance">off</P>
    <System Ref="system_14610"/>
  </Block>
  <Block BlockType="Mux" Name="Mux" SID="14614">
    <P Name="Ports">[4, 1]</P>
    <P Name="Position">[625, 206, 630, 349]</P>
    <P Name="ZOrder">1719</P>
    <P Name="ShowName">off</P>
    <P Name="DisplayOption">bar</P>
  </Block>
  <Block BlockType="Outport" Name="prop speed [rad/s]" SID="14425">
    <P Name="Position">[705, 273, 730, 287]</P>
    <P Name="ZOrder">897</P>
    <P Name="VectorParamsAs1DForOutWhenUnconnected">off</P>
  </Block>
  <Line>
    <P Name="ZOrder">1</P>
    <P Name="Src">14344#out:1</P>
    <P Name="Dst">14349#in:1</P>
  </Line>
  <Line>
    <P Name="ZOrder">47</P>
    <P Name="Src">14614#out:1</P>
    <P Name="Dst">14425#in:1</P>
  </Line>
  <Line>
    <P Name="ZOrder">64</P>
    <P Name="Src">14349#out:1</P>
    <P Name="Points">[115, 0; 0, -115]</P>
    <P Name="Dst">14350#in:1</P>
  </Line>
  <Line>
    <P Name="ZOrder">67</P>
    <P Name="Src">14349#out:4</P>
    <P Name="Points">[119, 0; 0, 110]</P>
    <P Name="Dst">14610#in:1</P>
  </Line>
  <Line>
    <P Name="ZOrder">66</P>
    <P Name="Src">14349#out:3</P>
    <P Name="Points">[159, 0; 0, 35]</P>
    <P Name="Dst">14619#in:1</P>
  </Line>
  <Line>
    <P Name="ZOrder">65</P>
    <P Name="Src">14349#out:2</P>
    <P Name="Points">[160, 0; 0, -45]</P>
    <P Name="Dst">14615#in:1</P>
  </Line>
  <Line>
    <P Name="ZOrder">51</P>
    <P Name="Src">14619#out:1</P>
    <P Name="Points">[39, 0; 0, -50]</P>
    <P Name="Dst">14614#in:3</P>
  </Line>
  <Line>
    <P Name="ZOrder">43</P>
    <P Name="Src">14610#out:1</P>
    <P Name="Points">[73, 0; 0, -135]</P>
    <P Name="Dst">14614#in:4</P>
  </Line>
  <Line>
    <P Name="ZOrder">49</P>
    <P Name="Src">14615#out:1</P>
    <P Name="Points">[36, 0; 0, 40]</P>
    <P Name="Dst">14614#in:2</P>
  </Line>
  <Line>
    <P Name="ZOrder">45</P>
    <P Name="Src">14350#out:1</P>
    <P Name="Points">[82, 0; 0, 120]</P>
    <P Name="Dst">14614#in:1</P>
  </Line>
</System>
