<?xml version="1.0" encoding="utf-8"?>
<System>
  <P Name="Location">[-7, -7, 1543, 831]</P>
  <P Name="SystemRect">[0.000000, 0.000000, 0.000000, 0.000000]</P>
  <P Name="SetExecutionDomain">off</P>
  <P Name="ExecutionDomainType">Deduce</P>
  <P Name="PaperType">usletter</P>
  <P Name="PaperUnits">inches</P>
  <P Name="TiledPaperMargins">[0.500000, 0.500000, 0.500000, 0.500000]</P>
  <P Name="ZoomFactor">239</P>
  <P Name="SimulinkSubDomain">Simulink</P>
  <Block BlockType="SubSystem" Name="UDP link" SID="16109">
    <P Name="Ports">[0, 1]</P>
    <P Name="Position">[645, 235, 745, 425]</P>
    <P Name="ZOrder">-18</P>
    <P Name="RequestExecContextInheritance">off</P>
    <System Ref="system_16109"/>
  </Block>
  <Block BlockType="Outport" Name="optitrack" SID="16169">
    <P Name="Position">[840, 323, 870, 337]</P>
    <P Name="ZOrder">1333</P>
    <P Name="OutDataTypeStr">Bus: BUS_optitrack</P>
    <P Name="VectorParamsAs1DForOutWhenUnconnected">off</P>
  </Block>
  <Line>
    <P Name="ZOrder">3</P>
    <P Name="Src">16109#out:1</P>
    <P Name="Dst">16169#in:1</P>
  </Line>
</System>
