<?xml version="1.0" encoding="utf-8"?>
<System>
  <P Name="Location">[156, 90, 1423, 768]</P>
  <P Name="SystemRect">[0.000000, 0.000000, 0.000000, 0.000000]</P>
  <P Name="SetExecutionDomain">off</P>
  <P Name="ExecutionDomainType">Deduce</P>
  <P Name="PaperType">usletter</P>
  <P Name="PaperUnits">inches</P>
  <P Name="TiledPaperMargins">[0.500000, 0.500000, 0.500000, 0.500000]</P>
  <P Name="ZoomFactor">175</P>
  <P Name="SimulinkSubDomain">Simulink</P>
  <Block BlockType="Inport" Name="PWM" SID="14620">
    <P Name="Position">[110, 103, 140, 117]</P>
    <P Name="ZOrder">1544</P>
  </Block>
  <Block BlockType="Reference" Name="Bebop drive" SID="14621">
    <P Name="Ports">[1, 1]</P>
    <P Name="Position">[240, 63, 325, 157]</P>
    <P Name="ZOrder">1570</P>
    <P Name="LibraryVersion">1.39</P>
    <P Name="SourceBlock">lib_isae_drones/Bebop drive</P>
    <P Name="SourceType"/>
    <P Name="SourceProductName">ISAE drones</P>
    <InstanceData>
      <P Name="RTWMemSecFuncInitTerm">Inherit from model</P>
      <P Name="RTWMemSecFuncExecute">Inherit from model</P>
      <P Name="RTWMemSecDataConstants">Inherit from model</P>
      <P Name="RTWMemSecDataInternal">Inherit from model</P>
      <P Name="RTWMemSecDataParameters">Inherit from model</P>
      <P Name="ContentPreviewEnabled">off</P>
      <P Name="Time_constant">motor.tau_mot</P>
      <P Name="coef_pwm2w">motor.scaling</P>
      <P Name="omega_0">motor.w0</P>
      <P Name="omega_max">motor.wmax</P>
    </InstanceData>
  </Block>
  <Block BlockType="Outport" Name="speed" SID="14622">
    <P Name="Position">[445, 105, 470, 115]</P>
    <P Name="ZOrder">1550</P>
    <P Name="NameLocation">top</P>
    <P Name="VectorParamsAs1DForOutWhenUnconnected">off</P>
  </Block>
  <Line>
    <P Name="ZOrder">1</P>
    <P Name="Src">14621#out:1</P>
    <P Name="Dst">14622#in:1</P>
  </Line>
  <Line>
    <P Name="ZOrder">2</P>
    <P Name="Src">14620#out:1</P>
    <P Name="Dst">14621#in:1</P>
  </Line>
</System>
