<?xml version="1.0" encoding="utf-8"?>
<System>
  <P Name="Location">[-7, -7, 1543, 831]</P>
  <P Name="SystemRect">[0.000000, 0.000000, 0.000000, 0.000000]</P>
  <P Name="SetExecutionDomain">off</P>
  <P Name="ExecutionDomainType">Deduce</P>
  <P Name="PaperType">usletter</P>
  <P Name="PaperUnits">inches</P>
  <P Name="TiledPaperMargins">[0.500000, 0.500000, 0.500000, 0.500000]</P>
  <P Name="ZoomFactor">149</P>
  <P Name="SimulinkSubDomain">Simulink</P>
  <Block BlockType="Sum" Name="Add" SID="16143">
    <P Name="Ports">[2, 1]</P>
    <P Name="Position">[100, 130, 120, 150]</P>
    <P Name="ZOrder">4757</P>
    <P Name="Inputs">++|</P>
  </Block>
  <Block BlockType="BusSelector" Name="Bus&#xA;Selector1" SID="16144">
    <P Name="Ports">[1, 4]</P>
    <P Name="Position">[55, 125, 60, 245]</P>
    <P Name="ZOrder">4742</P>
    <P Name="ShowName">off</P>
    <P Name="OutputSignals">Pose.Orientation.W,Pose.Orientation.X,Pose.Orientation.Y,Pose.Orientation.Z</P>
    <Port>
      <P Name="PortNumber">1</P>
      <P Name="Name">&lt;W&gt;</P>
    </Port>
    <Port>
      <P Name="PortNumber">2</P>
      <P Name="Name">&lt;X&gt;</P>
    </Port>
    <Port>
      <P Name="PortNumber">3</P>
      <P Name="Name">&lt;Y&gt;</P>
    </Port>
    <Port>
      <P Name="PortNumber">4</P>
      <P Name="Name">&lt;Z&gt;</P>
    </Port>
  </Block>
  <Block BlockType="BusSelector" Name="Bus&#xA;Selector2" SID="16145">
    <P Name="Ports">[1, 3]</P>
    <P Name="Position">[80, -23, 85, 33]</P>
    <P Name="ZOrder">4730</P>
    <P Name="ShowName">off</P>
    <P Name="OutputSignals">Pose.Position.X,Pose.Position.Y,Pose.Position.Z</P>
    <Port>
      <P Name="PortNumber">1</P>
      <P Name="Name">&lt;X&gt;</P>
    </Port>
    <Port>
      <P Name="PortNumber">2</P>
      <P Name="Name">&lt;Y&gt;</P>
    </Port>
    <Port>
      <P Name="PortNumber">3</P>
      <P Name="Name">&lt;Z&gt;</P>
    </Port>
  </Block>
  <Block BlockType="SubSystem" Name="Computes velocities" SID="16146">
    <P Name="Ports">[1, 1]</P>
    <P Name="Position">[150, 44, 250, 86]</P>
    <P Name="ZOrder">4733</P>
    <P Name="TreatAsAtomicUnit">on</P>
    <P Name="RequestExecContextInheritance">off</P>
    <System Ref="system_16146"/>
  </Block>
  <Block BlockType="Constant" Name="Constant" SID="16150">
    <P Name="Position">[70, 97, 95, 113]</P>
    <P Name="ZOrder">4758</P>
    <P Name="Value">1e-9</P>
    <P Name="SampleTime">-1</P>
  </Block>
  <Block BlockType="Demux" Name="Demux" SID="16151">
    <P Name="Ports">[1, 3]</P>
    <P Name="Position">[310, 31, 315, 99]</P>
    <P Name="ZOrder">4734</P>
    <P Name="ShowName">off</P>
    <P Name="Outputs">3</P>
  </Block>
  <Block BlockType="Demux" Name="Demux2" SID="16152">
    <P Name="Ports">[1, 3]</P>
    <P Name="Position">[390, 166, 395, 204]</P>
    <P Name="ZOrder">4746</P>
    <P Name="ShowName">off</P>
    <P Name="Outputs">3</P>
  </Block>
  <Block BlockType="Gain" Name="Gain1" SID="16153">
    <P Name="Position">[110, 185, 140, 215]</P>
    <P Name="ZOrder">54127</P>
    <P Name="Gain">-1</P>
  </Block>
  <Block BlockType="Gain" Name="Gain2" SID="16154">
    <P Name="Position">[170, 215, 200, 245]</P>
    <P Name="ZOrder">54128</P>
    <P Name="Gain">-1</P>
  </Block>
  <Block BlockType="Gain" Name="Gain3" SID="16155">
    <P Name="Position">[390, 70, 420, 100]</P>
    <P Name="ZOrder">54129</P>
    <P Name="Gain">-1</P>
  </Block>
  <Block BlockType="Gain" Name="Gain4" SID="16156">
    <P Name="Position">[340, 50, 370, 80]</P>
    <P Name="ZOrder">54130</P>
    <P Name="Gain">-1</P>
  </Block>
  <Block BlockType="Gain" Name="Gain5" SID="16157">
    <P Name="Position">[205, 10, 235, 40]</P>
    <P Name="ZOrder">54131</P>
    <P Name="Gain">-1</P>
  </Block>
  <Block BlockType="Gain" Name="Gain6" SID="16158">
    <P Name="Position">[135, -10, 165, 20]</P>
    <P Name="ZOrder">54132</P>
    <P Name="Gain">-1</P>
  </Block>
  <Block BlockType="Mux" Name="Mux" SID="16159">
    <P Name="Ports">[6, 1]</P>
    <P Name="Position">[450, -27, 455, 97]</P>
    <P Name="ZOrder">4731</P>
    <P Name="ShowName">off</P>
    <P Name="Inputs">6</P>
    <P Name="DisplayOption">bar</P>
  </Block>
  <Block BlockType="Mux" Name="Mux1" SID="16160">
    <P Name="Ports">[4, 1]</P>
    <P Name="Position">[220, 123, 225, 247]</P>
    <P Name="ZOrder">4743</P>
    <P Name="ShowName">off</P>
    <P Name="DisplayOption">bar</P>
  </Block>
  <Block BlockType="Mux" Name="Mux2" SID="16161">
    <P Name="Ports">[3, 1]</P>
    <P Name="Position">[450, 130, 455, 220]</P>
    <P Name="ZOrder">4744</P>
    <P Name="ShowName">off</P>
    <P Name="Inputs">3</P>
    <P Name="DisplayOption">bar</P>
  </Block>
  <Block BlockType="Reference" Name="Quaternions to Rotation Angles" SID="16162">
    <P Name="Ports">[1, 1]</P>
    <P Name="Position">[260, 164, 360, 206]</P>
    <P Name="ZOrder">4745</P>
    <P Name="AttributesFormatString">Rotation Order: %&lt;rotationOrder&gt;</P>
    <P Name="LibraryVersion">5.0</P>
    <P Name="SourceBlock">sharedtransform/Quaternions to Rotation Angles</P>
    <P Name="SourceType">Quat2Ang</P>
    <P Name="SourceProductBaseCode">AE,PW,DR,MT,UV,VE</P>
    <InstanceData>
      <P Name="RTWMemSecFuncInitTerm">Inherit from model</P>
      <P Name="RTWMemSecFuncExecute">Inherit from model</P>
      <P Name="RTWMemSecDataConstants">Inherit from model</P>
      <P Name="RTWMemSecDataInternal">Inherit from model</P>
      <P Name="RTWMemSecDataParameters">Inherit from model</P>
      <P Name="ContentPreviewEnabled">off</P>
      <P Name="rotationOrder">ZYX</P>
      <P Name="aMode">aMode</P>
    </InstanceData>
  </Block>
  <Block BlockType="Reference" Name="Subscribe2" SID="16163">
    <P Name="Ports">[0, 2]</P>
    <P Name="Position">[-200, -39, -20, 19]</P>
    <P Name="ZOrder">4727</P>
    <P Name="LibraryVersion">1.389</P>
    <P Name="SourceBlock">robotlib/Subscribe</P>
    <P Name="SourceType">ROS Subscribe</P>
    <P Name="SourceProductBaseCode">RR</P>
    <InstanceData>
      <P Name="RTWMemSecFuncInitTerm">Inherit from model</P>
      <P Name="RTWMemSecFuncExecute">Inherit from model</P>
      <P Name="RTWMemSecDataConstants">Inherit from model</P>
      <P Name="RTWMemSecDataInternal">Inherit from model</P>
      <P Name="RTWMemSecDataParameters">Inherit from model</P>
      <P Name="ContentPreviewEnabled">off</P>
      <P Name="topicSource">Select from ROS network</P>
      <P Name="topic">/bebop/pose</P>
      <P Name="messageType">geometry_msgs/PoseStamped</P>
      <P Name="SampleTime">Te</P>
      <P Name="legacyBusStruct">off</P>
      <P Name="messageQueueLength">1</P>
    </InstanceData>
  </Block>
  <Block BlockType="Outport" Name="pos_vel_OT" SID="16164">
    <P Name="Position">[510, 28, 540, 42]</P>
    <P Name="ZOrder">4729</P>
    <P Name="VectorParamsAs1DForOutWhenUnconnected">off</P>
  </Block>
  <Block BlockType="Outport" Name="att_eul_OT" SID="16165">
    <P Name="Position">[510, 168, 540, 182]</P>
    <P Name="ZOrder">4740</P>
    <P Name="Port">2</P>
    <P Name="VectorParamsAs1DForOutWhenUnconnected">off</P>
  </Block>
  <Line>
    <P Name="ZOrder">1</P>
    <P Name="Src">16158#out:1</P>
    <P Name="Dst">16159#in:2</P>
  </Line>
  <Line>
    <P Name="ZOrder">2</P>
    <P Name="Src">16157#out:1</P>
    <P Name="Dst">16159#in:3</P>
  </Line>
  <Line>
    <P Name="ZOrder">3</P>
    <P Name="Src">16156#out:1</P>
    <P Name="Dst">16159#in:5</P>
  </Line>
  <Line>
    <P Name="ZOrder">4</P>
    <P Name="Src">16155#out:1</P>
    <P Name="Dst">16159#in:6</P>
  </Line>
  <Line>
    <P Name="ZOrder">5</P>
    <P Name="Src">16154#out:1</P>
    <P Name="Dst">16160#in:4</P>
  </Line>
  <Line>
    <P Name="ZOrder">6</P>
    <P Name="Src">16153#out:1</P>
    <P Name="Dst">16160#in:3</P>
  </Line>
  <Line>
    <P Name="ZOrder">7</P>
    <P Name="Src">16159#out:1</P>
    <P Name="Dst">16164#in:1</P>
  </Line>
  <Line>
    <P Name="Name">&lt;X&gt;</P>
    <P Name="ZOrder">8</P>
    <P Name="Labels">[0, 0]</P>
    <P Name="Src">16145#out:1</P>
    <P Name="Dst">16159#in:1</P>
  </Line>
  <Line>
    <P Name="Name">&lt;Y&gt;</P>
    <P Name="ZOrder">9</P>
    <P Name="Labels">[0, 0]</P>
    <P Name="Src">16145#out:2</P>
    <P Name="Dst">16158#in:1</P>
  </Line>
  <Line>
    <P Name="Name">&lt;Z&gt;</P>
    <P Name="ZOrder">10</P>
    <P Name="Labels">[0, 0]</P>
    <P Name="Src">16145#out:3</P>
    <P Name="Dst">16157#in:1</P>
  </Line>
  <Line>
    <P Name="ZOrder">11</P>
    <P Name="Src">16146#out:1</P>
    <P Name="Dst">16151#in:1</P>
  </Line>
  <Line>
    <P Name="ZOrder">12</P>
    <P Name="Src">16151#out:1</P>
    <P Name="Dst">16159#in:4</P>
  </Line>
  <Line>
    <P Name="ZOrder">13</P>
    <P Name="Src">16151#out:2</P>
    <P Name="Dst">16156#in:1</P>
  </Line>
  <Line>
    <P Name="ZOrder">14</P>
    <P Name="Src">16151#out:3</P>
    <P Name="Dst">16155#in:1</P>
  </Line>
  <Line>
    <P Name="ZOrder">15</P>
    <P Name="Src">16160#out:1</P>
    <P Name="Dst">16162#in:1</P>
  </Line>
  <Line>
    <P Name="ZOrder">16</P>
    <P Name="Src">16152#out:2</P>
    <P Name="Points">[35, 0]</P>
    <P Name="Dst">16161#in:2</P>
  </Line>
  <Line>
    <P Name="ZOrder">17</P>
    <P Name="Src">16152#out:1</P>
    <P Name="Points">[31, 0; 0, 24; 4, 0]</P>
    <P Name="Dst">16161#in:3</P>
  </Line>
  <Line>
    <P Name="ZOrder">18</P>
    <P Name="Src">16152#out:3</P>
    <P Name="Points">[26, 0; 0, -50]</P>
    <P Name="Dst">16161#in:1</P>
  </Line>
  <Line>
    <P Name="ZOrder">19</P>
    <P Name="Src">16162#out:1</P>
    <P Name="Dst">16152#in:1</P>
  </Line>
  <Line>
    <P Name="ZOrder">20</P>
    <P Name="Src">16161#out:1</P>
    <P Name="Dst">16165#in:1</P>
  </Line>
  <Line>
    <P Name="Name">&lt;Y&gt;</P>
    <P Name="ZOrder">21</P>
    <P Name="Labels">[0, 0]</P>
    <P Name="Src">16144#out:3</P>
    <P Name="Dst">16153#in:1</P>
  </Line>
  <Line>
    <P Name="Name">&lt;X&gt;</P>
    <P Name="ZOrder">22</P>
    <P Name="Labels">[0, 0]</P>
    <P Name="Src">16144#out:2</P>
    <P Name="Dst">16160#in:2</P>
  </Line>
  <Line>
    <P Name="Name">&lt;Z&gt;</P>
    <P Name="ZOrder">23</P>
    <P Name="Labels">[0, 0]</P>
    <P Name="Src">16144#out:4</P>
    <P Name="Dst">16154#in:1</P>
  </Line>
  <Line>
    <P Name="Name">&lt;W&gt;</P>
    <P Name="ZOrder">24</P>
    <P Name="Labels">[0, 0]</P>
    <P Name="Src">16144#out:1</P>
    <P Name="Dst">16143#in:2</P>
  </Line>
  <Line>
    <P Name="ZOrder">25</P>
    <P Name="Src">16150#out:1</P>
    <P Name="Points">[10, 0]</P>
    <P Name="Dst">16143#in:1</P>
  </Line>
  <Line>
    <P Name="ZOrder">26</P>
    <P Name="Src">16143#out:1</P>
    <P Name="Dst">16160#in:1</P>
  </Line>
  <Line>
    <P Name="ZOrder">27</P>
    <P Name="Src">16163#out:2</P>
    <P Name="Points">[49, 0]</P>
    <Branch>
      <P Name="ZOrder">28</P>
      <P Name="Points">[0, 60]</P>
      <Branch>
        <P Name="ZOrder">29</P>
        <P Name="Points">[0, 120]</P>
        <P Name="Dst">16144#in:1</P>
      </Branch>
      <Branch>
        <P Name="ZOrder">30</P>
        <P Name="Dst">16146#in:1</P>
      </Branch>
    </Branch>
    <Branch>
      <P Name="ZOrder">31</P>
      <P Name="Dst">16145#in:1</P>
    </Branch>
  </Line>
</System>
