<?xml version="1.0" encoding="utf-8"?>
<System>
  <P Name="Location">[-7, -7, 1543, 831]</P>
  <P Name="SystemRect">[0.000000, 0.000000, 0.000000, 0.000000]</P>
  <P Name="SetExecutionDomain">off</P>
  <P Name="ExecutionDomainType">Deduce</P>
  <P Name="PaperType">usletter</P>
  <P Name="PaperUnits">inches</P>
  <P Name="TiledPaperMargins">[0.500000, 0.500000, 0.500000, 0.500000]</P>
  <P Name="ZoomFactor">94</P>
  <P Name="SimulinkSubDomain">Simulink</P>
  <Block BlockType="Inport" Name="linear.X" SID="13871">
    <P Name="Position">[175, -47, 205, -33]</P>
    <P Name="ZOrder">396</P>
  </Block>
  <Block BlockType="Inport" Name="Linera.Y" SID="13872">
    <P Name="Position">[175, -2, 205, 12]</P>
    <P Name="ZOrder">397</P>
    <P Name="Port">2</P>
  </Block>
  <Block BlockType="Inport" Name="linera.Z" SID="13873">
    <P Name="Position">[235, 43, 265, 57]</P>
    <P Name="ZOrder">398</P>
    <P Name="Port">3</P>
  </Block>
  <Block BlockType="Inport" Name="Angular.Z" SID="13874">
    <P Name="Position">[235, 88, 265, 102]</P>
    <P Name="ZOrder">399</P>
    <P Name="Port">4</P>
  </Block>
  <Block BlockType="Inport" Name="Camera.vertical angle" SID="14964">
    <P Name="Position">[200, 268, 230, 282]</P>
    <P Name="ZOrder">836</P>
    <P Name="Port">5</P>
  </Block>
  <Block BlockType="Inport" Name="Camera.horizontal angle" SID="14965">
    <P Name="Position">[200, 303, 230, 317]</P>
    <P Name="ZOrder">837</P>
    <P Name="Port">6</P>
  </Block>
  <Block BlockType="Inport" Name="Order.takeOff" SID="14967">
    <P Name="Position">[220, 413, 250, 427]</P>
    <P Name="ZOrder">839</P>
    <P Name="Port">7</P>
  </Block>
  <Block BlockType="Inport" Name="Order.Land" SID="14968">
    <P Name="Position">[220, 473, 250, 487]</P>
    <P Name="ZOrder">840</P>
    <P Name="Port">8</P>
  </Block>
  <Block BlockType="Reference" Name="Blank Message" SID="13875">
    <P Name="Ports">[0, 1]</P>
    <P Name="Position">[-5, -118, 125, -52]</P>
    <P Name="ZOrder">394</P>
    <P Name="LibraryVersion">1.389</P>
    <P Name="SourceBlock">robotlib/Blank Message</P>
    <P Name="SourceType">ROS Blank Message</P>
    <P Name="SourceProductBaseCode">RR</P>
    <InstanceData>
      <P Name="RTWMemSecFuncInitTerm">Inherit from model</P>
      <P Name="RTWMemSecFuncExecute">Inherit from model</P>
      <P Name="RTWMemSecDataConstants">Inherit from model</P>
      <P Name="RTWMemSecDataInternal">Inherit from model</P>
      <P Name="RTWMemSecDataParameters">Inherit from model</P>
      <P Name="ContentPreviewEnabled">off</P>
      <P Name="messageClass">Message</P>
      <P Name="entityType">geometry_msgs/Twist</P>
      <P Name="messageType">geometry_msgs/Twist</P>
      <P Name="SampleTime">-1</P>
      <P Name="legacyBusStruct">off</P>
    </InstanceData>
  </Block>
  <Block BlockType="Reference" Name="Blank Message1" SID="13876">
    <P Name="Ports">[0, 1]</P>
    <P Name="Position">[160, 172, 290, 238]</P>
    <P Name="ZOrder">402</P>
    <P Name="LibraryVersion">1.389</P>
    <P Name="SourceBlock">robotlib/Blank Message</P>
    <P Name="SourceType">ROS Blank Message</P>
    <P Name="SourceProductBaseCode">RR</P>
    <InstanceData>
      <P Name="RTWMemSecFuncInitTerm">Inherit from model</P>
      <P Name="RTWMemSecFuncExecute">Inherit from model</P>
      <P Name="RTWMemSecDataConstants">Inherit from model</P>
      <P Name="RTWMemSecDataInternal">Inherit from model</P>
      <P Name="RTWMemSecDataParameters">Inherit from model</P>
      <P Name="ContentPreviewEnabled">off</P>
      <P Name="messageClass">Message</P>
      <P Name="entityType">geometry_msgs/Twist</P>
      <P Name="messageType">geometry_msgs/Twist</P>
      <P Name="SampleTime">-1</P>
      <P Name="legacyBusStruct">off</P>
    </InstanceData>
  </Block>
  <Block BlockType="BusAssignment" Name="Bus&#xA;Assignment" SID="13877">
    <P Name="Ports">[5, 1]</P>
    <P Name="Position">[480, -106, 595, 116]</P>
    <P Name="ZOrder">395</P>
    <P Name="AssignedSignals">Linear.X,Linear.Y,Linear.Z,Angular.Z</P>
  </Block>
  <Block BlockType="BusAssignment" Name="Bus&#xA;Assignment1" SID="13878">
    <P Name="Ports">[4, 1]</P>
    <P Name="Position">[360, 186, 445, 329]</P>
    <P Name="ZOrder">401</P>
    <P Name="AssignedSignals">Angular.X,Angular.Y,Angular.Z</P>
  </Block>
  <Block BlockType="DataTypeConversion" Name="Data Type Conversion" SID="14895">
    <P Name="Position">[360, -50, 425, -30]</P>
    <P Name="ZOrder">832</P>
    <P Name="OutDataTypeStr">double</P>
    <P Name="RndMeth">Floor</P>
    <P Name="SaturateOnIntegerOverflow">off</P>
  </Block>
  <Block BlockType="DataTypeConversion" Name="Data Type Conversion1" SID="14896">
    <P Name="Position">[360, -5, 425, 15]</P>
    <P Name="ZOrder">833</P>
    <P Name="OutDataTypeStr">double</P>
    <P Name="RndMeth">Floor</P>
    <P Name="SaturateOnIntegerOverflow">off</P>
  </Block>
  <Block BlockType="DataTypeConversion" Name="Data Type Conversion2" SID="14897">
    <P Name="Position">[360, 40, 425, 60]</P>
    <P Name="ZOrder">834</P>
    <P Name="OutDataTypeStr">double</P>
    <P Name="RndMeth">Floor</P>
    <P Name="SaturateOnIntegerOverflow">off</P>
  </Block>
  <Block BlockType="DataTypeConversion" Name="Data Type Conversion3" SID="14898">
    <P Name="Position">[360, 85, 425, 105]</P>
    <P Name="ZOrder">835</P>
    <P Name="OutDataTypeStr">double</P>
    <P Name="RndMeth">Floor</P>
    <P Name="SaturateOnIntegerOverflow">off</P>
  </Block>
  <Block BlockType="SubSystem" Name="Land topic" SID="13883">
    <P Name="Ports">[0, 0, 1]</P>
    <P Name="Position">[580, 499, 680, 541]</P>
    <P Name="ZOrder">409</P>
    <P Name="TreatAsAtomicUnit">on</P>
    <P Name="RequestExecContextInheritance">off</P>
    <System Ref="system_13883"/>
  </Block>
  <Block BlockType="SubSystem" Name="MATLAB Function" SID="14972">
    <P Name="Ports">[2, 2]</P>
    <P Name="Position">[360, 389, 440, 511]</P>
    <P Name="ZOrder">844</P>
    <P Name="ErrorFcn">Stateflow.Translate.translate</P>
    <P Name="PermitHierarchicalResolution">ExplicitOnly</P>
    <P Name="TreatAsAtomicUnit">on</P>
    <P Name="RequestExecContextInheritance">off</P>
    <P Name="SFBlockType">MATLAB Function</P>
    <System Ref="system_14972"/>
  </Block>
  <Block BlockType="Reference" Name="Publish1" SID="13887">
    <P Name="Ports">[1]</P>
    <P Name="Position">[655, -28, 785, 38]</P>
    <P Name="ZOrder">386</P>
    <P Name="LibraryVersion">1.389</P>
    <P Name="SourceBlock">robotlib/Publish</P>
    <P Name="SourceType">ROS Publish</P>
    <P Name="SourceProductBaseCode">RR</P>
    <InstanceData>
      <P Name="RTWMemSecFuncInitTerm">Inherit from model</P>
      <P Name="RTWMemSecFuncExecute">Inherit from model</P>
      <P Name="RTWMemSecDataConstants">Inherit from model</P>
      <P Name="RTWMemSecDataInternal">Inherit from model</P>
      <P Name="RTWMemSecDataParameters">Inherit from model</P>
      <P Name="ContentPreviewEnabled">off</P>
      <P Name="topicSource">Select from ROS network</P>
      <P Name="topic">/bebop/cmd_vel</P>
      <P Name="messageType">geometry_msgs/Twist</P>
      <P Name="legacyBusStruct">off</P>
      <P Name="messageQueueLength">1</P>
    </InstanceData>
  </Block>
  <Block BlockType="Reference" Name="Publish2" SID="13888">
    <P Name="Ports">[1]</P>
    <P Name="Position">[505, 227, 635, 293]</P>
    <P Name="ZOrder">400</P>
    <P Name="LibraryVersion">1.389</P>
    <P Name="SourceBlock">robotlib/Publish</P>
    <P Name="SourceType">ROS Publish</P>
    <P Name="SourceProductBaseCode">RR</P>
    <InstanceData>
      <P Name="RTWMemSecFuncInitTerm">Inherit from model</P>
      <P Name="RTWMemSecFuncExecute">Inherit from model</P>
      <P Name="RTWMemSecDataConstants">Inherit from model</P>
      <P Name="RTWMemSecDataInternal">Inherit from model</P>
      <P Name="RTWMemSecDataParameters">Inherit from model</P>
      <P Name="ContentPreviewEnabled">off</P>
      <P Name="topicSource">Select from ROS network</P>
      <P Name="topic">/bebop/camera_control</P>
      <P Name="messageType">geometry_msgs/Twist</P>
      <P Name="legacyBusStruct">off</P>
      <P Name="messageQueueLength">1</P>
    </InstanceData>
  </Block>
  <Block BlockType="RateTransition" Name="Rate Transition" SID="14973">
    <P Name="Position">[495, 399, 535, 441]</P>
    <P Name="ZOrder">845</P>
    <P Name="OutPortSampleTime">Te_topics_empty</P>
  </Block>
  <Block BlockType="RateTransition" Name="Rate Transition1" SID="14974">
    <P Name="Position">[505, 459, 545, 501]</P>
    <P Name="ZOrder">846</P>
    <P Name="OutPortSampleTime">Te_topics_empty</P>
  </Block>
  <Block BlockType="ZeroOrderHold" Name="Zero-Order&#xA;Hold" SID="14969">
    <P Name="Position">[295, 405, 330, 435]</P>
    <P Name="ZOrder">841</P>
    <P Name="SampleTime">5*Te_topics_empty</P>
  </Block>
  <Block BlockType="ZeroOrderHold" Name="Zero-Order&#xA;Hold1" SID="14970">
    <P Name="Position">[295, 465, 330, 495]</P>
    <P Name="ZOrder">842</P>
    <P Name="SampleTime">5*Te_topics_empty</P>
  </Block>
  <Block BlockType="SubSystem" Name="takeoff topic" SID="13889">
    <P Name="Ports">[0, 0, 1]</P>
    <P Name="Position">[655, 434, 760, 476]</P>
    <P Name="ZOrder">408</P>
    <P Name="RequestExecContextInheritance">off</P>
    <System Ref="system_13889"/>
  </Block>
  <Line>
    <P Name="ZOrder">1</P>
    <P Name="Src">13877#out:1</P>
    <P Name="Dst">13887#in:1</P>
  </Line>
  <Line>
    <P Name="ZOrder">2</P>
    <P Name="Src">13874#out:1</P>
    <P Name="Dst">14898#in:1</P>
  </Line>
  <Line>
    <P Name="ZOrder">3</P>
    <P Name="Src">13873#out:1</P>
    <P Name="Dst">14897#in:1</P>
  </Line>
  <Line>
    <P Name="ZOrder">4</P>
    <P Name="Src">13871#out:1</P>
    <P Name="Dst">14895#in:1</P>
  </Line>
  <Line>
    <P Name="ZOrder">5</P>
    <P Name="Src">13872#out:1</P>
    <P Name="Dst">14896#in:1</P>
  </Line>
  <Line>
    <P Name="ZOrder">6</P>
    <P Name="Src">13875#out:1</P>
    <P Name="Dst">13877#in:1</P>
  </Line>
  <Line>
    <P Name="ZOrder">7</P>
    <P Name="Src">13878#out:1</P>
    <P Name="Dst">13888#in:1</P>
  </Line>
  <Line>
    <P Name="ZOrder">8</P>
    <P Name="Src">13876#out:1</P>
    <P Name="Dst">13878#in:1</P>
  </Line>
  <Line>
    <P Name="ZOrder">28</P>
    <P Name="Src">14964#out:1</P>
    <P Name="Dst">13878#in:3</P>
  </Line>
  <Line>
    <P Name="ZOrder">29</P>
    <P Name="Src">14965#out:1</P>
    <P Name="Dst">13878#in:4</P>
  </Line>
  <Line>
    <P Name="ZOrder">34</P>
    <P Name="Src">14972#out:1</P>
    <P Name="Dst">14973#in:1</P>
  </Line>
  <Line>
    <P Name="ZOrder">35</P>
    <P Name="Src">14972#out:2</P>
    <P Name="Dst">14974#in:1</P>
  </Line>
  <Line>
    <P Name="ZOrder">24</P>
    <P Name="Src">14895#out:1</P>
    <P Name="Dst">13877#in:2</P>
  </Line>
  <Line>
    <P Name="ZOrder">25</P>
    <P Name="Src">14896#out:1</P>
    <P Name="Dst">13877#in:3</P>
  </Line>
  <Line>
    <P Name="ZOrder">26</P>
    <P Name="Src">14897#out:1</P>
    <P Name="Dst">13877#in:4</P>
  </Line>
  <Line>
    <P Name="ZOrder">27</P>
    <P Name="Src">14898#out:1</P>
    <P Name="Dst">13877#in:5</P>
  </Line>
  <Line>
    <P Name="ZOrder">30</P>
    <P Name="Src">14967#out:1</P>
    <P Name="Dst">14969#in:1</P>
  </Line>
  <Line>
    <P Name="ZOrder">31</P>
    <P Name="Src">14968#out:1</P>
    <P Name="Dst">14970#in:1</P>
  </Line>
  <Line>
    <P Name="ZOrder">32</P>
    <P Name="Src">14969#out:1</P>
    <P Name="Dst">14972#in:1</P>
  </Line>
  <Line>
    <P Name="ZOrder">33</P>
    <P Name="Src">14970#out:1</P>
    <P Name="Dst">14972#in:2</P>
  </Line>
  <Line>
    <P Name="ZOrder">44</P>
    <P Name="Src">14973#out:1</P>
    <P Name="Points">[165, 0]</P>
    <P Name="Dst">13889#enable</P>
  </Line>
  <Line>
    <P Name="ZOrder">45</P>
    <P Name="Src">14974#out:1</P>
    <P Name="Points">[80, 0]</P>
    <P Name="Dst">13883#enable</P>
  </Line>
</System>
