<?xml version="1.0" encoding="utf-8"?>
<System>
  <P Name="Location">[-7, -7, 1543, 831]</P>
  <P Name="SystemRect">[0.000000, 0.000000, 0.000000, 0.000000]</P>
  <P Name="SetExecutionDomain">off</P>
  <P Name="ExecutionDomainType">Deduce</P>
  <P Name="SimulinkSubDomain">Simulink</P>
  <Block BlockType="Inport" Name="pos_att_NED" SID="13304">
    <P Name="Position">[-30, 50, -10, 70]</P>
    <P Name="ZOrder">-1</P>
  </Block>
  <Block BlockType="SubSystem" Name="3D disabled" SID="13334">
    <P Name="Ports">[]</P>
    <P Name="Position">[100, 131, 165, 209]</P>
    <P Name="ZOrder">1669</P>
    <P Name="RequestExecContextInheritance">off</P>
    <P Name="VariantControl">EXPERIMENT_MODE</P>
    <System Ref="system_13334"/>
  </Block>
  <Block BlockType="SubSystem" Name="Simulink 3D" SID="5439">
    <P Name="Ports">[1]</P>
    <P Name="Position">[100, 51, 175, 99]</P>
    <P Name="ZOrder">852</P>
    <P Name="RequestExecContextInheritance">off</P>
    <P Name="VariantControl">SIMULATION_MODE</P>
    <Mask>
      <Display/>
    </Mask>
    <System Ref="system_5439"/>
  </Block>
</System>
