<?xml version="1.0" encoding="utf-8"?>
<System>
  <P Name="Location">[-7, -7, 1543, 831]</P>
  <P Name="SystemRect">[0.000000, 0.000000, 0.000000, 0.000000]</P>
  <P Name="SetExecutionDomain">off</P>
  <P Name="ExecutionDomainType">Deduce</P>
  <P Name="ZoomFactor">234</P>
  <P Name="SimulinkSubDomain">Simulink</P>
  <Block BlockType="Inport" Name="Position" SID="9816">
    <P Name="Position">[-420, -372, -390, -358]</P>
    <P Name="ZOrder">860</P>
  </Block>
  <Block BlockType="Inport" Name="Velocity" SID="9817">
    <P Name="Position">[-420, -312, -390, -298]</P>
    <P Name="ZOrder">-2</P>
    <P Name="Port">2</P>
  </Block>
  <Block BlockType="Inport" Name="Attitude" SID="9818">
    <P Name="Position">[-420, -252, -390, -238]</P>
    <P Name="ZOrder">-4</P>
    <P Name="Port">3</P>
  </Block>
  <Block BlockType="Inport" Name="Omega" SID="9819">
    <P Name="Position">[-420, -192, -390, -178]</P>
    <P Name="ZOrder">-3</P>
    <P Name="Port">4</P>
  </Block>
  <Block BlockType="BusCreator" Name="Bus&#xA;Creator" SID="16407">
    <P Name="Ports">[12, 1]</P>
    <P Name="Position">[-180, -411, -175, -139]</P>
    <P Name="ZOrder">1421</P>
    <P Name="ShowName">off</P>
    <P Name="Inputs">12</P>
    <P Name="DisplayOption">bar</P>
    <P Name="OutDataTypeStr">Bus: BUS_bebop_pos_att</P>
    <P Name="InheritFromInputs">on</P>
  </Block>
  <Block BlockType="Demux" Name="Demux" SID="16403">
    <P Name="Ports">[1, 3]</P>
    <P Name="Position">[-330, -394, -325, -336]</P>
    <P Name="ZOrder">1417</P>
    <P Name="ShowName">off</P>
    <P Name="Outputs">3</P>
    <Port>
      <P Name="PortNumber">1</P>
      <P Name="Name">X</P>
    </Port>
    <Port>
      <P Name="PortNumber">2</P>
      <P Name="Name">Y</P>
    </Port>
    <Port>
      <P Name="PortNumber">3</P>
      <P Name="Name">Z</P>
    </Port>
  </Block>
  <Block BlockType="Demux" Name="Demux1" SID="16404">
    <P Name="Ports">[1, 3]</P>
    <P Name="Position">[-330, -334, -325, -276]</P>
    <P Name="ZOrder">1418</P>
    <P Name="ShowName">off</P>
    <P Name="Outputs">3</P>
    <Port>
      <P Name="PortNumber">1</P>
      <P Name="Name">VX</P>
    </Port>
    <Port>
      <P Name="PortNumber">2</P>
      <P Name="Name">VY</P>
    </Port>
    <Port>
      <P Name="PortNumber">3</P>
      <P Name="Name">VZ</P>
    </Port>
  </Block>
  <Block BlockType="Demux" Name="Demux2" SID="16405">
    <P Name="Ports">[1, 3]</P>
    <P Name="Position">[-330, -274, -325, -216]</P>
    <P Name="ZOrder">1419</P>
    <P Name="ShowName">off</P>
    <P Name="Outputs">3</P>
    <Port>
      <P Name="PortNumber">1</P>
      <P Name="Name">Phi</P>
    </Port>
    <Port>
      <P Name="PortNumber">2</P>
      <P Name="Name">Theta</P>
    </Port>
    <Port>
      <P Name="PortNumber">3</P>
      <P Name="Name">Psi</P>
    </Port>
  </Block>
  <Block BlockType="Demux" Name="Demux3" SID="16406">
    <P Name="Ports">[1, 3]</P>
    <P Name="Position">[-330, -214, -325, -156]</P>
    <P Name="ZOrder">1420</P>
    <P Name="ShowName">off</P>
    <P Name="Outputs">3</P>
    <Port>
      <P Name="PortNumber">1</P>
      <P Name="Name">p</P>
    </Port>
    <Port>
      <P Name="PortNumber">2</P>
      <P Name="Name">q</P>
    </Port>
    <Port>
      <P Name="PortNumber">3</P>
      <P Name="Name">r</P>
    </Port>
  </Block>
  <Block BlockType="Outport" Name="pos_att_NED" SID="9852">
    <P Name="Position">[-30, -282, 0, -268]</P>
    <P Name="ZOrder">1413</P>
    <P Name="OutDataTypeStr">Bus: BUS_bebop_pos_att</P>
    <P Name="VectorParamsAs1DForOutWhenUnconnected">off</P>
  </Block>
  <Line>
    <P Name="ZOrder">7</P>
    <P Name="Src">9816#out:1</P>
    <P Name="Dst">16403#in:1</P>
  </Line>
  <Line>
    <P Name="Name">X</P>
    <P Name="ZOrder">26</P>
    <P Name="Labels">[1, 1]</P>
    <P Name="Src">16403#out:1</P>
    <P Name="Dst">16407#in:1</P>
  </Line>
  <Line>
    <P Name="Name">Z</P>
    <P Name="ZOrder">28</P>
    <P Name="Labels">[1, 1]</P>
    <P Name="Src">16403#out:3</P>
    <P Name="Dst">16407#in:3</P>
  </Line>
  <Line>
    <P Name="Name">Y</P>
    <P Name="ZOrder">27</P>
    <P Name="Labels">[1, 1]</P>
    <P Name="Src">16403#out:2</P>
    <P Name="Dst">16407#in:2</P>
  </Line>
  <Line>
    <P Name="ZOrder">12</P>
    <P Name="Src">9817#out:1</P>
    <P Name="Dst">16404#in:1</P>
  </Line>
  <Line>
    <P Name="Name">VX</P>
    <P Name="ZOrder">29</P>
    <P Name="Labels">[0, 0]</P>
    <P Name="Src">16404#out:1</P>
    <P Name="Dst">16407#in:4</P>
  </Line>
  <Line>
    <P Name="Name">VY</P>
    <P Name="ZOrder">30</P>
    <P Name="Labels">[0, 0]</P>
    <P Name="Src">16404#out:2</P>
    <P Name="Dst">16407#in:5</P>
  </Line>
  <Line>
    <P Name="Name">VZ</P>
    <P Name="ZOrder">31</P>
    <P Name="Labels">[0, 0]</P>
    <P Name="Src">16404#out:3</P>
    <P Name="Dst">16407#in:6</P>
  </Line>
  <Line>
    <P Name="ZOrder">16</P>
    <P Name="Src">9818#out:1</P>
    <P Name="Dst">16405#in:1</P>
  </Line>
  <Line>
    <P Name="Name">Phi</P>
    <P Name="ZOrder">32</P>
    <P Name="Labels">[0, 0]</P>
    <P Name="Src">16405#out:1</P>
    <P Name="Dst">16407#in:7</P>
  </Line>
  <Line>
    <P Name="Name">Theta</P>
    <P Name="ZOrder">33</P>
    <P Name="Labels">[0, 0]</P>
    <P Name="Src">16405#out:2</P>
    <P Name="Dst">16407#in:8</P>
  </Line>
  <Line>
    <P Name="Name">Psi</P>
    <P Name="ZOrder">34</P>
    <P Name="Labels">[0, 0]</P>
    <P Name="Src">16405#out:3</P>
    <P Name="Dst">16407#in:9</P>
  </Line>
  <Line>
    <P Name="ZOrder">20</P>
    <P Name="Src">9819#out:1</P>
    <P Name="Dst">16406#in:1</P>
  </Line>
  <Line>
    <P Name="Name">p</P>
    <P Name="ZOrder">35</P>
    <P Name="Labels">[0, 0]</P>
    <P Name="Src">16406#out:1</P>
    <P Name="Dst">16407#in:10</P>
  </Line>
  <Line>
    <P Name="Name">q</P>
    <P Name="ZOrder">36</P>
    <P Name="Labels">[0, 0]</P>
    <P Name="Src">16406#out:2</P>
    <P Name="Dst">16407#in:11</P>
  </Line>
  <Line>
    <P Name="Name">r</P>
    <P Name="ZOrder">37</P>
    <P Name="Labels">[0, 0]</P>
    <P Name="Src">16406#out:3</P>
    <P Name="Dst">16407#in:12</P>
  </Line>
  <Line>
    <P Name="ZOrder">99</P>
    <P Name="Src">16407#out:1</P>
    <P Name="Dst">9852#in:1</P>
  </Line>
</System>
