<?xml version="1.0" encoding="utf-8"?>
<System>
  <P Name="Location">[223, 338, 826, 833]</P>
  <P Name="SystemRect">[0.000000, 0.000000, 0.000000, 0.000000]</P>
  <P Name="SetExecutionDomain">off</P>
  <P Name="ExecutionDomainType">Deduce</P>
  <P Name="SIDHighWatermark">36</P>
  <P Name="SimulinkSubDomain">Simulink</P>
  <Block BlockType="Inport" Name="in" SID="12628::1">
    <P Name="Position">[20, 101, 40, 119]</P>
    <P Name="ZOrder">-1</P>
  </Block>
  <Block BlockType="Demux" Name=" Demux " SID="12628::35">
    <P Name="Ports">[1, 1]</P>
    <P Name="Position">[270, 230, 320, 270]</P>
    <P Name="ZOrder">26</P>
    <P Name="Outputs">1</P>
  </Block>
  <Block BlockType="S-Function" Name=" SFunction " SID="12628::34">
    <P Name="Tag">Stateflow S-Function 7</P>
    <P Name="Ports">[1, 2]</P>
    <P Name="Position">[180, 100, 230, 160]</P>
    <P Name="ZOrder">25</P>
    <P Name="FunctionName">sf_sfun</P>
    <P Name="PortCounts">[1 2]</P>
    <P Name="SFunctionDeploymentMode">off</P>
    <P Name="EnableBusSupport">on</P>
    <P Name="SFcnIsStateOwnerBlock">off</P>
    <Port>
      <P Name="PortNumber">2</P>
      <P Name="Name">out</P>
    </Port>
  </Block>
  <Block BlockType="Terminator" Name=" Terminator " SID="12628::36">
    <P Name="Position">[460, 241, 480, 259]</P>
    <P Name="ZOrder">27</P>
  </Block>
  <Block BlockType="Outport" Name="out" SID="12628::5">
    <P Name="Position">[460, 101, 480, 119]</P>
    <P Name="ZOrder">-5</P>
    <P Name="VectorParamsAs1DForOutWhenUnconnected">off</P>
  </Block>
  <Line>
    <P Name="ZOrder">13</P>
    <P Name="Src">12628::1#out:1</P>
    <P Name="Dst">12628::34#in:1</P>
  </Line>
  <Line>
    <P Name="Name">out</P>
    <P Name="ZOrder">14</P>
    <P Name="Labels">[0, 0]</P>
    <P Name="Src">12628::34#out:2</P>
    <P Name="Dst">12628::5#in:1</P>
  </Line>
  <Line>
    <P Name="ZOrder">15</P>
    <P Name="Src">12628::35#out:1</P>
    <P Name="Dst">12628::36#in:1</P>
  </Line>
  <Line>
    <P Name="ZOrder">16</P>
    <P Name="Src">12628::34#out:1</P>
    <P Name="Dst">12628::35#in:1</P>
  </Line>
</System>
