<?xml version="1.0" encoding="utf-8"?>
<System>
  <P Name="Location">[-8, -8, 1928, 1048]</P>
  <P Name="SystemRect">[0.000000, 0.000000, 0.000000, 0.000000]</P>
  <P Name="SetExecutionDomain">off</P>
  <P Name="ExecutionDomainType">Deduce</P>
  <P Name="PaperType">usletter</P>
  <P Name="PaperUnits">inches</P>
  <P Name="TiledPaperMargins">[0.500000, 0.500000, 0.500000, 0.500000]</P>
  <P Name="ZoomFactor">166</P>
  <P Name="SimulinkSubDomain">Simulink</P>
  <Block BlockType="SubSystem" Name="Measure " SID="16179">
    <P Name="Ports">[0, 1]</P>
    <P Name="Position">[20, 62, 175, 198]</P>
    <P Name="ZOrder">3432</P>
    <P Name="RequestExecContextInheritance">off</P>
    <P Name="VariantControl">SIMULATION_MODE</P>
    <System Ref="system_16179"/>
  </Block>
  <Block BlockType="SubSystem" Name="ROS link + Measure" SID="16325">
    <P Name="Ports">[0, 1]</P>
    <P Name="Position">[20, 246, 175, 344]</P>
    <P Name="ZOrder">3433</P>
    <P Name="RequestExecContextInheritance">off</P>
    <P Name="VariantControl">EXPERIMENT_MODE</P>
    <System Ref="system_16325"/>
  </Block>
  <Block BlockType="Outport" Name="joystick_offboardmode" SID="16391">
    <P Name="Position">[240, 200, 260, 220]</P>
    <P Name="ZOrder">59037</P>
    <P Name="VectorParamsAs1DForOutWhenUnconnected">off</P>
  </Block>
</System>
