<?xml version="1.0" encoding="utf-8"?>
<System>
  <P Name="Location">[-8, -8, 1928, 1048]</P>
  <P Name="SystemRect">[0.000000, 0.000000, 0.000000, 0.000000]</P>
  <P Name="Open">on</P>
  <P Name="SetExecutionDomain">off</P>
  <P Name="ExecutionDomainType">Deduce</P>
  <P Name="PaperType">usletter</P>
  <P Name="PaperUnits">inches</P>
  <P Name="TiledPaperMargins">[0.500000, 0.500000, 0.500000, 0.500000]</P>
  <P Name="ZoomFactor">247</P>
  <P Name="SimulinkSubDomain">Simulink</P>
  <Block BlockType="Inport" Name="Yref" SID="15586">
    <P Name="Position">[110, 103, 140, 117]</P>
    <P Name="ZOrder">-1</P>
  </Block>
  <Block BlockType="Inport" Name="Y" SID="15587">
    <P Name="Position">[110, 143, 140, 157]</P>
    <P Name="ZOrder">4</P>
    <P Name="Port">2</P>
  </Block>
  <Block BlockType="Inport" Name="VY&#xA;" SID="15588">
    <P Name="Position">[110, 183, 140, 197]</P>
    <P Name="ZOrder">5</P>
    <P Name="Port">3</P>
  </Block>
  <Block BlockType="EnablePort" Name="Enable" SID="16516">
    <P Name="Ports">[]</P>
    <P Name="Position">[300, 30, 320, 50]</P>
    <P Name="ZOrder">15</P>
  </Block>
  <Block BlockType="Constant" Name="Constant" SID="16530">
    <P Name="Position">[585, 135, 615, 165]</P>
    <P Name="ZOrder">19</P>
    <P Name="Value">0</P>
    <P Name="SampleTime">0.02</P>
  </Block>
  <Block BlockType="Terminator" Name="Terminator" SID="16527">
    <P Name="Position">[210, 100, 230, 120]</P>
    <P Name="ZOrder">16</P>
  </Block>
  <Block BlockType="Terminator" Name="Terminator1" SID="16528">
    <P Name="Position">[210, 140, 230, 160]</P>
    <P Name="ZOrder">17</P>
  </Block>
  <Block BlockType="Terminator" Name="Terminator2" SID="16529">
    <P Name="Position">[210, 180, 230, 200]</P>
    <P Name="ZOrder">18</P>
  </Block>
  <Block BlockType="Outport" Name="phi_y" SID="15594">
    <P Name="Position">[675, 143, 705, 157]</P>
    <P Name="ZOrder">-2</P>
    <P Name="OutputWhenDisabled">reset</P>
    <P Name="InitialOutput">0</P>
    <P Name="VectorParamsAs1DForOutWhenUnconnected">off</P>
  </Block>
  <Line>
    <P Name="ZOrder">13</P>
    <P Name="Src">16530#out:1</P>
    <P Name="Dst">15594#in:1</P>
  </Line>
  <Line>
    <P Name="ZOrder">10</P>
    <P Name="Src">15586#out:1</P>
    <P Name="Dst">16527#in:1</P>
  </Line>
  <Line>
    <P Name="ZOrder">11</P>
    <P Name="Src">15587#out:1</P>
    <P Name="Dst">16528#in:1</P>
  </Line>
  <Line>
    <P Name="ZOrder">12</P>
    <P Name="Src">15588#out:1</P>
    <P Name="Dst">16529#in:1</P>
  </Line>
</System>
