<?xml version="1.0" encoding="utf-8"?>
<System>
  <P Name="Location">[1529, -7, 3079, 831]</P>
  <P Name="SystemRect">[0.000000, 0.000000, 0.000000, 0.000000]</P>
  <P Name="SetExecutionDomain">off</P>
  <P Name="ExecutionDomainType">Deduce</P>
  <P Name="ZoomFactor">83</P>
  <P Name="SimulinkSubDomain">Simulink</P>
  <Block BlockType="Inport" Name="bebop_tgt" SID="12439">
    <P Name="Position">[220, 347, 270, 363]</P>
    <P Name="ZOrder">1729</P>
    <P Name="OutDataTypeStr">Bus: BUS_bebop_tgt</P>
    <Port>
      <P Name="PortNumber">1</P>
      <P Name="Name">att_target_Rb</P>
      <P Name="PropagatedSignals">bebop_tgt</P>
    </Port>
  </Block>
  <Block BlockType="Inport" Name="bebop_ctrl" SID="15003">
    <P Name="Position">[335, 792, 360, 808]</P>
    <P Name="ZOrder">100000</P>
    <P Name="Port">2</P>
  </Block>
  <Block BlockType="Inport" Name="bebop_sensors" SID="12440">
    <P Name="Position">[220, 512, 270, 528]</P>
    <P Name="ZOrder">1172</P>
    <P Name="Port">3</P>
    <P Name="OutDataTypeStr">Bus: BUS_bebop_sensors</P>
  </Block>
  <Block BlockType="BusCreator" Name="Bus&#xA;Creator" SID="16487">
    <P Name="Ports">[4, 1]</P>
    <P Name="Position">[1130, 383, 1135, 572]</P>
    <P Name="ZOrder">100000</P>
    <P Name="ShowName">off</P>
    <P Name="Inputs">4</P>
    <P Name="DisplayOption">bar</P>
    <P Name="OutDataTypeStr">Bus: BUS_actuator_tgt</P>
    <P Name="InheritFromInputs">on</P>
  </Block>
  <Block BlockType="BusSelector" Name="Bus&#xA;Selector" SID="15203">
    <P Name="Ports">[1, 1]</P>
    <P Name="Position">[505, 606, 510, 644]</P>
    <P Name="ZOrder">100000</P>
    <P Name="ShowName">off</P>
    <P Name="OutputSignals">Vz</P>
    <Port>
      <P Name="PortNumber">1</P>
      <P Name="Name">&lt;Vz&gt;</P>
    </Port>
  </Block>
  <Block BlockType="BusSelector" Name="Bus&#xA;Selector4" SID="12441">
    <P Name="Ports">[1, 3]</P>
    <P Name="Position">[435, 266, 440, 444]</P>
    <P Name="ZOrder">1730</P>
    <P Name="ShowName">off</P>
    <P Name="OutputSignals">roll,pitch,yaw_rate</P>
    <Port>
      <P Name="PortNumber">1</P>
      <P Name="Name">&lt;roll&gt;</P>
    </Port>
    <Port>
      <P Name="PortNumber">2</P>
      <P Name="Name">&lt;pitch&gt;</P>
    </Port>
    <Port>
      <P Name="PortNumber">3</P>
      <P Name="Name">&lt;yaw_rate&gt;</P>
    </Port>
  </Block>
  <Block BlockType="SubSystem" Name="Chart" SID="15917">
    <P Name="Ports">[3, 1]</P>
    <P Name="Position">[390, 712, 550, 818]</P>
    <P Name="ZOrder">100000</P>
    <P Name="ErrorFcn">Stateflow.Translate.translate</P>
    <P Name="PermitHierarchicalResolution">ExplicitOnly</P>
    <P Name="TreatAsAtomicUnit">on</P>
    <P Name="RequestExecContextInheritance">off</P>
    <P Name="SFBlockType">Chart</P>
    <P Name="ContentPreviewEnabled">on</P>
    <Port>
      <P Name="PortNumber">1</P>
      <P Name="Name">bebop_state_local</P>
      <P Name="PropagatedSignals">bebop_state</P>
    </Port>
    <System Ref="system_15917"/>
  </Block>
  <Block BlockType="DataTypeConversion" Name="Data Type Conversion" SID="14744">
    <P Name="Position">[925, 273, 965, 287]</P>
    <P Name="ZOrder">1746</P>
    <P Name="ForegroundColor">red</P>
    <P Name="RndMeth">Floor</P>
    <P Name="SaturateOnIntegerOverflow">off</P>
    <Port>
      <P Name="PortNumber">1</P>
      <P Name="Name">roll</P>
    </Port>
  </Block>
  <Block BlockType="From" Name="From" SID="15923">
    <P Name="Position">[260, 751, 345, 779]</P>
    <P Name="ZOrder">100000</P>
    <P Name="GotoTag">bebop_tgt</P>
  </Block>
  <Block BlockType="From" Name="From1" SID="15954">
    <P Name="Position">[350, 611, 435, 639]</P>
    <P Name="ZOrder">100000</P>
    <P Name="GotoTag">bebop_tgt</P>
    <Port>
      <P Name="PortNumber">1</P>
      <P Name="Name">att_target_Rb</P>
      <P Name="PropagatedSignals">att_target_Rb</P>
    </Port>
  </Block>
  <Block BlockType="Goto" Name="Goto" SID="15922">
    <P Name="Position">[380, 472, 450, 498]</P>
    <P Name="ZOrder">100000</P>
    <P Name="GotoTag">bebop_tgt</P>
  </Block>
  <Block BlockType="SubSystem" Name="Régulations" SID="12449">
    <P Name="Ports">[4, 3]</P>
    <P Name="Position">[645, 252, 800, 563]</P>
    <P Name="ZOrder">1742</P>
    <P Name="RequestExecContextInheritance">off</P>
    <Port>
      <P Name="PortNumber">1</P>
      <P Name="Name">roll</P>
      <P Name="PropagatedSignals">roll</P>
    </Port>
    <Port>
      <P Name="PortNumber">2</P>
      <P Name="Name">pitch</P>
      <P Name="PropagatedSignals">pitch</P>
    </Port>
    <Port>
      <P Name="PortNumber">3</P>
      <P Name="Name">yaw</P>
      <P Name="PropagatedSignals">yaw</P>
    </Port>
    <System Ref="system_12449"/>
  </Block>
  <Block BlockType="Saturate" Name="Saturation" SID="12500">
    <P Name="Position">[565, 610, 595, 640]</P>
    <P Name="ZOrder">1734</P>
    <P Name="UpperLimit">altiVzmax</P>
    <P Name="LowerLimit">-altiVzmax</P>
  </Block>
  <Block BlockType="SubSystem" Name="Vz control" SID="14768">
    <P Name="Ports">[3, 1]</P>
    <P Name="Position">[650, 593, 800, 797]</P>
    <P Name="ZOrder">54145</P>
    <P Name="ForegroundColor">yellow</P>
    <P Name="RequestExecContextInheritance">off</P>
    <Port>
      <P Name="PortNumber">1</P>
      <P Name="Name">thrust</P>
    </Port>
    <System Ref="system_14768"/>
  </Block>
  <Block BlockType="Outport" Name="actuator_target" SID="12502">
    <P Name="Position">[1220, 473, 1250, 487]</P>
    <P Name="ZOrder">579</P>
    <P Name="SampleTime">Ts_bebop</P>
    <P Name="VectorParamsAs1DForOutWhenUnconnected">off</P>
  </Block>
  <Block BlockType="Outport" Name="bebop_state" SID="15955">
    <P Name="Position">[1195, 813, 1225, 827]</P>
    <P Name="ZOrder">100000</P>
    <P Name="Port">2</P>
    <P Name="SampleTime">Ts_bebop_feedback</P>
    <P Name="VectorParamsAs1DForOutWhenUnconnected">off</P>
  </Block>
  <Line>
    <P Name="Name">att_target_Rb</P>
    <P Name="ZOrder">11</P>
    <P Name="Labels">[0, 0]</P>
    <P Name="Src">12439#out:1</P>
    <P Name="Points">[30, 0]</P>
    <Branch>
      <P Name="ZOrder">347</P>
      <P Name="Points">[0, 130]</P>
      <P Name="Dst">15922#in:1</P>
    </Branch>
    <Branch>
      <P Name="ZOrder">346</P>
      <P Name="Dst">12441#in:1</P>
    </Branch>
  </Line>
  <Line>
    <P Name="Name">&lt;Vz&gt;</P>
    <P Name="ZOrder">286</P>
    <P Name="Labels">[0, 0]</P>
    <P Name="Src">15203#out:1</P>
    <P Name="Dst">12500#in:1</P>
  </Line>
  <Line>
    <P Name="Name">&lt;pitch&gt;</P>
    <P Name="ZOrder">64</P>
    <P Name="Labels">[0, 1]</P>
    <P Name="Src">12441#out:2</P>
    <P Name="Points">[31, 0; 0, 15]</P>
    <P Name="Dst">12449#in:2</P>
  </Line>
  <Line>
    <P Name="Name">&lt;roll&gt;</P>
    <P Name="ZOrder">63</P>
    <P Name="Labels">[0, 1]</P>
    <P Name="Src">12441#out:1</P>
    <P Name="Dst">12449#in:1</P>
  </Line>
  <Line>
    <P Name="Name">roll</P>
    <P Name="ZOrder">400</P>
    <P Name="Labels">[1, 1]</P>
    <P Name="Src">12449#out:1</P>
    <P Name="Points">[296, 0; 0, 105]</P>
    <P Name="Dst">16487#in:1</P>
  </Line>
  <Line>
    <P Name="Name">pitch</P>
    <P Name="ZOrder">404</P>
    <P Name="Labels">[0, 0; 2, 0]</P>
    <P Name="Src">12449#out:2</P>
    <P Name="Points">[146, 0; 0, 45]</P>
    <P Name="Dst">16487#in:2</P>
  </Line>
  <Line>
    <P Name="Name">yaw</P>
    <P Name="ZOrder">405</P>
    <P Name="Labels">[0, 0; 2, 1]</P>
    <P Name="Src">12449#out:3</P>
    <P Name="Points">[160, 0; 0, -15]</P>
    <P Name="Dst">16487#in:3</P>
  </Line>
  <Line>
    <P Name="Name">thrust</P>
    <P Name="ZOrder">406</P>
    <P Name="Labels">[1, 1]</P>
    <P Name="Src">14768#out:1</P>
    <P Name="Points">[310, 0]</P>
    <P Name="Dst">16487#in:4</P>
  </Line>
  <Line>
    <P Name="ZOrder">118</P>
    <P Name="Src">12500#out:1</P>
    <P Name="Dst">14768#in:1</P>
  </Line>
  <Line>
    <P Name="Name">&lt;yaw_rate&gt;</P>
    <P Name="ZOrder">157</P>
    <P Name="Labels">[0, 0]</P>
    <P Name="Src">12441#out:3</P>
    <P Name="Points">[51, 0; 0, 30]</P>
    <P Name="Dst">12449#in:3</P>
  </Line>
  <Line>
    <P Name="ZOrder">197</P>
    <P Name="Src">15003#out:1</P>
    <P Name="Dst">15917#in:3</P>
  </Line>
  <Line>
    <P Name="Name">att_target_Rb</P>
    <P Name="ZOrder">366</P>
    <P Name="Labels">[0, 0]</P>
    <P Name="Src">15954#out:1</P>
    <P Name="Dst">15203#in:1</P>
  </Line>
  <Line>
    <P Name="Name">bebop_state_local</P>
    <P Name="ZOrder">359</P>
    <P Name="Src">15917#out:1</P>
    <P Name="Points">[61, 0]</P>
    <Branch>
      <P Name="ZOrder">375</P>
      <P Name="Labels">[2, 1]</P>
      <P Name="Points">[0, 55]</P>
      <P Name="Dst">15955#in:1</P>
    </Branch>
    <Branch>
      <P Name="ZOrder">370</P>
      <P Name="Labels">[1, 1]</P>
      <P Name="Dst">14768#in:3</P>
    </Branch>
  </Line>
  <Line>
    <P Name="ZOrder">61</P>
    <P Name="Src">12440#out:1</P>
    <P Name="Points">[61, 0]</P>
    <Branch>
      <P Name="ZOrder">357</P>
      <P Name="Dst">12449#in:4</P>
    </Branch>
    <Branch>
      <P Name="ZOrder">204</P>
      <P Name="Points">[0, 175]</P>
      <Branch>
        <P Name="ZOrder">386</P>
        <P Name="Points">[0, 35]</P>
        <P Name="Dst">15917#in:1</P>
      </Branch>
      <Branch>
        <P Name="ZOrder">356</P>
        <P Name="Dst">14768#in:2</P>
      </Branch>
    </Branch>
  </Line>
  <Line>
    <P Name="ZOrder">348</P>
    <P Name="Src">15923#out:1</P>
    <P Name="Dst">15917#in:2</P>
  </Line>
  <Line>
    <P Name="ZOrder">392</P>
    <P Name="Src">16487#out:1</P>
    <P Name="Dst">12502#in:1</P>
  </Line>
</System>
