<?xml version="1.0" encoding="utf-8"?>
<System>
  <P Name="Location">[-7, -7, 1543, 831]</P>
  <P Name="SystemRect">[0.000000, 0.000000, 0.000000, 0.000000]</P>
  <P Name="SetExecutionDomain">off</P>
  <P Name="ExecutionDomainType">Deduce</P>
  <P Name="ZoomFactor">127</P>
  <P Name="SimulinkSubDomain">Simulink</P>
  <Block BlockType="Inport" Name="actuators_tgt" SID="12503">
    <P Name="Position">[75, 78, 105, 92]</P>
    <P Name="ZOrder">100000</P>
    <P Name="OutDataTypeStr">Bus: BUS_actuator_tgt</P>
  </Block>
  <Block BlockType="BusSelector" Name="Bus&#xA;Selector1" SID="16488">
    <P Name="Ports">[1, 4]</P>
    <P Name="Position">[205, 23, 210, 147]</P>
    <P Name="ZOrder">100000</P>
    <P Name="ShowName">off</P>
    <P Name="OutputSignals">roll,pitch,yaw,thrust</P>
    <Port>
      <P Name="PortNumber">1</P>
      <P Name="Name">&lt;roll&gt;</P>
    </Port>
    <Port>
      <P Name="PortNumber">2</P>
      <P Name="Name">&lt;pitch&gt;</P>
    </Port>
    <Port>
      <P Name="PortNumber">3</P>
      <P Name="Name">&lt;yaw&gt;</P>
    </Port>
    <Port>
      <P Name="PortNumber">4</P>
      <P Name="Name">&lt;thrust&gt;</P>
    </Port>
  </Block>
  <Block BlockType="Gain" Name="Gain" SID="12507">
    <P Name="Position">[330, 30, 470, 140]</P>
    <P Name="ZOrder">100000</P>
    <P Name="Gain">[0.707107 0.707107 -1 1;-0.707107 0.707107 1 1; -0.707107 -0.707107 -1 1; 0.707107 -0.707107 1 1]</P>
    <P Name="Multiplication">Matrix(K*u) (u vector)</P>
  </Block>
  <Block BlockType="Mux" Name="Mux3" SID="12510">
    <P Name="Ports">[4, 1]</P>
    <P Name="Position">[290, 28, 295, 142]</P>
    <P Name="ZOrder">100000</P>
    <P Name="ShowName">off</P>
    <P Name="DisplayOption">bar</P>
  </Block>
  <Block BlockType="Outport" Name="pwm_out" SID="12519">
    <P Name="Position">[515, 78, 545, 92]</P>
    <P Name="ZOrder">100000</P>
    <P Name="BusOutputAsStruct">on</P>
    <P Name="VectorParamsAs1DForOutWhenUnconnected">off</P>
  </Block>
  <Line>
    <P Name="ZOrder">1</P>
    <P Name="Src">12510#out:1</P>
    <P Name="Dst">12507#in:1</P>
  </Line>
  <Line>
    <P Name="ZOrder">30</P>
    <P Name="Src">12503#out:1</P>
    <P Name="Dst">16488#in:1</P>
  </Line>
  <Line>
    <P Name="Name">&lt;pitch&gt;</P>
    <P Name="ZOrder">31</P>
    <P Name="Labels">[0, 0]</P>
    <P Name="Src">16488#out:2</P>
    <P Name="Dst">12510#in:2</P>
  </Line>
  <Line>
    <P Name="Name">&lt;yaw&gt;</P>
    <P Name="ZOrder">32</P>
    <P Name="Labels">[0, 0]</P>
    <P Name="Src">16488#out:3</P>
    <P Name="Dst">12510#in:3</P>
  </Line>
  <Line>
    <P Name="Name">&lt;roll&gt;</P>
    <P Name="ZOrder">33</P>
    <P Name="Labels">[0, 0]</P>
    <P Name="Src">16488#out:1</P>
    <P Name="Dst">12510#in:1</P>
  </Line>
  <Line>
    <P Name="Name">&lt;thrust&gt;</P>
    <P Name="ZOrder">34</P>
    <P Name="Labels">[0, 0]</P>
    <P Name="Src">16488#out:4</P>
    <P Name="Dst">12510#in:4</P>
  </Line>
  <Line>
    <P Name="ZOrder">35</P>
    <P Name="Src">12507#out:1</P>
    <P Name="Dst">12519#in:1</P>
  </Line>
</System>
