<?xml version="1.0" encoding="utf-8"?>
<System>
  <P Name="Location">[-8, -8, 1928, 1048]</P>
  <P Name="SystemRect">[0.000000, 0.000000, 0.000000, 0.000000]</P>
  <P Name="SetExecutionDomain">off</P>
  <P Name="ExecutionDomainType">Deduce</P>
  <P Name="PaperType">usletter</P>
  <P Name="PaperUnits">inches</P>
  <P Name="TiledPaperMargins">[0.500000, 0.500000, 0.500000, 0.500000]</P>
  <P Name="ZoomFactor">239</P>
  <P Name="SimulinkSubDomain">Simulink</P>
  <Block BlockType="SubSystem" Name="UDP link" SID="16326">
    <P Name="Ports">[0, 1]</P>
    <P Name="Position">[645, 231, 745, 419]</P>
    <P Name="ZOrder">-18</P>
    <P Name="RequestExecContextInheritance">off</P>
    <System Ref="system_16326"/>
  </Block>
  <Block BlockType="Outport" Name="joystick_offboardmode" SID="16388">
    <P Name="Position">[925, 378, 955, 392]</P>
    <P Name="ZOrder">59037</P>
    <P Name="VectorParamsAs1DForOutWhenUnconnected">off</P>
  </Block>
  <Line>
    <P Name="ZOrder">2</P>
    <P Name="Src">16326#out:1</P>
    <P Name="Points">[85, 0; 0, 60]</P>
    <P Name="Dst">16388#in:1</P>
  </Line>
</System>
