<?xml version="1.0" encoding="utf-8"?>
<System>
  <P Name="Location">[-8, -8, 1928, 1048]</P>
  <P Name="SystemRect">[0.000000, 0.000000, 0.000000, 0.000000]</P>
  <P Name="SetExecutionDomain">off</P>
  <P Name="ExecutionDomainType">Deduce</P>
  <P Name="ZoomFactor">239</P>
  <P Name="SimulinkSubDomain">Simulink</P>
  <Block BlockType="SubSystem" Name="UDP link" SID="13194">
    <P Name="Ports">[0, 1]</P>
    <P Name="Position">[645, 235, 745, 425]</P>
    <P Name="ZOrder">-18</P>
    <P Name="RequestExecContextInheritance">off</P>
    <System Ref="system_13194"/>
  </Block>
  <Block BlockType="Outport" Name="bebop_sensors" SID="15893">
    <P Name="Position">[835, 323, 865, 337]</P>
    <P Name="ZOrder">59036</P>
    <P Name="OutDataTypeStr">Bus: BUS_bebop_sensors</P>
    <P Name="VectorParamsAs1DForOutWhenUnconnected">off</P>
  </Block>
  <Line>
    <P Name="ZOrder">11</P>
    <P Name="Src">13194#out:1</P>
    <P Name="Dst">15893#in:1</P>
  </Line>
</System>
