<?xml version="1.0" encoding="utf-8"?>
<System>
  <P Name="Location">[-7, -7, 1543, 831]</P>
  <P Name="SystemRect">[0.000000, 0.000000, 0.000000, 0.000000]</P>
  <P Name="SetExecutionDomain">off</P>
  <P Name="ExecutionDomainType">Deduce</P>
  <P Name="PaperType">usletter</P>
  <P Name="PaperUnits">inches</P>
  <P Name="TiledPaperMargins">[0.500000, 0.500000, 0.500000, 0.500000]</P>
  <P Name="ZoomFactor">135</P>
  <P Name="SimulinkSubDomain">Simulink</P>
  <Block BlockType="Inport" Name="Vertical thrust" SID="15008">
    <P Name="Position">[20, 88, 50, 102]</P>
    <P Name="ZOrder">54250</P>
  </Block>
  <Block BlockType="Inport" Name="theta" SID="15887">
    <P Name="Position">[260, 188, 290, 202]</P>
    <P Name="ZOrder">54254</P>
    <P Name="Port">2</P>
  </Block>
  <Block BlockType="Inport" Name="phi" SID="15888">
    <P Name="Position">[260, 238, 290, 252]</P>
    <P Name="ZOrder">54255</P>
    <P Name="Port">3</P>
  </Block>
  <Block BlockType="Constant" Name="Constant" SID="14774">
    <P Name="Position">[87, 160, 143, 185]</P>
    <P Name="ZOrder">27072</P>
    <P Name="BlockRotation">270</P>
    <P Name="NameLocation">right</P>
    <P Name="Value">aero.g</P>
  </Block>
  <Block BlockType="Constant" Name="Constant2" SID="14776">
    <P Name="Position">[180, 20, 285, 50]</P>
    <P Name="ZOrder">54248</P>
    <P Name="Value">drone.mtot/4</P>
  </Block>
  <Block BlockType="Gain" Name="Gain" SID="14793">
    <P Name="Position">[575, 81, 655, 129]</P>
    <P Name="ZOrder">27065</P>
    <P Name="Gain">1/motor.Pw</P>
  </Block>
  <Block BlockType="Gain" Name="Gain2" SID="14794">
    <P Name="Position">[180, 71, 220, 119]</P>
    <P Name="ZOrder">27071</P>
    <P Name="Gain">-1</P>
  </Block>
  <Block BlockType="Gain" Name="Gain5" SID="14796">
    <P Name="Position">[835, 81, 915, 129]</P>
    <P Name="ZOrder">54241</P>
    <P Name="Gain">1/motor.scaling</P>
  </Block>
  <Block BlockType="SubSystem" Name="MATLAB Function" SID="14797">
    <P Name="Ports">[3, 1]</P>
    <P Name="Position">[465, 81, 535, 129]</P>
    <P Name="ZOrder">27129</P>
    <P Name="ErrorFcn">Stateflow.Translate.translate</P>
    <P Name="PermitHierarchicalResolution">ExplicitOnly</P>
    <P Name="TreatAsAtomicUnit">on</P>
    <P Name="SystemSampleTime">Ts_bebop</P>
    <P Name="RequestExecContextInheritance">off</P>
    <P Name="SFBlockType">MATLAB Function</P>
    <System Ref="system_14797"/>
  </Block>
  <Block BlockType="Product" Name="Product" SID="14798">
    <P Name="Ports">[2, 1]</P>
    <P Name="Position">[325, 72, 355, 103]</P>
    <P Name="ZOrder">54249</P>
    <Port>
      <P Name="PortNumber">1</P>
      <P Name="Name">F_mot</P>
    </Port>
  </Block>
  <Block BlockType="Saturate" Name="Saturation2" SID="14799">
    <P Name="Position">[950, 90, 980, 120]</P>
    <P Name="ZOrder">54238</P>
    <P Name="UpperLimit">0.7</P>
    <P Name="LowerLimit">0.35</P>
  </Block>
  <Block BlockType="Saturate" Name="Saturation3" SID="14800">
    <P Name="Position">[705, 90, 735, 120]</P>
    <P Name="ZOrder">54242</P>
    <P Name="UpperLimit">1000*1000</P>
    <P Name="LowerLimit">200*200</P>
  </Block>
  <Block BlockType="Sqrt" Name="Sqrt1" SID="14801">
    <P Name="Position">[770, 90, 800, 120]</P>
    <P Name="ZOrder">54239</P>
  </Block>
  <Block BlockType="Sum" Name="Sum" SID="14802">
    <P Name="Ports">[2, 1]</P>
    <P Name="Position">[105, 85, 125, 105]</P>
    <P Name="ZOrder">27070</P>
    <P Name="ShowName">off</P>
    <P Name="Inputs">|+-</P>
  </Block>
  <Block BlockType="Outport" Name="Normalized thrust" SID="15010">
    <P Name="Position">[1040, 98, 1070, 112]</P>
    <P Name="ZOrder">54252</P>
    <P Name="SampleTime">Ts_bebop</P>
    <P Name="VectorParamsAs1DForOutWhenUnconnected">off</P>
  </Block>
  <Line>
    <P Name="ZOrder">2</P>
    <P Name="Src">14797#out:1</P>
    <P Name="Dst">14793#in:1</P>
  </Line>
  <Line>
    <P Name="ZOrder">5</P>
    <P Name="Src">14774#out:1</P>
    <P Name="Dst">14802#in:2</P>
  </Line>
  <Line>
    <P Name="ZOrder">39</P>
    <P Name="Src">15008#out:1</P>
    <P Name="Dst">14802#in:1</P>
  </Line>
  <Line>
    <P Name="ZOrder">7</P>
    <P Name="Src">14794#out:1</P>
    <P Name="Dst">14798#in:2</P>
  </Line>
  <Line>
    <P Name="ZOrder">8</P>
    <P Name="Src">14802#out:1</P>
    <P Name="Dst">14794#in:1</P>
  </Line>
  <Line>
    <P Name="Name">F_mot</P>
    <P Name="ZOrder">9</P>
    <P Name="Labels">[-1, 0]</P>
    <P Name="Src">14798#out:1</P>
    <P Name="Dst">14797#in:1</P>
  </Line>
  <Line>
    <P Name="ZOrder">14</P>
    <P Name="Src">14801#out:1</P>
    <P Name="Dst">14796#in:1</P>
  </Line>
  <Line>
    <P Name="ZOrder">41</P>
    <P Name="Src">14799#out:1</P>
    <P Name="Dst">15010#in:1</P>
  </Line>
  <Line>
    <P Name="ZOrder">16</P>
    <P Name="Src">14796#out:1</P>
    <P Name="Dst">14799#in:1</P>
  </Line>
  <Line>
    <P Name="ZOrder">17</P>
    <P Name="Src">14800#out:1</P>
    <P Name="Dst">14801#in:1</P>
  </Line>
  <Line>
    <P Name="ZOrder">18</P>
    <P Name="Src">14793#out:1</P>
    <P Name="Dst">14800#in:1</P>
  </Line>
  <Line>
    <P Name="ZOrder">38</P>
    <P Name="Src">14776#out:1</P>
    <P Name="Points">[8, 0; 0, 45]</P>
    <P Name="Dst">14798#in:1</P>
  </Line>
  <Line>
    <P Name="ZOrder">50</P>
    <P Name="Src">15887#out:1</P>
    <P Name="Points">[115, 0; 0, -90]</P>
    <P Name="Dst">14797#in:2</P>
  </Line>
  <Line>
    <P Name="ZOrder">51</P>
    <P Name="Src">15888#out:1</P>
    <P Name="Points">[143, 0; 0, -125]</P>
    <P Name="Dst">14797#in:3</P>
  </Line>
</System>
