<?xml version="1.0" encoding="utf-8"?>
<System>
  <P Name="Location">[-7, -7, 1543, 831]</P>
  <P Name="SystemRect">[0.000000, 0.000000, 0.000000, 0.000000]</P>
  <P Name="SetExecutionDomain">off</P>
  <P Name="ExecutionDomainType">Deduce</P>
  <P Name="ZoomFactor">164</P>
  <P Name="SimulinkSubDomain">Simulink</P>
  <Block BlockType="Inport" Name="pos_att_NED" SID="15032">
    <P Name="Position">[175, 137, 210, 153]</P>
    <P Name="ZOrder">6865</P>
    <P Name="OutDataTypeStr">Bus: BUS_bebop_pos_att</P>
    <Port>
      <P Name="PortNumber">1</P>
      <P Name="Name">pos_att_NED</P>
    </Port>
  </Block>
  <Block BlockType="Inport" Name="batt_info" SID="12524">
    <P Name="Position">[175, 192, 210, 208]</P>
    <P Name="ZOrder">1669</P>
    <P Name="Port">2</P>
  </Block>
  <Block BlockType="SubSystem" Name="bebop" SID="12612">
    <P Name="Ports">[2, 1]</P>
    <P Name="Position">[345, 118, 525, 227]</P>
    <P Name="ZOrder">1834</P>
    <P Name="ForegroundColor">yellow</P>
    <P Name="RequestExecContextInheritance">off</P>
    <System Ref="system_12612"/>
  </Block>
  <Block BlockType="Outport" Name="bebop_sensors" SID="14659">
    <P Name="Position">[590, 168, 620, 182]</P>
    <P Name="ZOrder">6862</P>
    <P Name="OutDataTypeStr">Bus: BUS_bebop_sensors</P>
    <P Name="VectorParamsAs1DForOutWhenUnconnected">off</P>
  </Block>
  <Line>
    <P Name="ZOrder">106</P>
    <P Name="Src">12612#out:1</P>
    <P Name="Dst">14659#in:1</P>
  </Line>
  <Line>
    <P Name="Name">pos_att_NED</P>
    <P Name="ZOrder">80</P>
    <P Name="Labels">[1, 1]</P>
    <P Name="Src">15032#out:1</P>
    <P Name="Dst">12612#in:1</P>
  </Line>
  <Line>
    <P Name="ZOrder">105</P>
    <P Name="Src">12524#out:1</P>
    <P Name="Dst">12612#in:2</P>
  </Line>
</System>
