<?xml version="1.0" encoding="utf-8"?>
<System>
  <P Name="Location">[8, 8, 1558, 846]</P>
  <P Name="SystemRect">[0.000000, 0.000000, 0.000000, 0.000000]</P>
  <P Name="Open">on</P>
  <P Name="SetExecutionDomain">off</P>
  <P Name="ExecutionDomainType">Deduce</P>
  <P Name="PaperType">usletter</P>
  <P Name="PaperUnits">inches</P>
  <P Name="TiledPaperMargins">[0.500000, 0.500000, 0.500000, 0.500000]</P>
  <P Name="ZoomFactor">161</P>
  <P Name="SimulinkSubDomain">Simulink</P>
  <Block BlockType="Inport" Name="bebop_tgt" SID="16394">
    <P Name="Position">[20, 88, 50, 102]</P>
    <P Name="ZOrder">1</P>
  </Block>
  <Block BlockType="Inport" Name="bebop_ctrl" SID="16395">
    <P Name="Position">[20, 228, 50, 242]</P>
    <P Name="ZOrder">2</P>
    <P Name="Port">2</P>
  </Block>
  <Block BlockType="SubSystem" Name="Bebop Control" SID="12737">
    <P Name="Ports">[2, 2]</P>
    <P Name="Position">[115, 24, 250, 306]</P>
    <P Name="ZOrder">-13</P>
    <P Name="RequestExecContextInheritance">off</P>
    <P Name="Variant">on</P>
    <System Ref="system_12737"/>
  </Block>
  <Block BlockType="SubSystem" Name="Measurement block " SID="13022">
    <P Name="Ports">[2, 1]</P>
    <P Name="Position">[485, 16, 630, 169]</P>
    <P Name="ZOrder">-19</P>
    <P Name="RequestExecContextInheritance">off</P>
    <P Name="Variant">on</P>
    <System Ref="system_13022"/>
  </Block>
  <Block BlockType="SubSystem" Name="Model" SID="12834">
    <P Name="Ports">[1, 2]</P>
    <P Name="Position">[300, 16, 400, 169]</P>
    <P Name="ZOrder">-14</P>
    <P Name="RequestExecContextInheritance">off</P>
    <P Name="Variant">on</P>
    <System Ref="system_12834"/>
  </Block>
  <Block BlockType="Outport" Name="bebpop_sensors " SID="16396">
    <P Name="Position">[670, 88, 700, 102]</P>
    <P Name="ZOrder">3</P>
    <P Name="VectorParamsAs1DForOutWhenUnconnected">off</P>
  </Block>
  <Block BlockType="Outport" Name="bebop_state" SID="16397">
    <P Name="Position">[670, 228, 700, 242]</P>
    <P Name="ZOrder">4</P>
    <P Name="Port">2</P>
    <P Name="VectorParamsAs1DForOutWhenUnconnected">off</P>
  </Block>
  <Block BlockType="Outport" Name="pos_att_NED" SID="16400">
    <P Name="Position">[670, 273, 700, 287]</P>
    <P Name="ZOrder">7</P>
    <P Name="Port">3</P>
    <P Name="VectorParamsAs1DForOutWhenUnconnected">off</P>
  </Block>
  <Line>
    <P Name="ZOrder">54</P>
    <P Name="Src">12737#out:1</P>
    <P Name="Dst">12834#in:1</P>
  </Line>
  <Line>
    <P Name="ZOrder">2</P>
    <P Name="Src">12834#out:1</P>
    <P Name="Points">[34, 0]</P>
    <Branch>
      <P Name="ZOrder">483</P>
      <P Name="Points">[0, 225]</P>
      <P Name="Dst">16400#in:1</P>
    </Branch>
    <Branch>
      <P Name="ZOrder">482</P>
      <P Name="Dst">13022#in:1</P>
    </Branch>
  </Line>
  <Line>
    <P Name="ZOrder">465</P>
    <P Name="Src">12834#out:2</P>
    <P Name="Dst">13022#in:2</P>
  </Line>
  <Line>
    <P Name="ZOrder">471</P>
    <P Name="Src">13022#out:1</P>
    <P Name="Dst">16396#in:1</P>
  </Line>
  <Line>
    <P Name="ZOrder">470</P>
    <P Name="Src">16395#out:1</P>
    <P Name="Dst">12737#in:2</P>
  </Line>
  <Line>
    <P Name="ZOrder">469</P>
    <P Name="Src">16394#out:1</P>
    <P Name="Dst">12737#in:1</P>
  </Line>
  <Line>
    <P Name="ZOrder">472</P>
    <P Name="Src">12737#out:2</P>
    <P Name="Dst">16397#in:1</P>
  </Line>
</System>
