<?xml version="1.0" encoding="utf-8"?>
<System>
  <P Name="Location">[-7, -7, 1543, 831]</P>
  <P Name="SystemRect">[0.000000, 0.000000, 0.000000, 0.000000]</P>
  <P Name="SetExecutionDomain">off</P>
  <P Name="ExecutionDomainType">Deduce</P>
  <P Name="ZoomFactor">194</P>
  <P Name="SimulinkSubDomain">Simulink</P>
  <Block BlockType="Inport" Name="Phi_c" SID="12450">
    <P Name="Position">[-40, 428, 20, 442]</P>
    <P Name="ZOrder">777</P>
    <Port>
      <P Name="PortNumber">1</P>
      <P Name="Name">Phi_c</P>
      <P Name="PropagatedSignals">roll</P>
    </Port>
  </Block>
  <Block BlockType="Inport" Name="Theta_c" SID="12451">
    <P Name="Position">[-40, 393, 20, 407]</P>
    <P Name="ZOrder">783</P>
    <P Name="Port">2</P>
    <Port>
      <P Name="PortNumber">1</P>
      <P Name="Name">Theta_c</P>
      <P Name="PropagatedSignals">pitch</P>
    </Port>
  </Block>
  <Block BlockType="Inport" Name="Cde_Lacet" SID="12452">
    <P Name="Position">[85, 633, 145, 647]</P>
    <P Name="ZOrder">784</P>
    <P Name="Port">3</P>
    <Port>
      <P Name="PortNumber">1</P>
      <P Name="Name">Cde_Lacet</P>
      <P Name="PropagatedSignals">yaw_rate</P>
    </Port>
  </Block>
  <Block BlockType="Inport" Name="bebop_sensors" SID="12454">
    <P Name="Position">[-120, 508, -60, 522]</P>
    <P Name="ZOrder">900</P>
    <P Name="Port">4</P>
    <P Name="OutDataTypeStr">Bus: BUS_bebop_sensors</P>
  </Block>
  <Block BlockType="SubSystem" Name="Attitude" SID="14722">
    <P Name="Ports">[3, 2]</P>
    <P Name="Position">[260, 384, 435, 586]</P>
    <P Name="ZOrder">1767</P>
    <P Name="RequestExecContextInheritance">off</P>
    <System Ref="system_14722"/>
  </Block>
  <Block BlockType="BusSelector" Name="Bus&#xA;Selector2" SID="15882">
    <P Name="Ports">[1, 5]</P>
    <P Name="Position">[5, 458, 10, 572]</P>
    <P Name="ZOrder">1775</P>
    <P Name="ShowName">off</P>
    <P Name="OutputSignals">pitch,roll,q,p,r</P>
    <Port>
      <P Name="PortNumber">1</P>
      <P Name="Name">&lt;pitch&gt;</P>
    </Port>
    <Port>
      <P Name="PortNumber">2</P>
      <P Name="Name">&lt;roll&gt;</P>
    </Port>
    <Port>
      <P Name="PortNumber">3</P>
      <P Name="Name">&lt;q&gt;</P>
    </Port>
    <Port>
      <P Name="PortNumber">4</P>
      <P Name="Name">&lt;p&gt;</P>
    </Port>
    <Port>
      <P Name="PortNumber">5</P>
      <P Name="Name">&lt;r&gt;</P>
    </Port>
  </Block>
  <Block BlockType="Gain" Name="Gain" SID="14764">
    <P Name="Position">[480, 421, 535, 449]</P>
    <P Name="ZOrder">1770</P>
    <P Name="Gain">0.001</P>
    <Port>
      <P Name="PortNumber">1</P>
      <P Name="Name">pitch</P>
    </Port>
  </Block>
  <Block BlockType="Gain" Name="Gain1" SID="15006">
    <P Name="Position">[480, 521, 535, 549]</P>
    <P Name="ZOrder">1771</P>
    <P Name="Gain">0.001</P>
    <Port>
      <P Name="PortNumber">1</P>
      <P Name="Name">roll</P>
    </Port>
  </Block>
  <Block BlockType="Gain" Name="Gain2" SID="15135">
    <P Name="Position">[360, 625, 390, 655]</P>
    <P Name="ZOrder">1774</P>
    <Port>
      <P Name="PortNumber">1</P>
      <P Name="Name">yaw</P>
    </Port>
  </Block>
  <Block BlockType="Mux" Name="Mux" SID="14742">
    <P Name="Ports">[2, 1]</P>
    <P Name="Position">[175, 456, 180, 514]</P>
    <P Name="ZOrder">1768</P>
    <P Name="ShowName">off</P>
    <P Name="Inputs">2</P>
    <P Name="DisplayOption">bar</P>
  </Block>
  <Block BlockType="Mux" Name="Mux1" SID="14743">
    <P Name="Ports">[2, 1]</P>
    <P Name="Position">[175, 383, 180, 452]</P>
    <P Name="ZOrder">1769</P>
    <P Name="ShowName">off</P>
    <P Name="Inputs">2</P>
    <P Name="DisplayOption">bar</P>
  </Block>
  <Block BlockType="Mux" Name="Mux3" SID="12490">
    <P Name="Ports">[2, 1]</P>
    <P Name="Position">[175, 521, 180, 579]</P>
    <P Name="ZOrder">1766</P>
    <P Name="ShowName">off</P>
    <P Name="Inputs">2</P>
    <P Name="DisplayOption">bar</P>
  </Block>
  <Block BlockType="Saturate" Name="Saturation" SID="15133">
    <P Name="Position">[195, 625, 225, 655]</P>
    <P Name="ZOrder">1772</P>
    <P Name="UpperLimit">controlGains.psi.ratemax</P>
    <P Name="LowerLimit">-controlGains.psi.ratemax</P>
  </Block>
  <Block BlockType="Sum" Name="Sum" SID="15134">
    <P Name="Ports">[2, 1]</P>
    <P Name="Position">[265, 630, 285, 650]</P>
    <P Name="ZOrder">1773</P>
    <P Name="ShowName">off</P>
    <P Name="Inputs">|+-</P>
    <Port>
      <P Name="PortNumber">1</P>
      <P Name="Name">Cde_R</P>
    </Port>
  </Block>
  <Block BlockType="Outport" Name="Out2" SID="12497">
    <P Name="Position">[590, 527, 625, 543]</P>
    <P Name="ZOrder">785</P>
    <P Name="ShowName">off</P>
    <P Name="IconDisplay">Signal name</P>
    <P Name="VectorParamsAs1DForOutWhenUnconnected">off</P>
  </Block>
  <Block BlockType="Outport" Name="Out1" SID="12496">
    <P Name="Position">[590, 427, 625, 443]</P>
    <P Name="ZOrder">533</P>
    <P Name="ShowName">off</P>
    <P Name="Port">2</P>
    <P Name="IconDisplay">Signal name</P>
    <P Name="VectorParamsAs1DForOutWhenUnconnected">off</P>
  </Block>
  <Block BlockType="Outport" Name="Cde_R" SID="12498">
    <P Name="Position">[585, 633, 635, 647]</P>
    <P Name="ZOrder">786</P>
    <P Name="ShowName">off</P>
    <P Name="Port">3</P>
    <P Name="IconDisplay">Signal name</P>
    <P Name="VectorParamsAs1DForOutWhenUnconnected">off</P>
  </Block>
  <Line>
    <P Name="Name">Cde_R</P>
    <P Name="ZOrder">92</P>
    <P Name="Labels">[1, 0]</P>
    <P Name="Src">15134#out:1</P>
    <P Name="Dst">15135#in:1</P>
  </Line>
  <Line>
    <P Name="Name">&lt;roll&gt;</P>
    <P Name="ZOrder">125</P>
    <P Name="Labels">[0, 0]</P>
    <P Name="Src">15882#out:2</P>
    <P Name="Points">[73, 0; 0, 5]</P>
    <P Name="Dst">14742#in:2</P>
  </Line>
  <Line>
    <P Name="Name">Phi_c</P>
    <P Name="ZOrder">57</P>
    <P Name="Labels">[0, 0]</P>
    <P Name="Src">12450#out:1</P>
    <P Name="Dst">14743#in:2</P>
  </Line>
  <Line>
    <P Name="Name">Theta_c</P>
    <P Name="ZOrder">58</P>
    <P Name="Labels">[0, 0]</P>
    <P Name="Src">12451#out:1</P>
    <P Name="Dst">14743#in:1</P>
  </Line>
  <Line>
    <P Name="Name">Cde_Lacet</P>
    <P Name="ZOrder">89</P>
    <P Name="Labels">[0, 0]</P>
    <P Name="Src">12452#out:1</P>
    <P Name="Dst">15133#in:1</P>
  </Line>
  <Line>
    <P Name="Name">&lt;pitch&gt;</P>
    <P Name="ZOrder">124</P>
    <P Name="Labels">[0, 0]</P>
    <P Name="Src">15882#out:1</P>
    <P Name="Points">[73, 0; 0, -5]</P>
    <P Name="Dst">14742#in:1</P>
  </Line>
  <Line>
    <P Name="ZOrder">65</P>
    <P Name="Src">12490#out:1</P>
    <P Name="Dst">14722#in:3</P>
  </Line>
  <Line>
    <P Name="ZOrder">59</P>
    <P Name="Src">14743#out:1</P>
    <P Name="Dst">14722#in:1</P>
  </Line>
  <Line>
    <P Name="ZOrder">60</P>
    <P Name="Src">14742#out:1</P>
    <P Name="Dst">14722#in:2</P>
  </Line>
  <Line>
    <P Name="ZOrder">63</P>
    <P Name="Src">14722#out:1</P>
    <P Name="Dst">14764#in:1</P>
  </Line>
  <Line>
    <P Name="ZOrder">64</P>
    <P Name="Src">14722#out:2</P>
    <P Name="Dst">15006#in:1</P>
  </Line>
  <Line>
    <P Name="Name">&lt;q&gt;</P>
    <P Name="ZOrder">126</P>
    <P Name="Labels">[0, 0]</P>
    <P Name="Src">15882#out:3</P>
    <P Name="Points">[97, 0; 0, 20]</P>
    <P Name="Dst">12490#in:1</P>
  </Line>
  <Line>
    <P Name="Name">&lt;p&gt;</P>
    <P Name="ZOrder">127</P>
    <P Name="Labels">[0, 0]</P>
    <P Name="Src">15882#out:4</P>
    <P Name="Points">[48, 0; 0, 30]</P>
    <P Name="Dst">12490#in:2</P>
  </Line>
  <Line>
    <P Name="Name">pitch</P>
    <P Name="ZOrder">87</P>
    <P Name="Labels">[1, 1]</P>
    <P Name="Src">14764#out:1</P>
    <P Name="Dst">12496#in:1</P>
  </Line>
  <Line>
    <P Name="Name">roll</P>
    <P Name="ZOrder">88</P>
    <P Name="Labels">[1, 1]</P>
    <P Name="Src">15006#out:1</P>
    <P Name="Dst">12497#in:1</P>
  </Line>
  <Line>
    <P Name="ZOrder">90</P>
    <P Name="Src">15133#out:1</P>
    <P Name="Dst">15134#in:1</P>
  </Line>
  <Line>
    <P Name="Name">yaw</P>
    <P Name="ZOrder">96</P>
    <P Name="Labels">[-1, 0]</P>
    <P Name="Src">15135#out:1</P>
    <P Name="Dst">12498#in:1</P>
  </Line>
  <Line>
    <P Name="ZOrder">123</P>
    <P Name="Src">12454#out:1</P>
    <P Name="Dst">15882#in:1</P>
  </Line>
  <Line>
    <P Name="Name">&lt;r&gt;</P>
    <P Name="ZOrder">129</P>
    <P Name="Labels">[0, 0]</P>
    <P Name="Src">15882#out:5</P>
    <P Name="Points">[22, 0; 0, 134; 238, 0]</P>
    <P Name="Dst">15134#in:2</P>
  </Line>
</System>
