<?xml version="1.0" encoding="utf-8"?>
<System>
  <P Name="Location">[-8, -8, 1928, 1048]</P>
  <P Name="SystemRect">[0.000000, 0.000000, 0.000000, 0.000000]</P>
  <P Name="SetExecutionDomain">off</P>
  <P Name="ExecutionDomainType">Deduce</P>
  <P Name="ZoomFactor">136</P>
  <P Name="SimulinkSubDomain">Simulink</P>
  <Block BlockType="Inport" Name="optitrack" SID="15643">
    <P Name="Position">[910, 263, 940, 277]</P>
    <P Name="ZOrder">100000</P>
  </Block>
  <Block BlockType="Inport" Name="bebpop_sensors " SID="16437">
    <P Name="Position">[910, 358, 940, 372]</P>
    <P Name="ZOrder">100000</P>
    <P Name="Port">2</P>
  </Block>
  <Block BlockType="Inport" Name="bebop_state" SID="15929">
    <P Name="Position">[910, 403, 940, 417]</P>
    <P Name="ZOrder">100000</P>
    <P Name="Port">3</P>
  </Block>
  <Block BlockType="BusCreator" Name="Bus&#xA;Creator" SID="16448">
    <P Name="Ports">[4, 1]</P>
    <P Name="Position">[1845, 150, 1850, 325]</P>
    <P Name="ZOrder">100000</P>
    <P Name="ShowName">off</P>
    <P Name="Inputs">4</P>
    <P Name="DisplayOption">bar</P>
    <P Name="OutDataTypeStr">Bus: BUS_bebop_tgt</P>
    <P Name="InheritFromInputs">on</P>
    <Port>
      <P Name="PortNumber">1</P>
      <P Name="Name">bebop_tgt</P>
    </Port>
  </Block>
  <Block BlockType="BusCreator" Name="Bus&#xA;Creator1" SID="16449">
    <P Name="Ports">[4, 1]</P>
    <P Name="Position">[1470, 420, 1475, 595]</P>
    <P Name="ZOrder">100000</P>
    <P Name="ShowName">off</P>
    <P Name="Inputs">4</P>
    <P Name="DisplayOption">bar</P>
    <P Name="OutDataTypeStr">Bus: BUS_bebop_ctrl</P>
    <P Name="InheritFromInputs">off</P>
    <Port>
      <P Name="PortNumber">1</P>
      <P Name="Name">bebop_ctrl</P>
    </Port>
  </Block>
  <Block BlockType="Constant" Name="Camera horizontal angle" SID="13879">
    <P Name="Position">[1330, 565, 1365, 585]</P>
    <P Name="ZOrder">100000</P>
    <P Name="ForegroundColor">magenta</P>
    <P Name="Value">0</P>
    <P Name="SampleTime">0.02</P>
    <Port>
      <P Name="PortNumber">1</P>
      <P Name="Name">camera horizontal</P>
    </Port>
  </Block>
  <Block BlockType="Constant" Name="Camera vertical angle" SID="13880">
    <P Name="Position">[1330, 520, 1365, 540]</P>
    <P Name="ZOrder">100000</P>
    <P Name="ForegroundColor">magenta</P>
    <P Name="Value">-90</P>
    <P Name="SampleTime">0.02</P>
    <Port>
      <P Name="PortNumber">1</P>
      <P Name="Name">camera vertical</P>
    </Port>
  </Block>
  <Block BlockType="Constant" Name="Constant" SID="15641">
    <P Name="Position">[1205, 230, 1230, 250]</P>
    <P Name="ZOrder">100000</P>
    <P Name="Value">0</P>
    <P Name="SampleTime">0.02</P>
  </Block>
  <Block BlockType="Demux" Name="Demux" SID="16450">
    <P Name="Ports">[1, 3]</P>
    <P Name="Position">[1245, 135, 1250, 225]</P>
    <P Name="ZOrder">100000</P>
    <P Name="ShowName">off</P>
    <P Name="Outputs">3</P>
  </Block>
  <Block BlockType="SubSystem" Name="Frame Change" SID="13719">
    <P Name="Ports">[3, 2]</P>
    <P Name="Position">[1590, 146, 1710, 234]</P>
    <P Name="ZOrder">26946</P>
    <P Name="ForegroundColor">green</P>
    <P Name="RequestExecContextInheritance">off</P>
    <Port>
      <P Name="PortNumber">1</P>
      <P Name="Name">roll</P>
    </Port>
    <Port>
      <P Name="PortNumber">2</P>
      <P Name="Name">pitch</P>
    </Port>
    <System Ref="system_13719"/>
  </Block>
  <Block BlockType="From" Name="From4" SID="15648">
    <P Name="Position">[1450, 211, 1515, 229]</P>
    <P Name="ZOrder">100000</P>
    <P Name="GotoTag">optitrack</P>
  </Block>
  <Block BlockType="From" Name="From6" SID="15651">
    <P Name="Position">[1055, 331, 1145, 349]</P>
    <P Name="ZOrder">100000</P>
    <P Name="GotoTag">Enable_controler</P>
  </Block>
  <Block BlockType="Goto" Name="Goto" SID="16456">
    <P Name="Position">[1065, 227, 1130, 253]</P>
    <P Name="ZOrder">100000</P>
    <P Name="GotoTag">optitrack</P>
  </Block>
  <Block BlockType="Goto" Name="Goto1" SID="16519">
    <P Name="Position">[1185, 486, 1275, 504]</P>
    <P Name="ZOrder">100000</P>
    <P Name="GotoTag">Enable_controler</P>
  </Block>
  <Block BlockType="SubSystem" Name="Position Control" SID="15562">
    <P Name="Ports">[6, 4]</P>
    <P Name="Position">[1290, 135, 1415, 315]</P>
    <P Name="ZOrder">100000</P>
    <P Name="RequestExecContextInheritance">off</P>
    <Port>
      <P Name="PortNumber">3</P>
      <P Name="Name">yaw_rate</P>
    </Port>
    <Port>
      <P Name="PortNumber">4</P>
      <P Name="Name">Vz</P>
      <P Name="PropagatedSignals">Vz</P>
    </Port>
    <System Ref="system_15562"/>
  </Block>
  <Block BlockType="Saturate" Name="Saturation" SID="14936">
    <P Name="Position">[1770, 155, 1800, 185]</P>
    <P Name="ZOrder">100000</P>
    <P Name="UpperLimit">controlGains.pitch.anglemax</P>
    <P Name="LowerLimit">-controlGains.pitch.anglemax</P>
    <Port>
      <P Name="PortNumber">1</P>
      <P Name="Name">roll</P>
    </Port>
  </Block>
  <Block BlockType="Saturate" Name="Saturation1" SID="14937">
    <P Name="Position">[1770, 200, 1800, 230]</P>
    <P Name="ZOrder">100000</P>
    <P Name="UpperLimit">controlGains.roll.anglemax</P>
    <P Name="LowerLimit">-controlGains.roll.anglemax</P>
    <Port>
      <P Name="PortNumber">1</P>
      <P Name="Name">pitch</P>
    </Port>
  </Block>
  <Block BlockType="Saturate" Name="Saturation2" SID="14963">
    <P Name="Position">[1770, 245, 1800, 275]</P>
    <P Name="ZOrder">100000</P>
    <P Name="UpperLimit">controlGains.psi.ratemax</P>
    <P Name="LowerLimit">-controlGains.psi.ratemax</P>
    <Port>
      <P Name="PortNumber">1</P>
      <P Name="Name">yaw_rate</P>
    </Port>
  </Block>
  <Block BlockType="SubSystem" Name="Signal Builder" SID="16541">
    <P Name="Tag">STV Subsys</P>
    <P Name="Ports">[0, 3]</P>
    <P Name="Position">[1190, 400, 1275, 440]</P>
    <P Name="ZOrder">100000</P>
    <P Name="CopyFcn">sigbuilder_block(&apos;copy&apos;);</P>
    <P Name="DeleteFcn">sigbuilder_block(&apos;delete&apos;);</P>
    <P Name="LoadFcn">sigbuilder_block(&apos;load&apos;);</P>
    <P Name="ModelCloseFcn">sigbuilder_block(&apos;modelClose&apos;);</P>
    <P Name="PreSaveFcn">sigbuilder_block(&apos;preSave&apos;);</P>
    <P Name="StartFcn">sigbuilder_block(&apos;start&apos;);</P>
    <P Name="PauseFcn">sigbuilder_block(&apos;pause&apos;);</P>
    <P Name="ContinueFcn">sigbuilder_block(&apos;continue&apos;);</P>
    <P Name="StopFcn">sigbuilder_block(&apos;stop&apos;);</P>
    <P Name="NameChangeFcn">sigbuilder_block(&apos;namechange&apos;);</P>
    <P Name="ClipboardFcn">sigbuilder_block(&apos;clipboard&apos;);</P>
    <P Name="OpenFcn">sigbuilder_block(&apos;open&apos;,[437.6 199.2 550.4 400 ]);</P>
    <P Name="CloseFcn">sigbuilder_block(&apos;close&apos;);</P>
    <P Name="RequestExecContextInheritance">off</P>
    <P Name="MaskHideContents">on</P>
    <P Name="ContentPreviewEnabled">on</P>
    <Mask SelfModifiable="on">
      <Type>Sigbuilder block</Type>
      <Display IconOpaque="transparent" IconRotate="port">plot(0, 0, 100, 100,[2, 2, 32, 32, 2], [68, 8, 8, 68, 68],[32, 2], [38, 38], [32, 19, 2],[53, 60, 44], [32, 17, 17, 2],[16, 16, 31, 31]);txt = getActiveGroup(gcbh);text(2, 100, txt,&apos;verticalAlignment&apos;, &apos;top&apos;);</Display>
      <Description>Simulink:masks:SigbuilderBlock_MD</Description>
      <Initialization>if ~strcmp(get_param(bdroot(gcbh),&apos;SimulationStatus&apos;),&apos;stopped&apos;) tuvar = sigbuilder_block(&apos;maskInit&apos;); end</Initialization>
      <Capabilities>slmaskedcaps(gcbh)</Capabilities>
      <MaskParameter Name="tuvar" Type="edit" Visible="off">
        <Value>[0:10]</Value>
      </MaskParameter>
    </Mask>
    <Port>
      <P Name="PortNumber">1</P>
      <P Name="Name">take_off</P>
    </Port>
    <Port>
      <P Name="PortNumber">2</P>
      <P Name="Name">land</P>
    </Port>
    <System Ref="system_16541"/>
  </Block>
  <Block BlockType="Terminator" Name="Terminator" SID="16439">
    <P Name="Position">[985, 355, 1005, 375]</P>
    <P Name="ZOrder">100000</P>
  </Block>
  <Block BlockType="SubSystem" Name="TrajectoryGeneration" SID="15666">
    <P Name="Ports">[0, 1]</P>
    <P Name="Position">[1010, 159, 1150, 201]</P>
    <P Name="ZOrder">100000</P>
    <P Name="RequestExecContextInheritance">off</P>
    <Port>
      <P Name="PortNumber">1</P>
      <P Name="Name">pos_tgt</P>
    </Port>
    <System Ref="system_15666"/>
  </Block>
  <Block BlockType="Outport" Name="bebop_tgt" SID="11615">
    <P Name="Position">[1885, 233, 1915, 247]</P>
    <P Name="ZOrder">1711</P>
    <P Name="VectorParamsAs1DForOutWhenUnconnected">off</P>
  </Block>
  <Block BlockType="Outport" Name="bebop_ctrl" SID="15180">
    <P Name="Position">[1820, 503, 1850, 517]</P>
    <P Name="ZOrder">100000</P>
    <P Name="Port">2</P>
    <P Name="VectorParamsAs1DForOutWhenUnconnected">off</P>
  </Block>
  <Line>
    <P Name="ZOrder">435</P>
    <P Name="Src">15562#out:1</P>
    <P Name="Dst">13719#in:1</P>
  </Line>
  <Line>
    <P Name="ZOrder">436</P>
    <P Name="Src">15562#out:2</P>
    <P Name="Points">[28, 0; 0, -15]</P>
    <P Name="Dst">13719#in:2</P>
  </Line>
  <Line>
    <P Name="ZOrder">502</P>
    <P Name="Src">16450#out:1</P>
    <P Name="Dst">15562#in:1</P>
  </Line>
  <Line>
    <P Name="ZOrder">503</P>
    <P Name="Src">16450#out:2</P>
    <P Name="Dst">15562#in:2</P>
  </Line>
  <Line>
    <P Name="ZOrder">445</P>
    <P Name="Src">15641#out:1</P>
    <P Name="Dst">15562#in:4</P>
  </Line>
  <Line>
    <P Name="ZOrder">505</P>
    <P Name="Src">16450#out:3</P>
    <P Name="Dst">15562#in:3</P>
  </Line>
  <Line>
    <P Name="ZOrder">457</P>
    <P Name="Src">15648#out:1</P>
    <P Name="Dst">13719#in:3</P>
  </Line>
  <Line>
    <P Name="ZOrder">476</P>
    <P Name="Src">16437#out:1</P>
    <P Name="Dst">16439#in:1</P>
  </Line>
  <Line>
    <P Name="Name">bebop_tgt</P>
    <P Name="ZOrder">487</P>
    <P Name="Labels">[1, 1]</P>
    <P Name="Src">16448#out:1</P>
    <P Name="Dst">11615#in:1</P>
  </Line>
  <Line>
    <P Name="Name">Vz</P>
    <P Name="ZOrder">486</P>
    <P Name="Labels">[-1, 0]</P>
    <P Name="Src">15562#out:4</P>
    <P Name="Points">[178, 0; 0, 10]</P>
    <P Name="Dst">16448#in:4</P>
  </Line>
  <Line>
    <P Name="Name">roll</P>
    <P Name="ZOrder">483</P>
    <P Name="Labels">[1, 1]</P>
    <P Name="Src">13719#out:1</P>
    <P Name="Dst">14936#in:1</P>
  </Line>
  <Line>
    <P Name="Name">yaw_rate</P>
    <P Name="ZOrder">485</P>
    <P Name="Labels">[2, 1]</P>
    <P Name="Src">15562#out:3</P>
    <P Name="Points">[178, 0; 0, 10]</P>
    <P Name="Dst">14963#in:1</P>
  </Line>
  <Line>
    <P Name="Name">pitch</P>
    <P Name="ZOrder">484</P>
    <P Name="Labels">[1, 1]</P>
    <P Name="Src">13719#out:2</P>
    <P Name="Dst">14937#in:1</P>
  </Line>
  <Line>
    <P Name="Name">camera vertical</P>
    <P Name="ZOrder">495</P>
    <P Name="Labels">[1, 1]</P>
    <P Name="Src">13880#out:1</P>
    <P Name="Dst">16449#in:3</P>
  </Line>
  <Line>
    <P Name="Name">camera horizontal</P>
    <P Name="ZOrder">496</P>
    <P Name="Labels">[1, 1]</P>
    <P Name="Src">13879#out:1</P>
    <P Name="Dst">16449#in:4</P>
  </Line>
  <Line>
    <P Name="Name">bebop_ctrl</P>
    <P Name="ZOrder">497</P>
    <P Name="Labels">[1, 1]</P>
    <P Name="Src">16449#out:1</P>
    <P Name="Dst">15180#in:1</P>
  </Line>
  <Line>
    <P Name="Name">pos_tgt</P>
    <P Name="ZOrder">506</P>
    <P Name="Labels">[1, 1]</P>
    <P Name="Src">15666#out:1</P>
    <P Name="Dst">16450#in:1</P>
  </Line>
  <Line>
    <P Name="ZOrder">454</P>
    <P Name="Src">15643#out:1</P>
    <P Name="Points">[74, 0]</P>
    <Branch>
      <P Name="ZOrder">612</P>
      <P Name="Dst">15562#in:5</P>
    </Branch>
    <Branch>
      <P Name="ZOrder">611</P>
      <P Name="Points">[0, -30]</P>
      <P Name="Dst">16456#in:1</P>
    </Branch>
  </Line>
  <Line>
    <P Name="Name">roll</P>
    <P Name="ZOrder">577</P>
    <P Name="Labels">[1, 1]</P>
    <P Name="Src">14936#out:1</P>
    <P Name="Dst">16448#in:1</P>
  </Line>
  <Line>
    <P Name="Name">pitch</P>
    <P Name="ZOrder">578</P>
    <P Name="Labels">[1, 1]</P>
    <P Name="Src">14937#out:1</P>
    <P Name="Dst">16448#in:2</P>
  </Line>
  <Line>
    <P Name="Name">yaw_rate</P>
    <P Name="ZOrder">579</P>
    <P Name="Labels">[1, 1]</P>
    <P Name="Src">14963#out:1</P>
    <P Name="Dst">16448#in:3</P>
  </Line>
  <Line>
    <P Name="ZOrder">613</P>
    <P Name="Src">15651#out:1</P>
    <P Name="Points">[68, 0; 0, -40]</P>
    <P Name="Dst">15562#in:6</P>
  </Line>
  <Line>
    <P Name="ZOrder">626</P>
    <P Name="Src">16541#out:3</P>
    <P Name="Points">[19, 0; 0, -43; -191, 0; 0, 103]</P>
    <P Name="Dst">16519#in:1</P>
  </Line>
  <Line>
    <P Name="Name">land</P>
    <P Name="ZOrder">625</P>
    <P Name="Labels">[3, 1]</P>
    <P Name="Src">16541#out:2</P>
    <P Name="Points">[57, 0; 0, 65]</P>
    <P Name="Dst">16449#in:2</P>
  </Line>
  <Line>
    <P Name="Name">take_off</P>
    <P Name="ZOrder">624</P>
    <P Name="Labels">[1, 1]</P>
    <P Name="Src">16541#out:1</P>
    <P Name="Points">[118, 0; 0, 35]</P>
    <P Name="Dst">16449#in:1</P>
  </Line>
</System>
