<?xml version="1.0" encoding="utf-8"?>
<System>
  <P Name="Location">[-8, -8, 1928, 1048]</P>
  <P Name="SystemRect">[0.000000, 0.000000, 0.000000, 0.000000]</P>
  <P Name="SetExecutionDomain">off</P>
  <P Name="ExecutionDomainType">Deduce</P>
  <P Name="ZoomFactor">145</P>
  <P Name="ReportName">simulink-default.rpt</P>
  <P Name="SIDHighWatermark">16594</P>
  <P Name="SimulinkSubDomain">Simulink</P>
  <Block BlockType="Display" Name=" trame1" SID="13233">
    <P Name="Ports">[1]</P>
    <P Name="Position">[1430, 275, 1485, 295]</P>
    <P Name="ZOrder">3434</P>
    <P Name="BackgroundColor">magenta</P>
    <P Name="ShowName">off</P>
    <P Name="Decimation">1</P>
  </Block>
  <Block BlockType="Display" Name=" trame2" SID="14995">
    <P Name="Ports">[1]</P>
    <P Name="Position">[1430, 215, 1485, 235]</P>
    <P Name="ZOrder">100000</P>
    <P Name="BackgroundColor">magenta</P>
    <P Name="ShowName">off</P>
    <P Name="Decimation">1</P>
  </Block>
  <Block BlockType="Display" Name=" trame3" SID="13235">
    <P Name="Ports">[1]</P>
    <P Name="Position">[1430, 380, 1480, 450]</P>
    <P Name="ZOrder">3438</P>
    <P Name="ForegroundColor">magenta</P>
    <P Name="ShowName">off</P>
    <P Name="Decimation">1</P>
  </Block>
  <Block BlockType="Display" Name=" trame4" SID="15140">
    <P Name="Ports">[1]</P>
    <P Name="Position">[1430, 315, 1485, 335]</P>
    <P Name="ZOrder">100000</P>
    <P Name="BackgroundColor">magenta</P>
    <P Name="ShowName">off</P>
    <P Name="Decimation">1</P>
  </Block>
  <Block BlockType="Display" Name=" trame9" SID="14978">
    <P Name="Ports">[1]</P>
    <P Name="Position">[1430, 250, 1485, 270]</P>
    <P Name="ZOrder">59023</P>
    <P Name="BackgroundColor">magenta</P>
    <P Name="ShowName">off</P>
    <P Name="Decimation">1</P>
  </Block>
  <Block BlockType="SubSystem" Name="BEBOP" SID="16393">
    <P Name="Ports">[2, 3]</P>
    <P Name="Position">[725, 175, 845, 455]</P>
    <P Name="ZOrder">100000</P>
    <P Name="RequestExecContextInheritance">off</P>
    <P Name="ContentPreviewEnabled">on</P>
    <Port>
      <P Name="PortNumber">1</P>
      <P Name="Name">bebop_sensors</P>
    </Port>
    <Port>
      <P Name="PortNumber">2</P>
      <P Name="Name">bebop_state</P>
      <P Name="PropagatedSignals">bebop_state_local</P>
    </Port>
    <System Ref="system_16393"/>
  </Block>
  <Block BlockType="BusSelector" Name="Bus&#xA;Selector" SID="15906">
    <P Name="Ports">[1, 3]</P>
    <P Name="Position">[1325, 368, 1330, 462]</P>
    <P Name="ZOrder">100000</P>
    <P Name="ShowName">off</P>
    <P Name="OutputSignals">x,y,z</P>
    <Port>
      <P Name="PortNumber">1</P>
      <P Name="Name">&lt;x&gt;</P>
    </Port>
    <Port>
      <P Name="PortNumber">2</P>
      <P Name="Name">&lt;y&gt;</P>
    </Port>
    <Port>
      <P Name="PortNumber">3</P>
      <P Name="Name">&lt;z&gt;</P>
    </Port>
  </Block>
  <Block BlockType="BusSelector" Name="Bus&#xA;Selector1" SID="15916">
    <P Name="Ports">[1, 2]</P>
    <P Name="Position">[1370, 265, 1375, 345]</P>
    <P Name="ZOrder">100000</P>
    <P Name="ShowName">off</P>
    <P Name="OutputSignals">battery_soc,yaw</P>
    <Port>
      <P Name="PortNumber">1</P>
      <P Name="Name">&lt;battery_soc&gt;</P>
    </Port>
    <Port>
      <P Name="PortNumber">2</P>
      <P Name="Name">&lt;yaw&gt;</P>
    </Port>
  </Block>
  <Block BlockType="From" Name="From" SID="13239">
    <P Name="Position">[1265, 295, 1355, 315]</P>
    <P Name="ZOrder">3435</P>
    <P Name="ShowName">off</P>
    <P Name="GotoTag">bebop_sensors</P>
  </Block>
  <Block BlockType="From" Name="From1" SID="14994">
    <P Name="Position">[1270, 214, 1365, 236]</P>
    <P Name="ZOrder">100000</P>
    <P Name="ForegroundColor">magenta</P>
    <P Name="GotoTag">offboard_mode</P>
  </Block>
  <Block BlockType="From" Name="From2" SID="15905">
    <P Name="Position">[1210, 403, 1280, 427]</P>
    <P Name="ZOrder">100000</P>
    <P Name="ForegroundColor">green</P>
    <P Name="GotoTag">optitrack</P>
  </Block>
  <Block BlockType="From" Name="From6" SID="14977">
    <P Name="Position">[1270, 249, 1355, 271]</P>
    <P Name="ZOrder">59022</P>
    <P Name="GotoTag">bebop_state</P>
    <P Name="TagVisibility">global</P>
  </Block>
  <Block BlockType="Goto" Name="Goto1" SID="15915">
    <P Name="Position">[740, 584, 830, 606]</P>
    <P Name="ZOrder">100000</P>
    <P Name="GotoTag">offboard_mode</P>
  </Block>
  <Block BlockType="Goto" Name="Goto2" SID="15066">
    <P Name="Position">[960, 302, 1045, 328]</P>
    <P Name="ZOrder">100000</P>
    <P Name="GotoTag">bebop_state</P>
    <P Name="TagVisibility">global</P>
  </Block>
  <Block BlockType="Goto" Name="Goto3" SID="15147">
    <P Name="Position">[930, 574, 1020, 596]</P>
    <P Name="ZOrder">100000</P>
    <P Name="BackgroundColor">cyan</P>
    <P Name="GotoTag">optitrack</P>
  </Block>
  <Block BlockType="Goto" Name="Goto5" SID="15154">
    <P Name="Position">[955, 209, 1045, 231]</P>
    <P Name="ZOrder">100000</P>
    <P Name="GotoTag">bebop_sensors</P>
  </Block>
  <Block BlockType="SubSystem" Name="Guidance &amp; Control&#xA;" SID="11360">
    <P Name="Ports">[3, 2]</P>
    <P Name="Position">[515, 174, 660, 456]</P>
    <P Name="ZOrder">1672</P>
    <P Name="ForegroundColor">yellow</P>
    <P Name="BackgroundColor">orange</P>
    <P Name="FontName">Arial</P>
    <P Name="FontSize">12</P>
    <P Name="RequestExecContextInheritance">off</P>
    <Port>
      <P Name="PortNumber">1</P>
      <P Name="Name">bebop_tgt</P>
      <P Name="PropagatedSignals">bebop_tgt</P>
    </Port>
    <Port>
      <P Name="PortNumber">2</P>
      <P Name="Name">bebop_ctrl</P>
      <P Name="PropagatedSignals">bebop_ctrl</P>
    </Port>
    <System Ref="system_11360"/>
  </Block>
  <Block BlockType="SubSystem" Name="JOYSTICK" SID="16175">
    <P Name="Ports">[0, 1]</P>
    <P Name="Position">[505, 559, 650, 631]</P>
    <P Name="ZOrder">100000</P>
    <P Name="RequestExecContextInheritance">off</P>
    <P Name="Variant">on</P>
    <Port>
      <P Name="PortNumber">1</P>
      <P Name="Name">offboard_mode</P>
    </Port>
    <System Ref="system_16175"/>
  </Block>
  <Block BlockType="SubSystem" Name="Mode Switch" SID="12725">
    <P Name="Ports">[]</P>
    <P Name="Position">[417, 103, 573, 148]</P>
    <P Name="ZOrder">3433</P>
    <P Name="BackgroundColor">green</P>
    <P Name="LoadFcn">sldros_modeswitch(gcbh, false)</P>
    <P Name="OpenFcn">sldros_modeswitch(gcbh, true)</P>
    <P Name="FontSize">14</P>
    <P Name="FontWeight">bold</P>
    <P Name="FontAngle">italic</P>
    <P Name="RequestExecContextInheritance">off</P>
    <Mask>
      <Type>Mode Switch</Type>
      <Display IconUnits="normalized">text(0.5,0.8,&apos;Simulation Mode&apos;, &apos;horizontalAlignment&apos;,&apos;center&apos;);text(0.5,0.5,&apos;_{_{Switch To\newline Experiment Mode}}&apos;, &apos;horizontalAlignment&apos;,&apos;center&apos;,&apos;texmode&apos;,&apos;on&apos;);</Display>
    </Mask>
    <System Ref="system_12725"/>
  </Block>
  <Block BlockType="Mux" Name="Mux" SID="15909">
    <P Name="Ports">[3, 1]</P>
    <P Name="Position">[1385, 368, 1390, 462]</P>
    <P Name="ZOrder">100000</P>
    <P Name="ShowName">off</P>
    <P Name="Inputs">3</P>
    <P Name="DisplayOption">bar</P>
  </Block>
  <Block BlockType="SubSystem" Name="OPTITRACK" SID="15958">
    <P Name="Ports">[1, 1]</P>
    <P Name="Position">[1055, 333, 1160, 487]</P>
    <P Name="ZOrder">100000</P>
    <P Name="RequestExecContextInheritance">off</P>
    <P Name="Variant">on</P>
    <Port>
      <P Name="PortNumber">1</P>
      <P Name="Name">optitrack</P>
    </Port>
    <System Ref="system_15958"/>
  </Block>
  <Block BlockType="SubSystem" Name="Visu 3D" SID="13303">
    <P Name="Ports">[1]</P>
    <P Name="Position">[945, 433, 1040, 467]</P>
    <P Name="ZOrder">-29</P>
    <P Name="RequestExecContextInheritance">off</P>
    <P Name="Variant">on</P>
    <System Ref="system_13303"/>
  </Block>
  <Block BlockType="Scope" Name="Scope" SID="16457">
    <P Name="Ports">[]</P>
    <P Name="Position">[185, 14, 215, 46]</P>
    <P Name="ZOrder">100000</P>
    <P Name="IOType">viewer</P>
    <P Name="ScopeSpecificationString">Simulink.scopes.TimeScopeBlockCfg(&apos;CurrentConfiguration&apos;, extmgr.ConfigurationSet(extmgr.Configuration(&apos;Core&apos;,&apos;General UI&apos;,true),extmgr.Configuration(&apos;Core&apos;,&apos;Source UI&apos;,true),extmgr.Configuration(&apos;Sources&apos;,&apos;WiredSimulink&apos;,true,&apos;DataLoggingVariableName&apos;,&apos;ScopeData1&apos;),extmgr.Configuration(&apos;Visuals&apos;,&apos;Time Domain&apos;,true,&apos;SerializedDisplays&apos;,{struct(&apos;MinYLimReal&apos;,&apos;-0.03279&apos;,&apos;MaxYLimReal&apos;,&apos;0.29509&apos;,&apos;YLabelReal&apos;,&apos;&apos;,&apos;MinYLimMag&apos;,&apos;0.00000&apos;,&apos;MaxYLimMag&apos;,&apos;0.29509&apos;,&apos;LegendVisibility&apos;,&apos;off&apos;,&apos;XGrid&apos;,true,&apos;YGrid&apos;,true,&apos;PlotMagPhase&apos;,false,&apos;AxesColor&apos;,[0 0 0],&apos;AxesTickColor&apos;,[0.686274509803922 0.686274509803922 0.686274509803922],&apos;ColorOrder&apos;,[1 1 0.0666666666666667;0.0745098039215686 0.623529411764706 1;1 0.411764705882353 0.16078431372549;0.392156862745098 0.831372549019608 0.0745098039215686;0.717647058823529 0.274509803921569 1;0.0588235294117647 1 1;1 0.0745098039215686 0.650980392156863],&apos;Title&apos;,&apos;%&lt;SignalLabel&gt;&apos;,&apos;LinePropertiesCache&apos;,{{}},&apos;UserDefinedChannelNames&apos;,{{}},&apos;NumLines&apos;,0,&apos;LineNames&apos;,{{[]}},&apos;ShowContent&apos;,true,&apos;Placement&apos;,1)},&apos;DisplayPropertyDefaults&apos;,struct(&apos;MinYLimReal&apos;,&apos;-0.03279&apos;,&apos;MaxYLimReal&apos;,&apos;0.29509&apos;,&apos;YLabelReal&apos;,&apos;&apos;,&apos;MinYLimMag&apos;,&apos;0.00000&apos;,&apos;MaxYLimMag&apos;,&apos;0.29509&apos;,&apos;LegendVisibility&apos;,&apos;off&apos;,&apos;XGrid&apos;,true,&apos;YGrid&apos;,true,&apos;PlotMagPhase&apos;,false,&apos;AxesColor&apos;,[0 0 0],&apos;AxesTickColor&apos;,[0.686274509803922 0.686274509803922 0.686274509803922],&apos;ColorOrder&apos;,[0.0745098039215686 0.623529411764706 1;1 0.411764705882353 0.16078431372549;1 1 0.0666666666666667;0.717647058823529 0.274509803921569 1;0.392156862745098 0.831372549019608 0.0745098039215686;0.0588235294117647 1 1;1 0.0745098039215686 0.650980392156863])),extmgr.Configuration(&apos;Tools&apos;,&apos;Plot Navigation&apos;,true),extmgr.Configuration(&apos;Tools&apos;,&apos;Measurements&apos;,true,&apos;Version&apos;,&apos;2021a&apos;)),&apos;Version&apos;,&apos;2021a&apos;)</P>
    <P Name="NumInputPorts">1</P>
    <P Name="Floating">off</P>
  </Block>
  <Line>
    <P Name="ZOrder">436</P>
    <P Name="Src">15909#out:1</P>
    <P Name="Dst">13235#in:1</P>
  </Line>
  <Line>
    <P Name="ZOrder">289</P>
    <P Name="Src">14977#out:1</P>
    <P Name="Dst">14978#in:1</P>
  </Line>
  <Line>
    <P Name="ZOrder">295</P>
    <P Name="Src">14994#out:1</P>
    <P Name="Dst">14995#in:1</P>
  </Line>
  <Line>
    <P Name="Name">optitrack</P>
    <P Name="ZOrder">470</P>
    <P Name="Labels">[3, 1]</P>
    <P Name="Src">15958#out:1</P>
    <P Name="Points">[27, 0; 0, 124; -324, 0]</P>
    <Branch>
      <P Name="ZOrder">509</P>
      <P Name="Points">[-459, 0; 0, -314]</P>
      <P Name="Dst">11360#in:1</P>
    </Branch>
    <Branch>
      <P Name="ZOrder">507</P>
      <P Name="Points">[0, 51]</P>
      <P Name="Dst">15147#in:1</P>
    </Branch>
  </Line>
  <Line>
    <P Name="ZOrder">429</P>
    <P Name="Src">15905#out:1</P>
    <P Name="Dst">15906#in:1</P>
  </Line>
  <Line>
    <P Name="Name">&lt;x&gt;</P>
    <P Name="ZOrder">433</P>
    <P Name="Labels">[0, 0]</P>
    <P Name="Src">15906#out:1</P>
    <P Name="Dst">15909#in:1</P>
  </Line>
  <Line>
    <P Name="Name">&lt;y&gt;</P>
    <P Name="ZOrder">434</P>
    <P Name="Labels">[0, 0]</P>
    <P Name="Src">15906#out:2</P>
    <P Name="Dst">15909#in:2</P>
  </Line>
  <Line>
    <P Name="Name">&lt;z&gt;</P>
    <P Name="ZOrder">435</P>
    <P Name="Labels">[0, 0]</P>
    <P Name="Src">15906#out:3</P>
    <P Name="Dst">15909#in:3</P>
  </Line>
  <Line>
    <P Name="ZOrder">447</P>
    <P Name="Src">13239#out:1</P>
    <P Name="Dst">15916#in:1</P>
  </Line>
  <Line>
    <P Name="Name">&lt;battery_soc&gt;</P>
    <P Name="ZOrder">448</P>
    <P Name="Labels">[0, 0]</P>
    <P Name="Src">15916#out:1</P>
    <P Name="Dst">13233#in:1</P>
  </Line>
  <Line>
    <P Name="Name">&lt;yaw&gt;</P>
    <P Name="ZOrder">449</P>
    <P Name="Labels">[0, 0]</P>
    <P Name="Src">15916#out:2</P>
    <P Name="Dst">15140#in:1</P>
  </Line>
  <Line>
    <P Name="Name">offboard_mode</P>
    <P Name="ZOrder">471</P>
    <P Name="Labels">[1, 1]</P>
    <P Name="Src">16175#out:1</P>
    <P Name="Dst">15915#in:1</P>
  </Line>
  <Line>
    <P Name="Name">bebop_state</P>
    <P Name="ZOrder">477</P>
    <P Name="Src">16393#out:2</P>
    <P Name="Points">[18, 0]</P>
    <Branch>
      <P Name="ZOrder">506</P>
      <P Name="Labels">[1, 1]</P>
      <P Name="Dst">15066#in:1</P>
    </Branch>
    <Branch>
      <P Name="ZOrder">487</P>
      <P Name="Points">[0, 182; -377, 0; 0, -87]</P>
      <P Name="Dst">11360#in:3</P>
    </Branch>
  </Line>
  <Line>
    <P Name="Name">bebop_tgt</P>
    <P Name="ZOrder">474</P>
    <P Name="Labels">[1, 1]</P>
    <P Name="Src">11360#out:1</P>
    <P Name="Dst">16393#in:1</P>
  </Line>
  <Line>
    <P Name="Name">bebop_ctrl</P>
    <P Name="ZOrder">475</P>
    <P Name="Labels">[1, 1]</P>
    <P Name="Src">11360#out:2</P>
    <P Name="Dst">16393#in:2</P>
  </Line>
  <Line>
    <P Name="Name">bebop_sensors</P>
    <P Name="ZOrder">476</P>
    <P Name="Labels">[1, 1]</P>
    <P Name="Src">16393#out:1</P>
    <P Name="Points">[54, 0]</P>
    <Branch>
      <P Name="ZOrder">530</P>
      <P Name="Dst">15154#in:1</P>
    </Branch>
    <Branch>
      <P Name="ZOrder">511</P>
      <P Name="Points">[0, 289; -461, 0; 0, -194]</P>
      <P Name="Dst">11360#in:2</P>
    </Branch>
  </Line>
  <Line>
    <P Name="ZOrder">479</P>
    <P Name="Src">16393#out:3</P>
    <P Name="Points">[69, 0]</P>
    <Branch>
      <P Name="ZOrder">505</P>
      <P Name="Points">[0, 40]</P>
      <P Name="Dst">13303#in:1</P>
    </Branch>
    <Branch>
      <P Name="ZOrder">499</P>
      <P Name="Dst">15958#in:1</P>
    </Branch>
  </Line>
  <Annotation SID="13705">
    <P Name="Name">SiMoDrones 2 : Models of ISAE drones</P>
    <P Name="Position">[650, 111, 985, 141]</P>
    <P Name="InternalMargins">[0, 0, 0, 0]</P>
    <P Name="FixedHeight">on</P>
    <P Name="FixedWidth">on</P>
    <P Name="HorizontalAlignment">left</P>
    <P Name="VerticalAlignment">top</P>
    <P Name="ForegroundColor">[0.901961, 0.901961, 1.000000]</P>
    <P Name="BackgroundColor">[0.901961, 0.901961, 1.000000]</P>
    <P Name="DropShadow">on</P>
    <P Name="AnnotationType">area_annotation</P>
    <P Name="ZOrder">2305</P>
    <P Name="FontName">Arial</P>
    <P Name="FontSize">18</P>
  </Annotation>
  <Annotation SID="13698">
    <P Name="Name">Bebop feedback Area</P>
    <P Name="Position">[1220, 195, 1520, 530]</P>
    <P Name="InternalMargins">[0, 0, 0, 0]</P>
    <P Name="FixedHeight">on</P>
    <P Name="FixedWidth">on</P>
    <P Name="HorizontalAlignment">left</P>
    <P Name="VerticalAlignment">top</P>
    <P Name="ForegroundColor">[0.901961, 0.901961, 1.000000]</P>
    <P Name="BackgroundColor">[0.901961, 0.901961, 1.000000]</P>
    <P Name="DropShadow">on</P>
    <P Name="AnnotationType">area_annotation</P>
    <P Name="ZOrder">2306</P>
    <P Name="FontName">Arial</P>
    <P Name="FontSize">12</P>
  </Annotation>
</System>
