<?xml version="1.0" encoding="utf-8"?>
<System>
  <P Name="Location">[480, 85, 980, 386]</P>
  <P Name="SystemRect">[0.000000, 0.000000, 0.000000, 0.000000]</P>
  <P Name="SetExecutionDomain">off</P>
  <P Name="ExecutionDomainType">Deduce</P>
  <P Name="PaperType">usletter</P>
  <P Name="PaperUnits">inches</P>
  <P Name="TiledPaperMargins">[0.500000, 0.500000, 0.500000, 0.500000]</P>
  <P Name="SIDHighWatermark">5</P>
  <P Name="SimulinkSubDomain">Simulink</P>
  <Block BlockType="Demux" Name="Demux" SID="16541:1">
    <P Name="Tag">STV Demux</P>
    <P Name="Ports">[1, 3]</P>
    <P Name="Position">[150, 34, 160, 606]</P>
    <P Name="ZOrder">-1</P>
    <P Name="Outputs">3</P>
    <P Name="DisplayOption">none</P>
  </Block>
  <Block BlockType="FromWorkspace" Name="FromWs" SID="16541:2">
    <P Name="Tag">STV FromWs</P>
    <P Name="Position">[30, 300, 115, 350]</P>
    <P Name="ZOrder">-2</P>
    <P Name="VariableName">tuvar</P>
    <P Name="SampleTime">0.02</P>
    <P Name="SigBuilderData" Ref="bdmxdata:SigBuilderData_16541_2"/>
    <P Name="VnvData" Ref="bdmxdata:VnvData_16541_2"/>
  </Block>
  <Block BlockType="Outport" Name="take off" SID="16541:3">
    <P Name="Tag">STV Outport</P>
    <P Name="Position">[280, 30, 300, 40]</P>
    <P Name="ZOrder">-3</P>
  </Block>
  <Block BlockType="Outport" Name="land" SID="16541:4">
    <P Name="Tag">STV Outport</P>
    <P Name="Position">[320, 30, 340, 40]</P>
    <P Name="ZOrder">1</P>
    <P Name="Port">2</P>
  </Block>
  <Block BlockType="Outport" Name="enable" SID="16541:5">
    <P Name="Tag">STV Outport</P>
    <P Name="Position">[320, 30, 340, 40]</P>
    <P Name="ZOrder">2</P>
    <P Name="Port">3</P>
  </Block>
  <Line>
    <P Name="ZOrder">1</P>
    <P Name="Src">16541:1#out:1</P>
    <P Name="Points">[35, 0; 0, -95]</P>
    <P Name="Dst">16541:3#in:1</P>
  </Line>
  <Line>
    <P Name="ZOrder">2</P>
    <P Name="Src">16541:2#out:1</P>
    <P Name="Points">[8, 0; 0, -5]</P>
    <P Name="Dst">16541:1#in:1</P>
  </Line>
  <Line>
    <P Name="ZOrder">3</P>
    <P Name="Src">16541:1#out:2</P>
    <P Name="Points">[69, 0; 0, -287; 39, 0; 0, 2]</P>
    <P Name="Dst">16541:4#in:1</P>
  </Line>
  <Line>
    <P Name="ZOrder">4</P>
    <P Name="Src">16541:1#out:3</P>
    <P Name="Dst">16541:5#in:1</P>
  </Line>
</System>
