<?xml version="1.0" encoding="utf-8"?>
<GraphicalInterface>
  <P Name="NumRootInports">0</P>
  <P Name="NumRootOutports">0</P>
  <P Name="ParameterArgumentNames"/>
  <P Name="NumModelReferences">0</P>
  <P Name="NumTestPointedSignals">9</P>
  <TestPointedSignal>
    <P Name="SignalName">bebop_sensors</P>
    <P Name="FullBlockPath">$bdroot/BEBOP</P>
    <P Name="LogSignal">1</P>
    <P Name="MaxPoints">5000</P>
    <P Name="Decimation">2</P>
  </TestPointedSignal>
  <TestPointedSignal>
    <P Name="SignalName">bebop_state</P>
    <P Name="FullBlockPath">$bdroot/BEBOP</P>
    <P Name="PortIndex">2</P>
    <P Name="LogSignal">1</P>
    <P Name="MaxPoints">5000</P>
    <P Name="Decimation">2</P>
  </TestPointedSignal>
  <TestPointedSignal>
    <P Name="SignalName">bebop_tgt</P>
    <P Name="FullBlockPath">$bdroot/Guidance &amp; Control </P>
    <P Name="LogSignal">1</P>
    <P Name="MaxPoints">5000</P>
    <P Name="Decimation">2</P>
  </TestPointedSignal>
  <TestPointedSignal>
    <P Name="SignalName">bebop_ctrl</P>
    <P Name="FullBlockPath">$bdroot/Guidance &amp; Control </P>
    <P Name="PortIndex">2</P>
    <P Name="LogSignal">1</P>
    <P Name="MaxPoints">5000</P>
    <P Name="Decimation">2</P>
  </TestPointedSignal>
  <TestPointedSignal>
    <P Name="SignalName">offboard_mode</P>
    <P Name="FullBlockPath">$bdroot/JOYSTICK</P>
    <P Name="LogSignal">1</P>
    <P Name="MaxPoints">5000</P>
    <P Name="Decimation">2</P>
  </TestPointedSignal>
  <TestPointedSignal>
    <P Name="SignalName">optitrack</P>
    <P Name="FullBlockPath">$bdroot/OPTITRACK</P>
    <P Name="LogSignal">1</P>
    <P Name="MaxPoints">5000</P>
    <P Name="Decimation">2</P>
  </TestPointedSignal>
  <TestPointedSignal>
    <P Name="SignalName">bebop_state_local</P>
    <P Name="FullBlockPath">$bdroot/BEBOP/Bebop Control/Inner Loop (Parrot)/Bebop onboard control/Chart</P>
    <P Name="LogSignal">1</P>
    <P Name="MaxPoints">5000</P>
    <P Name="Decimation">2</P>
  </TestPointedSignal>
  <TestPointedSignal>
    <P Name="SignalName">bebop_sensors_local</P>
    <P Name="FullBlockPath">$bdroot/BEBOP/Measurement block /Measure /bebop/Zero-Order Hold2</P>
    <P Name="LogSignal">1</P>
    <P Name="MaxPoints">5000</P>
    <P Name="Decimation">2</P>
  </TestPointedSignal>
  <TestPointedSignal>
    <P Name="SignalName">pos_tgt</P>
    <P Name="FullBlockPath">$bdroot/Guidance &amp; Control /TrajectoryGeneration</P>
    <P Name="LogSignal">1</P>
    <P Name="MaxPoints">5000</P>
    <P Name="Decimation">2</P>
  </TestPointedSignal>
  <P Name="NumProvidedFunctions">0</P>
  <P Name="NumRequiredFunctions">0</P>
  <P Name="NumResetEvents">0</P>
  <P Name="HasInitializeEvent">0</P>
  <P Name="HasTerminateEvent">0</P>
  <P Name="PreCompExecutionDomainType">Unset</P>
  <P Name="IsExportFunctionModel">0</P>
  <P Name="SimulinkSubDomainType">Simulink</P>
  <P Name="NumParameterArguments">0</P>
  <P Name="NumExternalFileReferences">42</P>
  <ExternalFileReference>
    <P Name="Reference">aerolibanimutils/Simulation Pace</P>
    <P Name="Path">$bdroot/BEBOP/Bebop Control/Udp send/Simulation Pace</P>
    <P Name="SID">11332</P>
    <P Name="Type">LIBRARY_BLOCK</P>
  </ExternalFileReference>
  <ExternalFileReference>
    <P Name="Reference">robotlib/Subscribe</P>
    <P Name="Path">$bdroot/BEBOP/Bebop Control/Udp send/Subscribe5</P>
    <P Name="SID">14953</P>
    <P Name="Type">LIBRARY_BLOCK</P>
  </ExternalFileReference>
  <ExternalFileReference>
    <P Name="Reference">robotlib/Blank Message</P>
    <P Name="Path">$bdroot/BEBOP/Bebop Control/Udp send/Topics/Blank Message</P>
    <P Name="SID">13875</P>
    <P Name="Type">LIBRARY_BLOCK</P>
  </ExternalFileReference>
  <ExternalFileReference>
    <P Name="Reference">robotlib/Blank Message</P>
    <P Name="Path">$bdroot/BEBOP/Bebop Control/Udp send/Topics/Blank Message1</P>
    <P Name="SID">13876</P>
    <P Name="Type">LIBRARY_BLOCK</P>
  </ExternalFileReference>
  <ExternalFileReference>
    <P Name="Reference">robotlib/Blank Message</P>
    <P Name="Path">$bdroot/BEBOP/Bebop Control/Udp send/Topics/Land topic/Blank Message</P>
    <P Name="SID">13885</P>
    <P Name="Type">LIBRARY_BLOCK</P>
  </ExternalFileReference>
  <ExternalFileReference>
    <P Name="Reference">robotlib/Publish</P>
    <P Name="Path">$bdroot/BEBOP/Bebop Control/Udp send/Topics/Land topic/Publish</P>
    <P Name="SID">13886</P>
    <P Name="Type">LIBRARY_BLOCK</P>
  </ExternalFileReference>
  <ExternalFileReference>
    <P Name="Reference">robotlib/Publish</P>
    <P Name="Path">$bdroot/BEBOP/Bebop Control/Udp send/Topics/Publish1</P>
    <P Name="SID">13887</P>
    <P Name="Type">LIBRARY_BLOCK</P>
  </ExternalFileReference>
  <ExternalFileReference>
    <P Name="Reference">robotlib/Publish</P>
    <P Name="Path">$bdroot/BEBOP/Bebop Control/Udp send/Topics/Publish2</P>
    <P Name="SID">13888</P>
    <P Name="Type">LIBRARY_BLOCK</P>
  </ExternalFileReference>
  <ExternalFileReference>
    <P Name="Reference">robotlib/Blank Message</P>
    <P Name="Path">$bdroot/BEBOP/Bebop Control/Udp send/Topics/takeoff topic/Blank Message</P>
    <P Name="SID">13891</P>
    <P Name="Type">LIBRARY_BLOCK</P>
  </ExternalFileReference>
  <ExternalFileReference>
    <P Name="Reference">robotlib/Publish</P>
    <P Name="Path">$bdroot/BEBOP/Bebop Control/Udp send/Topics/takeoff topic/Publish1</P>
    <P Name="SID">13892</P>
    <P Name="Type">LIBRARY_BLOCK</P>
  </ExternalFileReference>
  <ExternalFileReference>
    <P Name="Reference">simulink/Sources/Band-Limited
White Noise</P>
    <P Name="Path">$bdroot/BEBOP/Measurement block /Measure /bebop/Band-Limited White Noise</P>
    <P Name="SID">12614</P>
    <P Name="Type">LIBRARY_BLOCK</P>
  </ExternalFileReference>
  <ExternalFileReference>
    <P Name="Reference">simulink/Sources/Band-Limited
White Noise</P>
    <P Name="Path">$bdroot/BEBOP/Measurement block /Measure /bebop/Band-Limited White Noise2</P>
    <P Name="SID">12615</P>
    <P Name="Type">LIBRARY_BLOCK</P>
  </ExternalFileReference>
  <ExternalFileReference>
    <P Name="Reference">robotlib/Subscribe</P>
    <P Name="Path">$bdroot/BEBOP/Measurement block /ROS link + Measure/UDP link/Subscribe</P>
    <P Name="SID">15796</P>
    <P Name="Type">LIBRARY_BLOCK</P>
  </ExternalFileReference>
  <ExternalFileReference>
    <P Name="Reference">robotlib/Subscribe</P>
    <P Name="Path">$bdroot/BEBOP/Measurement block /ROS link + Measure/UDP link/Subscribe1</P>
    <P Name="SID">15797</P>
    <P Name="Type">LIBRARY_BLOCK</P>
  </ExternalFileReference>
  <ExternalFileReference>
    <P Name="Reference">robotlib/Subscribe</P>
    <P Name="Path">$bdroot/BEBOP/Measurement block /ROS link + Measure/UDP link/Subscribe2</P>
    <P Name="SID">15798</P>
    <P Name="Type">LIBRARY_BLOCK</P>
  </ExternalFileReference>
  <ExternalFileReference>
    <P Name="Reference">robotlib/Subscribe</P>
    <P Name="Path">$bdroot/BEBOP/Measurement block /ROS link + Measure/UDP link/Subscribe3</P>
    <P Name="SID">15799</P>
    <P Name="Type">LIBRARY_BLOCK</P>
  </ExternalFileReference>
  <ExternalFileReference>
    <P Name="Reference">lib_isae_drones/Bebop drive</P>
    <P Name="Path">$bdroot/BEBOP/Model/Model/Acutators1/Motor1/Bebop drive</P>
    <P Name="SID">14565</P>
    <P Name="Type">LIBRARY_BLOCK</P>
  </ExternalFileReference>
  <ExternalFileReference>
    <P Name="Reference">lib_isae_drones/Bebop drive</P>
    <P Name="Path">$bdroot/BEBOP/Model/Model/Acutators1/Motor2/Bebop drive</P>
    <P Name="SID">14617</P>
    <P Name="Type">LIBRARY_BLOCK</P>
  </ExternalFileReference>
  <ExternalFileReference>
    <P Name="Reference">lib_isae_drones/Bebop drive</P>
    <P Name="Path">$bdroot/BEBOP/Model/Model/Acutators1/Motor3/Bebop drive</P>
    <P Name="SID">14621</P>
    <P Name="Type">LIBRARY_BLOCK</P>
  </ExternalFileReference>
  <ExternalFileReference>
    <P Name="Reference">lib_isae_drones/Bebop drive</P>
    <P Name="Path">$bdroot/BEBOP/Model/Model/Acutators1/Motor4/Bebop drive</P>
    <P Name="SID">14612</P>
    <P Name="Type">LIBRARY_BLOCK</P>
  </ExternalFileReference>
  <ExternalFileReference>
    <P Name="Reference">aerolibobsolete/6DoF (Euler Angles)</P>
    <P Name="Path">$bdroot/BEBOP/Model/Model/Fixed Mass 6DoF (Euler Angles)</P>
    <P Name="SID">10967</P>
    <P Name="Type">LIBRARY_BLOCK</P>
  </ExternalFileReference>
  <ExternalFileReference>
    <P Name="Reference">drones/Quad rotor model sol</P>
    <P Name="Path">$bdroot/BEBOP/Model/Model/Quad rotor model sol</P>
    <P Name="SID">14554</P>
    <P Name="Type">LIBRARY_BLOCK</P>
  </ExternalFileReference>
  <ExternalFileReference>
    <P Name="Reference">simulink/Logic and Bit
Operations/Compare
To Constant</P>
    <P Name="Path">$bdroot/BEBOP/Model/Model/Vitesse&amp;Position_Saturation/Compare To Constant</P>
    <P Name="SID">13804</P>
    <P Name="Type">LIBRARY_BLOCK</P>
  </ExternalFileReference>
  <ExternalFileReference>
    <P Name="Reference">simulink/Logic and Bit
Operations/Compare
To Zero</P>
    <P Name="Path">$bdroot/BEBOP/Model/Model/Vitesse&amp;Position_Saturation/Compare To Zero</P>
    <P Name="SID">10981</P>
    <P Name="Type">LIBRARY_BLOCK</P>
  </ExternalFileReference>
  <ExternalFileReference>
    <P Name="Reference">simulink/Logic and Bit
Operations/Compare
To Zero</P>
    <P Name="Path">$bdroot/BEBOP/Model/Model/Vitesse&amp;Position_Saturation/Compare To Zero1</P>
    <P Name="SID">10982</P>
    <P Name="Type">LIBRARY_BLOCK</P>
  </ExternalFileReference>
  <ExternalFileReference>
    <P Name="Reference">pid_lib/PID Controller</P>
    <P Name="Path">$bdroot/Guidance &amp; Control /Position Control/Control x /PID Controller</P>
    <P Name="SID">16575</P>
    <P Name="Type">LIBRARY_BLOCK</P>
  </ExternalFileReference>
  <ExternalFileReference>
    <P Name="Reference">pid_lib/PID Controller</P>
    <P Name="Path">$bdroot/Guidance &amp; Control /Position Control/Control x /PID Controller1</P>
    <P Name="SID">16589</P>
    <P Name="Type">LIBRARY_BLOCK</P>
  </ExternalFileReference>
  <ExternalFileReference>
    <P Name="Reference">pid_lib/PID Controller</P>
    <P Name="Path">$bdroot/Guidance &amp; Control /Position Control/Control z/PID Controller</P>
    <P Name="SID">16571</P>
    <P Name="Type">LIBRARY_BLOCK</P>
  </ExternalFileReference>
  <ExternalFileReference>
    <P Name="Reference">pid_lib/PID Controller</P>
    <P Name="Path">$bdroot/Guidance &amp; Control /Position Control/Control z/PID Controller1</P>
    <P Name="SID">16572</P>
    <P Name="Type">LIBRARY_BLOCK</P>
  </ExternalFileReference>
  <ExternalFileReference>
    <P Name="Reference">robotlib/Subscribe</P>
    <P Name="Path">$bdroot/JOYSTICK/ROS link + Measure/UDP link/Subscribe7</P>
    <P Name="SID">16354</P>
    <P Name="Type">LIBRARY_BLOCK</P>
  </ExternalFileReference>
  <ExternalFileReference>
    <P Name="Reference">simulink/Sources/Band-Limited
White Noise</P>
    <P Name="Path">$bdroot/OPTITRACK/Measure /optitrack_/Band-Limited White Noise1</P>
    <P Name="SID">16070</P>
    <P Name="Type">LIBRARY_BLOCK</P>
  </ExternalFileReference>
  <ExternalFileReference>
    <P Name="Reference">simulink/Sources/Band-Limited
White Noise</P>
    <P Name="Path">$bdroot/OPTITRACK/Measure /optitrack_/Band-Limited White Noise3</P>
    <P Name="SID">16071</P>
    <P Name="Type">LIBRARY_BLOCK</P>
  </ExternalFileReference>
  <ExternalFileReference>
    <P Name="Reference">simulink/Sources/Band-Limited
White Noise</P>
    <P Name="Path">$bdroot/OPTITRACK/Measure /optitrack_/Band-Limited White Noise5</P>
    <P Name="SID">16072</P>
    <P Name="Type">LIBRARY_BLOCK</P>
  </ExternalFileReference>
  <ExternalFileReference>
    <P Name="Reference">sharedtransform/Quaternions to Rotation Angles</P>
    <P Name="Path">$bdroot/OPTITRACK/ROS link + Measure/UDP link/optitrack_pos_vel_uav/Quaternions to Rotation Angles</P>
    <P Name="SID">16162</P>
    <P Name="Type">LIBRARY_BLOCK</P>
  </ExternalFileReference>
  <ExternalFileReference>
    <P Name="Reference">robotlib/Subscribe</P>
    <P Name="Path">$bdroot/OPTITRACK/ROS link + Measure/UDP link/optitrack_pos_vel_uav/Subscribe2</P>
    <P Name="SID">16163</P>
    <P Name="Type">LIBRARY_BLOCK</P>
  </ExternalFileReference>
  <ExternalFileReference>
    <P Name="Reference">sharedtransform/Rotation Angles to
Direction Cosine Matrix</P>
    <P Name="Path">$bdroot/Visu 3D/Simulink 3D/Coordinate Transformations/Rotation Angles to Direction Cosine Matrix1</P>
    <P Name="SID">5461</P>
    <P Name="Type">LIBRARY_BLOCK</P>
  </ExternalFileReference>
  <ExternalFileReference>
    <P Name="Reference">vrlib/Utilities/Rotation Matrix
to VR Rotation</P>
    <P Name="Path">$bdroot/Visu 3D/Simulink 3D/Coordinate Transformations/Rotation Matrix to VRML Rotation</P>
    <P Name="SID">5462</P>
    <P Name="Type">LIBRARY_BLOCK</P>
  </ExternalFileReference>
  <ExternalFileReference>
    <P Name="Reference">vrlib/VR Signal Expander</P>
    <P Name="Path">$bdroot/Visu 3D/Simulink 3D/Coordinate Transformations/VR Signal Expander</P>
    <P Name="SID">5463</P>
    <P Name="Type">LIBRARY_BLOCK</P>
  </ExternalFileReference>
  <ExternalFileReference>
    <P Name="Reference">vrlib/VR Signal Expander</P>
    <P Name="Path">$bdroot/Visu 3D/Simulink 3D/Coordinate Transformations/VR Signal Expander1</P>
    <P Name="SID">5464</P>
    <P Name="Type">LIBRARY_BLOCK</P>
  </ExternalFileReference>
  <ExternalFileReference>
    <P Name="Reference">vrlib/VR Signal Expander</P>
    <P Name="Path">$bdroot/Visu 3D/Simulink 3D/Coordinate Transformations/VR Signal Expander2</P>
    <P Name="SID">5465</P>
    <P Name="Type">LIBRARY_BLOCK</P>
  </ExternalFileReference>
  <ExternalFileReference>
    <P Name="Reference">aerolibanimutils/Simulation Pace</P>
    <P Name="Path">$bdroot/Visu 3D/Simulink 3D/Simulation Pace</P>
    <P Name="SID">15206</P>
    <P Name="Type">LIBRARY_BLOCK</P>
  </ExternalFileReference>
  <ExternalFileReference>
    <P Name="Reference">vrlib/VR Sink</P>
    <P Name="Path">$bdroot/Visu 3D/Simulink 3D/VR Sink</P>
    <P Name="SID">5502</P>
    <P Name="Type">LIBRARY_BLOCK</P>
  </ExternalFileReference>
  <P Name="OrderedModelArguments">1</P>
</GraphicalInterface>
