<?xml version="1.0" encoding="UTF-8"?>
<sltp_editor version="1.1" packageUris="http://schema.mathworks.com/mf0/DiagramEditor/R2019a_20181107 http://schema.mathworks.com/mf0/SltpSyntax/R2020b_202007092240">
  <diagram.editor.model.Diagram type="diagram.editor.model.Diagram" uuid="76e1b6bd-d19a-4135-bcc6-419b2256c04a">
    <entities type="diagram.editor.model.Entity" uuid="497efcad-6c33-41b9-8bc7-816662da6cef">
      <position>0,0</position>
      <size>0,0,100,100</size>
      <syntaxElement type="sltp.mm.syntax.Node" uuid="a2723b23-8454-4b9c-acdb-4323c93e4369"/>
      <title>Cont</title>
      <type>base</type>
      <subDiagram type="diagram.editor.model.Diagram" uuid="b18a1666-7873-4b0b-a058-c57195b10bab">
        <position>0,0</position>
        <size>0,0,0,0</size>
        <syntaxElement type="sltp.mm.syntax.Graph" uuid="6fd88afb-25d6-42d5-a7aa-f7a0de2fcc93"/>
        <title>Cont</title>
        <type>graph.Graph</type>
      </subDiagram>
    </entities>
    <position>0,0</position>
    <size>0,0,0,0</size>
    <syntaxElement type="sltp.mm.syntax.Graph" uuid="9072d663-a237-4e32-9a8a-260a83bd4936"/>
    <title>Default</title>
    <type>graph.Graph</type>
  </diagram.editor.model.Diagram>
  <sltp.mm.syntax.Context type="sltp.mm.syntax.Context" uuid="956c758f-ed51-460b-acb8-aef6f8e7caba">
    <rootGraph type="sltp.mm.syntax.Graph" uuid="9072d663-a237-4e32-9a8a-260a83bd4936">
      <children type="sltp.mm.syntax.Node" uuid="a2723b23-8454-4b9c-acdb-4323c93e4369">
        <priority>40</priority>
        <rates type="sltp.mm.syntax.RateData">
          <color>#000000</color>
          <hasBlocks>true</hasBlocks>
          <rate>0</rate>
          <title>Cont</title>
        </rates>
        <rates type="sltp.mm.syntax.RateData">
          <color>#e60000</color>
          <hasBlocks>true</hasBlocks>
          <rate>0.005</rate>
          <title>D1</title>
        </rates>
        <rates type="sltp.mm.syntax.RateData">
          <color>#00d100</color>
          <hasBlocks>true</hasBlocks>
          <rate>0.02</rate>
          <title>D2</title>
        </rates>
        <rates type="sltp.mm.syntax.RateData">
          <color>#0000cc</color>
          <hasBlocks>true</hasBlocks>
          <rate>0.1</rate>
          <title>D3</title>
        </rates>
        <rates type="sltp.mm.syntax.RateData">
          <color>#61bdfc</color>
          <hasBlocks>true</hasBlocks>
          <rate>0.2</rate>
          <title>D4</title>
        </rates>
        <title>Cont</title>
        <type>base</type>
        <diagramElement type="diagram.editor.model.Entity" uuid="497efcad-6c33-41b9-8bc7-816662da6cef"/>
        <subgraph type="sltp.mm.syntax.Graph" uuid="6fd88afb-25d6-42d5-a7aa-f7a0de2fcc93">
          <title>Cont</title>
          <diagramElement type="diagram.editor.model.Diagram" uuid="b18a1666-7873-4b0b-a058-c57195b10bab"/>
        </subgraph>
      </children>
      <title>Default</title>
      <diagramElement type="diagram.editor.model.Diagram" uuid="76e1b6bd-d19a-4135-bcc6-419b2256c04a"/>
    </rootGraph>
  </sltp.mm.syntax.Context>
</sltp_editor>