<?xml version="1.0" encoding="UTF-8"?>
<sltp_graph version="1.1" packageUris="http://schema.mathworks.com/mf0/sltp_mm/R2021a_202009111111">
  <sltp.mm.core.Context type="sltp.mm.core.Context" uuid="df7b028d-f241-4114-bf70-deaba42581ed">
    <priorityDirection>HighNumberLast</priorityDirection>
    <editorState type="sltp.mm.core.EditorState" uuid="9dd1cfcc-5b04-4461-9cdf-df4c243d93a2">
      <isSynchronized>true</isSynchronized>
      <panelState type="sltp.mm.core.EditorPanelState" uuid="3c2b2866-7181-4150-87f8-521655b05853"/>
    </editorState>
    <rootTask type="sltp.mm.core.Task" uuid="df2de9c6-8df7-4c3a-aeff-0ee8081166d6">
      <context type="sltp.mm.core.Context" uuid="df7b028d-f241-4114-bf70-deaba42581ed"/>
      <explicit>false</explicit>
      <name>Default</name>
      <priority>-2147483648</priority>
      <subgraph type="sltp.mm.core.Graph" uuid="d1da34dc-9a0b-4eff-bfdf-349b94072bfa">
        <tasks type="sltp.mm.core.Task" uuid="ba73c041-22bb-42b1-aa6a-37275514bab1">
          <baseTask>true</baseTask>
          <context type="sltp.mm.core.Context" uuid="df7b028d-f241-4114-bf70-deaba42581ed"/>
          <explicit>false</explicit>
          <id>1</id>
          <isTimed>true</isTimed>
          <name>Cont</name>
          <priority>40</priority>
          <rates type="sltp.mm.core.Rate" uuid="e41b7c87-e1b2-47da-9842-0a5841fa1d2a">
            <annotation>Cont</annotation>
            <color>255</color>
            <hasBlocks>true</hasBlocks>
            <rateSpec type="sltp.mm.core.RateSpec">
              <period>0.0</period>
            </rateSpec>
            <sti>0</sti>
          </rates>
          <rates type="sltp.mm.core.Rate" uuid="80368da9-e046-43d2-b06f-122244a65dc3">
            <annotation>D1</annotation>
            <color>-436207361</color>
            <hasBlocks>true</hasBlocks>
            <rateSpec type="sltp.mm.core.RateSpec">
              <period>.005</period>
            </rateSpec>
            <sti>1</sti>
          </rates>
          <rates type="sltp.mm.core.Rate" uuid="475271c6-cb16-4d21-b483-d181ee6e5bf3">
            <annotation>D2</annotation>
            <color>13697279</color>
            <hasBlocks>true</hasBlocks>
            <rateSpec type="sltp.mm.core.RateSpec">
              <period>.02</period>
            </rateSpec>
            <sti>2</sti>
          </rates>
          <rates type="sltp.mm.core.Rate" uuid="62b4fd97-363a-44c1-95c8-5c1107d1ece7">
            <annotation>D3</annotation>
            <color>52479</color>
            <hasBlocks>true</hasBlocks>
            <rateSpec type="sltp.mm.core.RateSpec">
              <period>.1</period>
            </rateSpec>
            <sti>3</sti>
          </rates>
          <rates type="sltp.mm.core.Rate" uuid="f32537fe-9f73-4c6b-b0a8-4cefb323eb71">
            <annotation>D4</annotation>
            <color>1639841023</color>
            <hasBlocks>true</hasBlocks>
            <rateSpec type="sltp.mm.core.RateSpec">
              <period>.2</period>
            </rateSpec>
            <sti>4</sti>
          </rates>
        </tasks>
      </subgraph>
    </rootTask>
  </sltp.mm.core.Context>
</sltp_graph>