<?xml version="1.0" encoding="UTF-8"?>
<configurationDescriptor version="100">
  <logicalFolder name="root" displayName="root" projectFiles="true" kind="ROOT">
    <logicalFolder name="f1" displayName="Documentation" projectFiles="true">
      <itemPath>docs/xenomai-native-api.pdf</itemPath>
    </logicalFolder>
    <logicalFolder name="SourceFiles"
                   displayName="Source Files"
                   projectFiles="true">
      <itemPath>PeriodicTasks.c</itemPath>
    </logicalFolder>
    <logicalFolder name="ExternalFiles"
                   displayName="Important Files"
                   projectFiles="false"
                   kind="IMPORTANT_FILES_FOLDER">
      <itemPath>Makefile</itemPath>
    </logicalFolder>
  </logicalFolder>
  <projectmakefile>Makefile</projectmakefile>
  <confs>
    <conf name="Debug" type="1" platformSpecific="true">
      <toolsSet>
        <compilerSet>GNU|GNU</compilerSet>
        <platform>2</platform>
        <dependencyChecking>true</dependencyChecking>
        <rebuildPropChanged>true</rebuildPropChanged>
        <prependToolCollectionPath>false</prependToolCollectionPath>
      </toolsSet>
      <compileType>
        <cTool>
          <incDir>
            <pElem>/usr/xenomai/include</pElem>
          </incDir>
          <preprocessorList>
            <Elem>_GNU_SOURCE</Elem>
            <Elem>_REENTRANT</Elem>
            <Elem>__XENO__</Elem>
          </preprocessorList>
          <warningLevel>2</warningLevel>
        </cTool>
        <ccTool>
          <warningLevel>2</warningLevel>
        </ccTool>
        <linkerTool>
          <linkerAddLib>
            <pElem>/usr/xenomai/lib</pElem>
          </linkerAddLib>
          <linkerDynSerch>
            <pElem>.</pElem>
            <pElem>/usr/xenomai/lib</pElem>
          </linkerDynSerch>
          <commandlineTool>gcc</commandlineTool>
          <linkerLibItems>
            <linkerLibStdlibItem>Mathematics</linkerLibStdlibItem>
            <linkerLibStdlibItem>PosixThreads</linkerLibStdlibItem>
            <linkerLibLibItem>native</linkerLibLibItem>
            <linkerLibLibItem>rtdk</linkerLibLibItem>
          </linkerLibItems>
        </linkerTool>
      </compileType>
      <item path="PeriodicTasks.c" ex="false" tool="0" flavor2="0">
      </item>
      <item path="docs/xenomai-native-api.pdf" ex="false" tool="3" flavor2="0">
      </item>
    </conf>
  </confs>
</configurationDescriptor>
